RA,ano_nascimento,idade_atual,genero,faixa_etaria,ano_ingresso,status,instituicao_ensino,fase_2022,fase_2023,fase_2024,pedra_2022,pedra_2023,pedra_2024,inde_2022,inde_2023,inde_2024,inde_media,classificacao_geral_2022,classificacao_geral_2023,classificacao_geral_2024,classificacao_geral_media,autoavaliacao_2022,autoavaliacao_2023,autoavaliacao_2024,autoavaliacao_media,engajamento_2022,engajamento_2023,engajamento_2024,engajamento_media,psicossocial_2022,psicossocial_2023,psicossocial_2024,psicossocial_media,aprendizagem_2022,aprendizagem_2023,aprendizagem_2024,aprendizagem_media,matematica_2022,matematica_2023,matematica_2024,matematica_media,portugues_2022,portugues_2023,portugues_2024,portugues_media,ingles_2022,ingles_2023,ingles_2024,ingles_media,adequacao_nivel_2022,adequacao_nivel_2023,adequacao_nivel_2024,adequacao_nivel_media,fase_ideal_2022,fase_ideal_2023,fase_ideal_2024
RA-1,2003,22,Feminino,18+ anos,2021,Veterano,Escola Pública | Privada *Parcerias com Bolsa 100%,7.0,8.0,8.0,Quartzo,,,5.783,,,5.783,753.0,,,753.0,8.3,,,8.3,4.1,,0.0,0.0,5.6,,,5.6,4.0,,,4.0,2.7,,,2.7,3.5,,,3.5,6.0,,,6.0,5.0,10.0,10.0,8.333333333333334,Fase 8 (Universitários),Fase 8 (Universitários),Fase 8 (Universitários)
RA-2,2005,20,Feminino,18+ anos,2021,Veterano,Rede Decisão | Privada *Parcerias com Bolsa 100%,7.0,8.0,8.0,Ametista,,,7.055,,,7.055,469.0,,,469.0,8.8,,,8.8,5.2,,0.0,0.0,6.3,,,6.3,6.8,,,6.8,6.3,,,6.3,4.5,,,4.5,9.7,,,9.7,10.0,10.0,10.0,10.0,Fase 7 (3º EM),Fase 8 (Universitários),Fase 8 (Universitários)
RA-3,2005,20,Feminino,18+ anos,2016,Veterano,Rede Decisão,7.0,,,Ágata,,,6.591,,,6.591,629.0,,,629.0,0.0,,,0.0,7.9,,,7.9,5.6,,,5.6,5.6,,,5.6,5.8,,,5.8,4.0,,,4.0,6.9,,,6.9,10.0,,,10.0,Fase 7 (3º EM),,
RA-4,2005,20,Menino,18+ anos,2017,Veterano,Rede Decisão,7.0,,,Quartzo,,,5.951,,,5.951,731.0,,,731.0,8.8,,,8.8,4.5,,,4.5,5.6,,,5.6,5.0,,,5.0,2.8,,,2.8,3.5,,,3.5,8.7,,,8.7,10.0,,,10.0,Fase 7 (3º EM),,
RA-5,2005,20,Feminino,18+ anos,2016,Veterano,Rede Decisão | Privada *Parcerias com Bolsa 100%,7.0,8.0,,Ametista,,,7.427,,,7.427,344.0,,,344.0,7.9,,,7.9,8.6,,,8.6,5.6,,,5.6,5.2,,,5.2,7.0,,,7.0,2.9,,,2.9,5.7,,,5.7,10.0,10.0,,10.0,Fase 7 (3º EM),Fase 8 (Universitários),
RA-6,2004,21,Feminino,18+ anos,2021,Veterano,Escola Pública | Privada - Pagamento por *Empresa Parceira | Privada *Parcerias com Bolsa 100%,7.0,8.0,8.0,Quartzo,,,5.848,,,5.848,745.0,,,745.0,7.9,,,7.9,4.5,,0.0,0.0,7.5,,,7.5,3.3,,,3.3,2.3,,,2.3,5.3,,,5.3,2.3,,,2.3,5.0,10.0,10.0,8.333333333333334,Fase 8 (Universitários),Fase 8 (Universitários),Fase 8 (Universitários)
RA-7,2004,21,Masculino,18+ anos,2021,Veterano,Rede Decisão | Privada *Parcerias com Bolsa 100%,7.0,8.0,8.0,Ágata,,,6.818,,,6.818,550.0,,,550.0,0.0,,,0.0,8.4,,0.0,0.0,7.5,,,7.5,7.6,,,7.6,8.2,,,8.2,5.7,,,5.7,9.0,,,9.0,5.0,10.0,10.0,8.333333333333334,Fase 8 (Universitários),Fase 8 (Universitários),Fase 8 (Universitários)
RA-8,2002,23,Feminino,18+ anos,2018,Veterano,Escola Pública,7.0,,,Quartzo,,,4.786,,,4.786,836.0,,,836.0,7.1,,,7.1,4.6,,,4.6,6.3,,,6.3,1.6,,,1.6,1.2,,,1.2,0.7,,,0.7,2.9,,,2.9,5.0,,,5.0,Fase 8 (Universitários),,
RA-9,2004,21,Feminino,18+ anos,2019,Veterano,Escola Pública,7.0,,,Topázio,,,8.109,,,8.109,113.0,,,113.0,8.8,,,8.8,9.5,,,9.5,7.5,,,7.5,6.7,,,6.7,5.5,,,5.5,6.0,,,6.0,8.7,,,8.7,5.0,,,5.0,Fase 8 (Universitários),,
RA-10,2004,21,Feminino,18+ anos,2021,Veterano,Escola Pública,7.0,,,Quartzo,,,5.784,,,5.784,752.0,,,752.0,8.3,,,8.3,5.2,,,5.2,5.0,,,5.0,4.1,,,4.1,3.3,,,3.3,2.6,,,2.6,6.4,,,6.4,5.0,,,5.0,Fase 8 (Universitários),,
RA-11,2004,21,Feminino,18+ anos,2016,Veterano,Escola Pública,7.0,,,Quartzo,,,5.323,,,5.323,799.0,,,799.0,9.2,,,9.2,4.2,,,4.2,5.0,,,5.0,3.0,,,3.0,1.8,,,1.8,2.5,,,2.5,4.5,,,4.5,5.0,,,5.0,Fase 8 (Universitários),,
RA-12,2005,20,Feminino,18+ anos,2021,Veterano,Escola Pública | Privada *Parcerias com Bolsa 100%,7.0,8.0,8.0,Quartzo,,,4.832,,,4.832,834.0,,,834.0,0.0,,,0.0,4.0,,0.0,0.0,6.9,,,6.9,1.5,,,1.5,2.7,,,2.7,1.1,,,1.1,0.7,,,0.7,10.0,10.0,10.0,10.0,Fase 7 (3º EM),Fase 8 (Universitários),Fase 8 (Universitários)
RA-13,2004,21,Masculino,18+ anos,2021,Veterano,Escola Pública | Privada *Parcerias com Bolsa 100%,7.0,8.0,8.0,Ágata,,,6.902,,,6.902,524.0,,,524.0,7.9,,,7.9,7.4,,0.0,0.0,7.5,,,7.5,4.7,,,4.7,3.5,,,3.5,5.5,,,5.5,5.2,,,5.2,5.0,10.0,10.0,8.333333333333334,Fase 8 (Universitários),Fase 8 (Universitários),Fase 8 (Universitários)
RA-14,2001,24,Masculino,18+ anos,2022,Veterano,Escola Pública | Privada *Parcerias com Bolsa 100%,7.0,8.0,8.0,Ágata,,,6.793,,,6.793,558.0,,,558.0,7.9,,,7.9,8.3,,0.0,0.0,7.5,,,7.5,4.0,,,4.0,8.0,,,8.0,0.0,,,0.0,,,,,5.0,10.0,10.0,8.333333333333334,Fase 8 (Universitários),Fase 8 (Universitários),Fase 8 (Universitários)
RA-15,2004,21,Menino,18+ anos,2022,Veterano,Escola Pública,7.0,,,Ametista,,,7.783,,,7.783,207.0,,,207.0,8.8,,,8.8,10.0,,,10.0,7.5,,,7.5,7.3,,,7.3,8.0,,,8.0,6.5,,,6.5,,,,,5.0,,,5.0,Fase 8 (Universitários),,
RA-16,2003,22,Menino,18+ anos,2022,Veterano,Escola Pública,7.0,,,Ágata,,,6.112,,,6.112,706.0,,,706.0,7.9,,,7.9,8.3,,,8.3,5.0,,,5.0,3.5,,,3.5,7.0,,,7.0,0.0,,,0.0,,,,,5.0,,,5.0,Fase 8 (Universitários),,
RA-17,2002,23,Masculino,18+ anos,2022,Veterano,Escola Pública | Privada - Pagamento por *Empresa Parceira,7.0,8.0,8.0,Topázio,,,8.068,,,8.068,125.0,,,125.0,8.8,,,8.8,10.0,,0.0,0.0,7.5,,,7.5,7.8,,,7.8,9.0,,,9.0,6.5,,,6.5,,,,,5.0,10.0,10.0,8.333333333333334,Fase 8 (Universitários),Fase 8 (Universitários),Fase 8 (Universitários)
RA-18,2003,22,Menino,18+ anos,2022,Veterano,Escola Pública,7.0,,,Ametista,,,7.226,,,7.226,418.0,,,418.0,6.3,,,6.3,8.7,,,8.7,6.3,,,6.3,9.0,,,9.0,9.0,,,9.0,9.0,,,9.0,,,,,5.0,,,5.0,Fase 8 (Universitários),,
RA-19,2003,22,Feminino,18+ anos,2022,Veterano,Escola Pública | Nenhuma das opções acima | Privada *Parcerias com Bolsa 100%,7.0,7.0,8.0,Ametista,Ametista,,7.665,7.710866667,,7.710866667,248.0,,,248.0,7.9,7.9,,7.9,9.5,9.4,0.0,6.3,7.5,5.63,,5.63,8.0,7.8,,7.8,7.0,7.7,,7.7,9.0,7.0,,7.0,,8.8,,8.8,5.0,5.0,10.0,6.666666666666667,Fase 8 (Universitários),Fase 8 (Universitários),Fase 8 (Universitários)
RA-20,2003,22,Feminino,18+ anos,2022,Veterano,Escola Pública,7.0,,,Ametista,,,7.535,,,7.535,296.0,,,296.0,7.1,,,7.1,10.0,,,10.0,6.3,,,6.3,7.8,,,7.8,9.0,,,9.0,6.5,,,6.5,,,,,5.0,,,5.0,Fase 8 (Universitários),,
RA-21,2004,21,Masculino,18+ anos,2022,Veterano,Escola Pública | Privada *Parcerias com Bolsa 100% | Privada - Pagamento por *Empresa Parceira,7.0,8.0,8.0,Ágata,,,6.945,,,6.945,508.0,,,508.0,9.6,,,9.6,9.2,,0.0,0.0,7.5,,,7.5,3.8,,,3.8,7.0,,,7.0,0.5,,,0.5,,,,,5.0,10.0,10.0,8.333333333333334,Fase 8 (Universitários),Fase 8 (Universitários),Fase 8 (Universitários)
RA-22,2005,20,Feminino,18+ anos,2019,Veterano,Rede Decisão,6.0,,,Ametista,,,7.474,,,7.474,327.0,,,327.0,8.3,,,8.3,7.4,,,7.4,8.1,,,8.1,6.7,,,6.7,9.0,,,9.0,3.1,,,3.1,7.8,,,7.8,5.0,,,5.0,Fase 7 (3º EM),,
RA-23,2005,20,Masculino,18+ anos,2021,Veterano,Escola Pública | Privada *Parcerias com Bolsa 100%,6.0,8.0,8.0,Ametista,,,7.677,,,7.677,243.0,,,243.0,8.3,,,8.3,8.2,,0.0,0.0,8.1,,,8.1,6.7,,,6.7,7.2,,,7.2,4.7,,,4.7,8.2,,,8.2,5.0,10.0,10.0,8.333333333333334,Fase 7 (3º EM),Fase 7 (3° EM),Fase 8 (Universitários)
RA-24,2005,20,Feminino,18+ anos,2021,Veterano,Rede Decisão,6.0,,,Topázio,,,8.087,,,8.087,119.0,,,119.0,9.2,,,9.2,7.9,,,7.9,6.9,,,6.9,8.6,,,8.6,10.0,,,10.0,6.3,,,6.3,9.7,,,9.7,5.0,,,5.0,Fase 7 (3º EM),,
RA-25,2005,20,Feminino,18+ anos,2021,Veterano,Escola Pública | Privada *Parcerias com Bolsa 100%,6.0,8.0,8.0,Ametista,,,7.979,,,7.979,147.0,,,147.0,8.3,,,8.3,8.3,,0.0,0.0,8.8,,,8.8,6.9,,,6.9,9.2,,,9.2,3.8,,,3.8,7.7,,,7.7,5.0,10.0,10.0,8.333333333333334,Fase 7 (3º EM),Fase 8 (Universitários),Fase 8 (Universitários)
RA-26,2005,20,Masculino,18+ anos,2022,Veterano,Escola Pública | Privada *Parcerias com Bolsa 100%,6.0,7.0,8.0,Topázio,,,8.677,,,8.677,17.0,,,17.0,9.6,0.0,,0.0,8.8,,0.0,0.0,10.0,7.52,,7.52,8.0,,,8.0,9.5,,,9.5,4.4,,,4.4,10.0,,,10.0,5.0,5.0,10.0,6.666666666666667,Fase 7 (3º EM),Fase 8 (Universitários),Fase 8 (Universitários)
RA-27,2006,19,Masculino,18+ anos,2021,Veterano,Rede Decisão | Privada - Programa de Apadrinhamento | Privada *Parcerias com Bolsa 100%,6.0,7.0,8.0,Ametista,Ametista,,7.124,7.921266667,,7.921266667,449.0,,,449.0,0.0,6.7,,6.7,7.6,7.7,0.0,5.1000000000000005,8.1,6.89,,6.89,8.0,6.9,,6.9,7.7,7.0,,7.0,6.3,5.8,,5.8,10.0,8.0,,8.0,5.0,10.0,10.0,8.333333333333334,Fase 7 (3º EM),Fase 7 (3° EM),Fase 8 (Universitários)
RA-28,2005,20,Feminino,18+ anos,2019,Veterano,Escola Pública,6.0,,,Ágata,,,6.242,,,6.242,698.0,,,698.0,7.9,,,7.9,6.1,,,6.1,7.5,,,7.5,5.0,,,5.0,8.2,,,8.2,1.5,,,1.5,5.3,,,5.3,5.0,,,5.0,Fase 7 (3º EM),,
RA-29,2005,20,Masculino,18+ anos,2022,Veterano,Escola Pública | Privada *Parcerias com Bolsa 100% | Privada - Pagamento por *Empresa Parceira,6.0,8.0,8.0,Quartzo,,,4.985,,,4.985,821.0,,,821.0,0.0,,,0.0,4.0,,0.0,0.0,8.8,,,8.8,3.7,,,3.7,6.3,,,6.3,1.1,,,1.1,3.8,,,3.8,5.0,10.0,10.0,8.333333333333334,Fase 7 (3º EM),Fase 8 (Universitários),Fase 8 (Universitários)
RA-30,2006,19,Feminino,18+ anos,2021,Veterano,Escola Pública,6.0,,,Ametista,,,7.605,,,7.605,270.0,,,270.0,8.8,,,8.8,6.4,,,6.4,7.5,,,7.5,7.5,,,7.5,8.5,,,8.5,4.4,,,4.4,9.7,,,9.7,10.0,,,10.0,Fase 6 (2º EM),,
RA-31,2005,20,Feminino,18+ anos,2021,Veterano,Rede Decisão | Privada *Parcerias com Bolsa 100%,6.0,8.0,8.0,Topázio,,,8.843,,,8.843,9.0,,,9.0,10.0,,,10.0,9.5,,0.0,0.0,9.4,,,9.4,8.0,,,8.0,9.0,,,9.0,5.7,,,5.7,9.3,,,9.3,5.0,10.0,10.0,8.333333333333334,Fase 7 (3º EM),Fase 8 (Universitários),Fase 8 (Universitários)
RA-32,2006,19,Feminino,18+ anos,2018,Veterano,Rede Decisão | Privada - Programa de Apadrinhamento,6.0,7.0,,Ametista,Agata,,7.37,6.716666667,,6.716666667,370.0,,,370.0,8.8,0.0,,0.0,5.2,8.2,,8.2,8.8,3.77,,3.77,6.1,7.9,,7.9,5.7,9.0,,9.0,3.6,5.8,,5.8,8.9,9.0,,9.0,10.0,10.0,,10.0,Fase 6 (2º EM),Fase 7 (3° EM),
RA-33,2005,20,Feminino,18+ anos,2020,Veterano,Escola Pública,6.0,,,Quartzo,,,4.952,,,4.952,824.0,,,824.0,0.0,,,0.0,4.6,,,4.6,7.5,,,7.5,4.8,,,4.8,9.0,,,9.0,1.6,,,1.6,3.7,,,3.7,5.0,,,5.0,Fase 7 (3º EM),,
RA-34,2005,20,Masculino,18+ anos,2016,Veterano,Rede Decisão | Privada *Parcerias com Bolsa 100%,6.0,8.0,,Ágata,,,6.259,,,6.259,692.0,,,692.0,9.6,,,9.6,4.8,,,4.8,8.1,,,8.1,3.8,,,3.8,4.7,,,4.7,4.0,,,4.0,2.8,,,2.8,5.0,10.0,,10.0,Fase 7 (3º EM),Fase 8 (Universitários),
RA-35,2005,20,Feminino,18+ anos,2021,Veterano,Rede Decisão | Privada *Parcerias com Bolsa 100%,6.0,8.0,8.0,Topázio,,,8.965,,,8.965,5.0,,,5.0,10.0,,,10.0,9.6,,0.0,0.0,9.4,,,9.4,8.5,,,8.5,9.0,,,9.0,7.1,,,7.1,9.3,,,9.3,5.0,10.0,10.0,8.333333333333334,Fase 7 (3º EM),Fase 8 (Universitários),Fase 8 (Universitários)
RA-36,2005,20,Feminino,18+ anos,2021,Veterano,Rede Decisão | Privada *Parcerias com Bolsa 100%,6.0,8.0,8.0,Ametista,,,7.876,,,7.876,177.0,,,177.0,9.2,,,9.2,9.0,,0.0,0.0,6.9,,,6.9,6.8,,,6.8,8.5,,,8.5,4.3,,,4.3,7.8,,,7.8,5.0,10.0,10.0,8.333333333333334,Fase 7 (3º EM),Fase 8 (Universitários),Fase 8 (Universitários)
RA-37,2005,20,Feminino,18+ anos,2019,Veterano,Rede Decisão,6.0,,,Quartzo,,,4.95,,,4.95,825.0,,,825.0,0.0,,,0.0,5.4,,,5.4,5.0,,,5.0,5.9,,,5.9,2.3,,,2.3,5.3,,,5.3,10.0,,,10.0,5.0,,,5.0,Fase 7 (3º EM),,
RA-38,2005,20,Feminino,18+ anos,2021,Veterano,Rede Decisão | Privada - Programa de Apadrinhamento,6.0,7.0,8.0,Topázio,Topázio,,8.523,8.835333333,,8.835333333,31.0,,,31.0,9.2,9.6,,9.6,8.9,9.7,0.0,6.2,7.5,7.52,,7.52,8.6,7.7,,7.7,9.0,8.2,,8.2,7.0,8.8,,8.8,9.7,6.0,,6.0,5.0,10.0,10.0,8.333333333333334,Fase 7 (3º EM),Fase 7 (3° EM),Fase 8 (Universitários)
RA-39,2006,19,Feminino,18+ anos,2021,Veterano,Rede Decisão | Privada - Programa de Apadrinhamento | Privada *Parcerias com Bolsa 100%,6.0,7.0,8.0,Ágata,Topázio,,6.033,8.710333333,,8.710333333,722.0,,,722.0,0.0,9.6,,9.6,4.8,9.1,0.0,4.633333333333333,6.9,7.52,,7.52,6.9,7.8,,7.8,7.7,8.3,,8.3,5.1,7.8,,7.8,7.8,7.2,,7.2,10.0,10.0,10.0,10.0,Fase 6 (2º EM),Fase 7 (3° EM),Fase 8 (Universitários)
RA-40,2006,19,Feminino,18+ anos,2021,Veterano,Rede Decisão | Privada - Programa de Apadrinhamento,5.0,6.0,7.0,Ametista,Ametista,Ametista,7.203,7.169975,7.098051462066667,7.1570088206888895,429.0,,,429.0,7.9,7.5,7.083,7.4943333333333335,7.8,8.2,7.211257310000001,7.73708577,7.5,7.52,8.13,7.716666666666666,6.8,5.9,5.333333333333333,6.01111111111111,4.7,6.2,3.5,4.8,7.3,5.7,6.0,6.333333333333333,8.4,5.8,6.5,6.8999999999999995,5.0,5.0,10.0,6.666666666666667,Fase 6 (2º EM),Fase 7 (3° EM),Fase 7 (3° EM)
RA-41,2005,20,Menino,18+ anos,2018,Veterano,Escola Pública,5.0,,,Quartzo,,,5.581,,,5.581,777.0,,,777.0,9.2,,,9.2,6.1,,,6.1,5.0,,,5.0,5.6,,,5.6,6.3,,,6.3,2.5,,,2.5,8.0,,,8.0,5.0,,,5.0,Fase 7 (3º EM),,
RA-42,2007,18,Masculino,18+ anos,2021,Veterano,Rede Decisão | Privada - Programa de Apadrinhamento | Pública,5.0,5.0,6.0,Ágata,Agata,Ametista,6.72,6.794516667,7.656628769866667,7.057048478955555,582.0,,,582.0,8.3,8.8,9.168,8.756,7.9,8.6,9.682539682666667,8.727513227555555,5.6,5.63,5.635,5.621666666666667,4.8,5.7,8.166666666666666,6.222222222222221,3.7,6.3,9.0,6.333333333333333,4.5,4.2,7.5,5.3999999999999995,6.2,6.7,8.0,6.966666666666666,10.0,5.0,5.0,6.666666666666667,Fase 5 (1º EM),Fase 6 (2° EM),Fase 7 (3° EM)
RA-43,2006,19,Feminino,18+ anos,2019,Veterano,Escola Pública | Pública,5.0,6.0,,Quartzo,Agata,,5.486,6.4622,,6.4622,791.0,,,791.0,6.3,7.9,,7.9,6.5,6.7,,6.7,5.6,5.63,,5.63,4.3,5.0,,5.0,4.0,4.0,,4.0,5.8,5.0,,5.0,3.2,6.0,,6.0,5.0,5.0,,5.0,Fase 6 (2º EM),Fase 7 (3° EM),
RA-44,2005,20,Feminino,18+ anos,2021,Veterano,Escola Pública | Pública,5.0,6.0,,Quartzo,Agata,,5.542,6.258333333,,6.258333333,785.0,,,785.0,5.0,0.0,,0.0,5.9,8.5,,8.5,7.5,5.01,,5.01,3.0,6.9,,6.9,2.3,7.3,,7.3,3.5,5.8,,5.8,3.2,7.5,,7.5,5.0,5.0,,5.0,Fase 7 (3º EM),Fase 8 (Universitários),
RA-45,2007,18,Feminino,18+ anos,2021,Veterano,Rede Decisão | Privada - Programa de Apadrinhamento,5.0,6.0,7.0,Ametista,Topázio,Topázio,7.591,8.303591667,8.743476190400001,8.212689285800002,277.0,,,277.0,7.9,7.1,7.5,7.5,8.9,9.6,9.619047619,9.373015873,5.6,6.26,9.38,7.080000000000001,6.8,7.9,8.0,7.566666666666666,6.3,7.8,7.5,7.2,5.2,6.3,7.0,6.166666666666667,8.8,9.7,9.5,9.333333333333334,10.0,10.0,10.0,10.0,Fase 5 (1º EM),Fase 6 (2° EM),Fase 7 (3° EM)
RA-46,2005,20,Feminino,18+ anos,2022,Veterano,Escola Pública | Pública,5.0,5.0,,Ágata,Quartzo,,6.048,5.545383333,,5.545383333,719.0,,,719.0,8.8,7.1,,7.1,8.4,7.4,,7.4,6.3,2.52,,2.52,2.1,4.4,,4.4,2.8,2.8,,2.8,2.8,3.0,,3.0,0.7,7.3,,7.3,5.0,2.5,,2.5,Fase 7 (3º EM),Fase 8 (Universitários),
RA-47,2005,20,Feminino,18+ anos,2022,Veterano,Escola Pública,5.0,,,Quartzo,,,5.677,,,5.677,762.0,,,762.0,7.9,,,7.9,6.3,,,6.3,7.5,,,7.5,2.1,,,2.1,2.5,,,2.5,2.2,,,2.2,1.5,,,1.5,5.0,,,5.0,Fase 7 (3º EM),,
RA-48,2007,18,Feminino,18+ anos,2021,Veterano,Rede Decisão | Privada - Programa de Apadrinhamento,5.0,6.0,7.0,Ametista,Ametista,Topázio,8.006,7.797058333,8.402390371800001,8.0684829016,140.0,,,140.0,6.7,6.7,7.917,7.105666666666667,8.4,8.4,8.339076859,8.379692286333333,7.5,6.26,9.375,7.711666666666666,8.1,7.7,7.5,7.766666666666667,6.7,8.3,6.5,7.166666666666667,8.0,5.7,6.0,6.566666666666666,9.5,9.0,10.0,9.5,10.0,10.0,10.0,10.0,Fase 5 (1º EM),Fase 6 (2° EM),Fase 7 (3° EM)
RA-49,2005,20,Feminino,18+ anos,2022,Veterano,Escola Pública | Privada *Parcerias com Bolsa 100% | Privada - Pagamento por *Empresa Parceira,5.0,8.0,8.0,Ágata,,,6.304,,,6.304,687.0,,,687.0,7.5,,,7.5,7.4,,0.0,0.0,7.5,,,7.5,3.9,,,3.9,1.5,,,1.5,4.2,,,4.2,6.2,,,6.2,5.0,10.0,10.0,8.333333333333334,Fase 7 (3º EM),Fase 8 (Universitários),Fase 8 (Universitários)
RA-50,2004,21,Feminino,18+ anos,2022,Veterano,Escola Pública,5.0,,,Ametista,,,7.138,,,7.138,445.0,,,445.0,7.5,,,7.5,8.4,,,8.4,7.5,,,7.5,7.8,,,7.8,6.5,,,6.5,7.3,,,7.3,9.7,,,9.7,2.5,,,2.5,Fase 8 (Universitários),,
RA-51,2005,20,Feminino,18+ anos,2022,Veterano,Escola Pública,5.0,,,Ágata,,,6.488,,,6.488,645.0,,,645.0,8.8,,,8.8,7.6,,,7.6,7.5,,,7.5,5.0,,,5.0,4.5,,,4.5,4.5,,,4.5,6.0,,,6.0,5.0,,,5.0,Fase 7 (3º EM),,
RA-52,2009,16,Masculino,16-17 anos,2021,Veterano,Rede Decisão | Privada - Programa de Apadrinhamento | Privada *Parcerias com Bolsa 100%,5.0,5.0,7.0,Ametista,Ametista,Topázio,7.861,7.9642,8.144466666733333,7.989888888911111,183.0,,,183.0,9.6,10.0,8.751,9.450333333333333,8.9,9.8,9.437666667,9.379222222333334,7.5,2.52,6.885,5.635000000000001,6.2,6.4,7.216666666666666,6.605555555555555,3.3,7.7,6.8,5.933333333333334,6.3,4.8,8.85,6.6499999999999995,8.8,6.7,6.0,7.166666666666667,10.0,10.0,10.0,10.0,Fase 3 (7º e 8º ano),Fase 4 (9° ano),Fase 5 (1° EM)
RA-53,2005,20,Masculino,18+ anos,2022,Veterano,Escola Pública | Concluiu o 3º EM,5.0,6.0,,Ágata,Ametista,,6.725,7.600633333,,7.600633333,579.0,,,579.0,9.2,9.2,,9.2,7.0,9.1,,9.1,7.5,5.63,,5.63,7.0,7.7,,7.7,6.0,7.3,,7.3,8.0,6.5,,6.5,,9.2,,9.2,5.0,5.0,,5.0,Fase 7 (3º EM),Fase 8 (Universitários),
RA-54,2006,19,Feminino,18+ anos,2022,Veterano,Escola Pública,5.0,,,Ágata,,,6.058,,,6.058,716.0,,,716.0,7.9,,,7.9,6.9,,,6.9,7.5,,,7.5,4.8,,,4.8,3.0,,,3.0,6.5,,,6.5,,,,,5.0,,,5.0,Fase 6 (2º EM),,
RA-55,2006,19,Feminino,18+ anos,2017,Veterano,Escola Pública | Pública,5.0,6.0,,Ágata,Agata,,6.576,6.898033333,,6.898033333,634.0,,,634.0,7.1,7.9,,7.9,7.6,8.1,,8.1,5.6,3.14,,3.14,7.5,7.1,,7.1,6.7,8.7,,8.7,7.8,6.5,,6.5,7.9,6.0,,6.0,5.0,5.0,,5.0,Fase 6 (2º EM),Fase 7 (3° EM),
RA-56,2007,18,Feminino,18+ anos,2021,Veterano,Rede Decisão | Privada - Programa de Apadrinhamento,5.0,6.0,7.0,Topázio,Topázio,Topázio,8.404,8.284333333,9.077020175400001,8.588451169466667,46.0,,,46.0,10.0,9.6,10.002,9.867333333333335,10.0,9.5,9.265350877333333,9.588450292444444,7.5,5.0,10.0,7.5,7.0,7.8,7.666666666666667,7.48888888888889,4.5,7.8,8.0,6.766666666666667,6.5,5.5,6.0,6.0,10.0,10.0,9.0,9.666666666666666,10.0,10.0,10.0,10.0,Fase 5 (1º EM),Fase 6 (2° EM),Fase 7 (3° EM)
RA-57,2006,19,Masculino,18+ anos,2021,Veterano,Rede Decisão | Privada - Programa de Apadrinhamento,5.0,6.0,7.0,Ametista,Agata,Ametista,7.305,6.450875,7.4193804301999995,7.058418476733333,388.0,,,388.0,7.1,0.0,9.585,5.561666666666667,8.1,8.0,6.010860484333333,7.370286828111111,5.6,5.63,6.88,6.036666666666666,8.4,7.2,6.166666666666667,7.255555555555556,9.0,7.8,6.0,7.6000000000000005,7.0,6.8,6.5,6.766666666666667,9.3,7.0,6.0,7.433333333333334,5.0,5.0,10.0,6.666666666666667,Fase 6 (2º EM),Fase 7 (3° EM),Fase 7 (3° EM)
RA-58,2007,18,Masculino,18+ anos,2021,Veterano,Rede Decisão | Privada - Programa de Apadrinhamento,5.0,6.0,7.0,Topázio,Ametista,Topázio,8.136,7.70625,8.7713289474,8.2045263158,103.0,,,103.0,9.6,0.0,9.585,6.3950000000000005,9.2,9.7,9.824561403666666,9.57485380122222,6.3,6.26,7.51,6.69,7.2,8.1,7.333333333333333,7.544444444444444,4.5,7.8,8.0,6.766666666666667,8.0,6.5,6.5,7.0,9.0,10.0,7.5,8.833333333333334,10.0,10.0,10.0,10.0,Fase 5 (1º EM),Fase 6 (2° EM),Fase 7 (3° EM)
RA-59,2005,20,Masculino,18+ anos,2022,Veterano,Escola Pública | Privada - Programa de Apadrinhamento | Privada *Parcerias com Bolsa 100%,5.0,6.0,8.0,Ametista,Ametista,,7.642,7.692291667,,7.692291667,257.0,,,257.0,9.2,7.5,,7.5,9.3,9.6,0.0,6.3,7.5,5.63,,5.63,7.2,7.2,,7.2,7.0,7.7,,7.7,5.7,6.8,,6.8,8.8,7.2,,7.2,5.0,5.0,10.0,6.666666666666667,Fase 7 (3º EM),Fase 8 (Universitários),Fase 8 (Universitários)
RA-60,2004,21,Feminino,18+ anos,2021,Veterano,Escola Pública,5.0,,,Quartzo,,,5.537,,,5.537,787.0,,,787.0,6.7,,,6.7,6.0,,,6.0,7.5,,,7.5,4.9,,,4.9,5.0,,,5.0,6.2,,,6.2,3.5,,,3.5,2.5,,,2.5,Fase 8 (Universitários),,
RA-61,2007,18,Masculino,18+ anos,2021,Veterano,Escola Pública | Pública,5.0,6.0,,Ametista,Ametista,,7.533,7.382108333,,7.382108333,298.0,,,298.0,9.2,8.3,,8.3,7.4,7.0,,7.0,7.5,6.26,,6.26,5.8,6.2,,6.2,1.7,6.7,,6.7,6.3,4.3,,4.3,9.3,7.5,,7.5,10.0,10.0,,10.0,Fase 5 (1º EM),Fase 6 (2° EM),
RA-62,2005,20,Feminino,18+ anos,2022,Veterano,Escola Pública | Pública | Privada *Parcerias com Bolsa 100%,5.0,7.0,8.0,Ametista,Ametista,,7.891,7.610333333,,7.610333333,173.0,,,173.0,8.8,0.0,,0.0,9.4,9.8,0.0,6.400000000000001,7.5,6.89,,6.89,9.3,7.5,,7.5,8.5,9.3,,9.3,10.0,6.8,,6.8,,6.3,,6.3,5.0,10.0,10.0,8.333333333333334,Fase 7 (3º EM),Fase 7 (3° EM),Fase 8 (Universitários)
RA-63,2006,19,Masculino,18+ anos,2018,Veterano,Rede Decisão | Pública,5.0,6.0,,Topázio,Topázio,,8.282,8.0641,,8.0641,64.0,,,64.0,8.3,6.7,,6.7,9.1,9.0,,9.0,8.8,6.89,,6.89,8.7,8.7,,8.7,8.2,9.3,,9.3,8.2,7.3,,7.3,9.7,9.5,,9.5,5.0,5.0,,5.0,Fase 6 (2º EM),Fase 7 (3° EM),
RA-64,2006,19,Feminino,18+ anos,2021,Veterano,Escola Pública | Privada - Programa de Apadrinhamento,5.0,6.0,7.0,Ametista,Ametista,Topázio,7.368,7.452541667,8.743607059266667,7.854716242088888,372.0,,,372.0,7.1,7.5,10.002,8.200666666666667,8.1,9.2,8.980785296666667,8.760261765555555,8.1,6.89,8.135,7.708333333333333,7.5,6.7,8.166666666666666,7.455555555555556,4.8,7.0,8.0,6.6000000000000005,8.2,6.0,6.5,6.8999999999999995,9.4,7.2,10.0,8.866666666666667,5.0,5.0,10.0,6.666666666666667,Fase 6 (2º EM),Fase 7 (3° EM),Fase 7 (3° EM)
RA-65,2005,20,Feminino,18+ anos,2022,Veterano,Escola Pública,5.0,,,Ametista,,,7.712,,,7.712,232.0,,,232.0,8.3,,,8.3,7.7,,,7.7,7.5,,,7.5,9.3,,,9.3,9.0,,,9.0,9.5,,,9.5,9.5,,,9.5,5.0,,,5.0,Fase 7 (3º EM),,
RA-66,2005,20,Feminino,18+ anos,2022,Veterano,Escola Pública,5.0,,,Quartzo,,,5.665,,,5.665,768.0,,,768.0,7.5,,,7.5,5.6,,,5.6,7.5,,,7.5,4.5,,,4.5,3.0,,,3.0,6.0,,,6.0,,,,,5.0,,,5.0,Fase 7 (3º EM),,
RA-67,2006,19,Feminino,18+ anos,2019,Veterano,Escola Pública,5.0,,,Quartzo,,,5.195,,,5.195,812.0,,,812.0,5.8,,,5.8,3.0,,,3.0,7.5,,,7.5,3.6,,,3.6,3.0,,,3.0,4.2,,,4.2,3.5,,,3.5,5.0,,,5.0,Fase 6 (2º EM),,
RA-68,2006,19,Menino,18+ anos,2019,Veterano,Escola Pública,5.0,,,Ágata,,,6.438,,,6.438,653.0,,,653.0,8.3,,,8.3,6.0,,,6.0,7.5,,,7.5,4.0,,,4.0,4.7,,,4.7,4.8,,,4.8,2.7,,,2.7,5.0,,,5.0,Fase 6 (2º EM),,
RA-69,2006,19,Menino,18+ anos,2018,Veterano,Escola Pública,5.0,,,Quartzo,,,5.718,,,5.718,756.0,,,756.0,8.3,,,8.3,6.1,,,6.1,7.5,,,7.5,2.5,,,2.5,4.7,,,4.7,2.6,,,2.6,0.3,,,0.3,5.0,,,5.0,Fase 6 (2º EM),,
RA-70,2006,19,Feminino,18+ anos,2017,Veterano,Escola Pública | Pública,5.0,5.0,,Quartzo,Agata,,5.712,6.869133333,,6.869133333,757.0,,,757.0,8.8,9.2,,9.2,6.6,9.2,,9.2,5.0,5.0,,5.0,2.9,4.3,,4.3,5.7,3.0,,3.0,2.9,3.5,,3.5,0.2,6.3,,6.3,5.0,5.0,,5.0,Fase 6 (2º EM),Fase 7 (3° EM),
RA-71,2005,20,Feminino,18+ anos,2019,Veterano,Escola Pública | Pública,5.0,6.0,,Quartzo,Ametista,,4.332,7.3651,,7.3651,846.0,,,846.0,7.9,6.7,,6.7,2.0,9.8,,9.8,7.5,6.26,,6.26,1.2,6.6,,6.6,1.3,7.3,,7.3,2.2,5.5,,5.5,0.0,7.0,,7.0,5.0,5.0,,5.0,Fase 7 (3º EM),Fase 8 (Universitários),
RA-72,2005,20,Feminino,18+ anos,2022,Veterano,Escola Pública,5.0,,,Ametista,,,7.64,,,7.64,259.0,,,259.0,8.3,,,8.3,7.5,,,7.5,7.5,,,7.5,7.8,,,7.8,7.5,,,7.5,7.8,,,7.8,8.0,,,8.0,5.0,,,5.0,Fase 7 (3º EM),,
RA-73,2005,20,Feminino,18+ anos,2022,Veterano,Escola Pública,5.0,,,Quartzo,,,5.271,,,5.271,804.0,,,804.0,7.1,,,7.1,3.0,,,3.0,7.5,,,7.5,3.3,,,3.3,4.5,,,4.5,3.0,,,3.0,2.3,,,2.3,5.0,,,5.0,Fase 7 (3º EM),,
RA-74,2006,19,Menino,18+ anos,2022,Veterano,Escola Pública,5.0,,,Quartzo,,,4.989,,,4.989,820.0,,,820.0,9.6,,,9.6,3.3,,,3.3,7.5,,,7.5,2.0,,,2.0,6.0,,,6.0,0.0,,,0.0,0.0,,,0.0,5.0,,,5.0,Fase 6 (2º EM),,
RA-75,2006,19,Feminino,18+ anos,2022,Veterano,Escola Pública,5.0,,,Quartzo,,,3.915,,,3.915,855.0,,,855.0,5.4,,,5.4,3.8,,,3.8,6.3,,,6.3,0.0,,,0.0,0.0,,,0.0,0.0,,,0.0,,,,,5.0,,,5.0,Fase 6 (2º EM),,
RA-76,2007,18,Feminino,18+ anos,2021,Veterano,Rede Decisão | Privada *Parcerias com Bolsa 100%,5.0,7.0,7.0,Topázio,,Topázio,9.105,,8.152033333333334,8.152033333333334,3.0,,,3.0,10.0,10.0,10.002,10.000666666666667,9.1,,9.0,9.0,8.1,2.52,6.885,5.835,8.7,,7.066666666666666,7.066666666666666,9.3,,7.3,7.3,8.3,,7.8,7.8,8.4,,6.1,6.1,10.0,10.0,10.0,10.0,Fase 5 (1º EM),Fase 5 (1° EM),Fase 5 (1° EM)
RA-77,2006,19,Menino,18+ anos,2019,Veterano,Escola Pública,5.0,,,Quartzo,,,3.846,,,3.846,857.0,,,857.0,7.1,,,7.1,2.7,,,2.7,5.0,,,5.0,0.7,,,0.7,0.3,,,0.3,1.8,,,1.8,0.0,,,0.0,5.0,,,5.0,Fase 6 (2º EM),,
RA-78,2005,20,Feminino,18+ anos,2021,Veterano,Rede Decisão | Privada - Programa de Apadrinhamento,5.0,6.0,7.0,Ametista,Agata,Topázio,7.04,6.434625,8.1780308688,7.217551956266667,475.0,,,475.0,8.3,0.0,8.751,5.683666666666667,6.6,7.7,8.028404344,7.442801448,5.6,6.26,8.755,6.871666666666667,7.2,6.7,7.5,7.133333333333333,8.7,8.5,6.5,7.8999999999999995,5.7,4.8,6.0,5.5,7.3,6.8,10.0,8.033333333333333,5.0,5.0,10.0,6.666666666666667,Fase 7 (3º EM),Fase 8 (Universitários),Fase 7 (3° EM)
RA-79,2006,19,Feminino,18+ anos,2018,Veterano,Rede Decisão | Privada - Programa de Apadrinhamento,5.0,6.0,,Ágata,Agata,,6.847,6.635883333,,6.635883333,541.0,,,541.0,5.4,5.8,,5.8,6.3,6.2,,6.2,5.6,5.0,,5.0,8.9,7.6,,7.6,9.5,6.0,,6.0,7.7,7.7,,7.7,9.5,9.0,,9.0,5.0,5.0,,5.0,Fase 6 (2º EM),Fase 7 (3° EM),
RA-80,2006,19,Feminino,18+ anos,2021,Veterano,Rede Decisão | Privada - Programa de Apadrinhamento,5.0,6.0,7.0,Ametista,Ametista,Topázio,7.29,7.252275,8.131659175733333,7.557978058577778,397.0,,,397.0,9.2,8.3,8.751,8.750333333333332,8.3,8.4,7.8961292116666675,8.198709737222224,5.0,6.89,8.13,6.673333333333335,7.1,6.3,7.0,6.8,6.5,8.2,5.0,6.566666666666666,7.7,5.7,6.0,6.466666666666666,7.3,5.0,10.0,7.433333333333334,5.0,5.0,10.0,6.666666666666667,Fase 6 (2º EM),Fase 7 (3° EM),Fase 7 (3° EM)
RA-81,2008,17,Feminino,16-17 anos,2021,Veterano,Rede Decisão | Privada - Programa de Apadrinhamento,5.0,5.0,6.0,Ametista,Ametista,Topázio,7.675,7.45425,8.256566666666668,7.795272222222223,247.0,,,247.0,9.2,9.6,9.168,9.322666666666665,9.2,8.8,9.333333333333334,9.111111111111112,5.0,2.52,6.26,4.593333333333333,6.0,6.3,7.5,6.6000000000000005,5.5,8.7,9.0,7.733333333333333,5.2,4.7,6.5,5.466666666666666,7.3,5.5,7.0,6.6000000000000005,10.0,10.0,10.0,10.0,Fase 4 (9º ano),Fase 5 (1° EM),Fase 6 (2° EM)
RA-82,2005,20,Feminino,18+ anos,2022,Veterano,Escola Pública,5.0,,,Ágata,,,6.596,,,6.596,628.0,,,628.0,8.8,,,8.8,6.8,,,6.8,7.5,,,7.5,5.5,,,5.5,6.0,,,6.0,5.0,,,5.0,,,,,5.0,,,5.0,Fase 7 (3º EM),,
RA-83,2005,20,Feminino,18+ anos,2022,Veterano,Escola Pública,5.0,,,Ágata,,,6.671,,,6.671,598.0,,,598.0,7.9,,,7.9,6.8,,,6.8,7.5,,,7.5,6.8,,,6.8,6.0,,,6.0,7.5,,,7.5,,,,,5.0,,,5.0,Fase 7 (3º EM),,
RA-84,2005,20,Feminino,18+ anos,2018,Veterano,Rede Decisão | Privada - Programa de Apadrinhamento,5.0,6.0,,Ágata,Agata,,6.682,6.034416667,,6.034416667,596.0,,,596.0,7.1,0.0,,0.0,8.8,8.8,,8.8,5.0,2.52,,2.52,5.8,6.0,,6.0,5.7,6.8,,6.8,6.5,5.8,,5.8,5.2,5.5,,5.5,5.0,5.0,,5.0,Fase 7 (3º EM),Fase 8 (Universitários),
RA-85,2007,18,Masculino,18+ anos,2022,Veterano,Escola Pública | Pública,5.0,5.0,5.0,Ágata,Ametista,Agata,6.243,7.08435,6.999509385733333,6.775619795244444,697.0,,,697.0,6.7,8.8,8.334,7.9446666666666665,7.3,8.9,8.668046928999999,8.289348976333333,5.0,6.27,3.755,5.008333333333333,4.3,5.7,7.666666666666667,5.888888888888889,5.0,5.8,9.0,6.6000000000000005,3.5,3.8,4.5,3.9333333333333336,,7.5,9.5,9.5,10.0,5.0,5.0,6.666666666666667,Fase 5 (1º EM),Fase 6 (2° EM),Fase 7 (3° EM)
RA-86,2006,19,Masculino,18+ anos,2021,Veterano,Rede Decisão | Privada *Parcerias com Bolsa 100%,5.0,7.0,7.0,Ametista,,Ametista,7.566,,7.611233333266666,7.611233333266666,286.0,,,286.0,7.5,8.3,6.667,7.489,9.6,,9.704333333,9.704333333,5.6,6.89,6.57,6.353333333333333,6.7,,5.483333333333333,5.483333333333333,6.2,,6.35,6.35,7.2,,6.3,6.3,6.9,,3.8,3.8,5.0,10.0,10.0,8.333333333333334,Fase 6 (2º EM),Fase 7 (3° EM),Fase 7 (3° EM)
RA-87,2007,18,Masculino,18+ anos,2021,Veterano,Rede Decisão | Privada - Programa de Apadrinhamento,5.0,6.0,7.0,Topázio,Topázio,Topázio,8.712,8.6625,9.437924561333332,8.937474853777777,15.0,,,15.0,8.3,7.5,8.751,8.183666666666667,9.6,10.0,9.649122807,9.749707602333332,7.5,5.63,9.375,7.501666666666666,8.8,9.3,9.166666666666666,9.088888888888889,8.3,9.5,10.0,9.266666666666667,8.0,8.7,7.5,8.066666666666666,10.0,9.7,10.0,9.9,10.0,10.0,10.0,10.0,Fase 5 (1º EM),Fase 6 (2° EM),Fase 6 (2° EM)
RA-88,2005,20,Masculino,18+ anos,2021,Veterano,Escola Pública | Privada - Pagamento por *Empresa Parceira | Privada *Parcerias com Bolsa 100%,5.0,8.0,8.0,Ametista,,,7.498,,,7.498,312.0,,,312.0,7.1,,,7.1,9.2,,0.0,0.0,5.6,,,5.6,6.5,,,6.5,6.8,,,6.8,6.2,,,6.2,6.4,,,6.4,5.0,10.0,10.0,8.333333333333334,Fase 7 (3º EM),Fase 8 (Universitários),Fase 8 (Universitários)
RA-89,2006,19,Masculino,18+ anos,2021,Veterano,Escola Pública | Pública,5.0,6.0,,Ametista,Agata,,7.323,6.700775,,6.700775,383.0,,,383.0,9.6,8.3,,8.3,7.8,8.1,,8.1,7.5,5.0,,5.0,5.9,5.1,,5.1,7.5,6.3,,6.3,5.7,2.3,,2.3,4.7,6.7,,6.7,5.0,5.0,,5.0,Fase 6 (2º EM),Fase 7 (3° EM),
RA-90,2009,16,Feminino,16-17 anos,2021,Veterano,Rede Decisão | Privada - Programa de Apadrinhamento | Privada *Parcerias com Bolsa 100%,5.0,5.0,7.0,Topázio,Topázio,Topázio,9.442,8.699408333,8.352033333333335,8.831147222111111,1.0,,,1.0,10.0,10.0,10.002,10.000666666666667,9.7,9.6,9.0,9.433333333333332,9.4,7.52,6.885,7.935,8.5,7.7,8.066666666666666,8.088888888888889,7.7,6.7,7.7,7.366666666666667,8.0,6.8,8.3,7.7,9.8,9.5,8.2,9.166666666666666,10.0,10.0,10.0,10.0,Fase 3 (7º e 8º ano),Fase 4 (9° ano),Fase 5 (1° EM)
RA-91,2006,19,Feminino,18+ anos,2021,Veterano,Rede Decisão | Privada - Programa de Apadrinhamento,5.0,6.0,6.0,Ágata,Ametista,Ametista,6.645,7.42395,7.426704761933335,7.165218253977778,608.0,,,608.0,9.2,10.0,10.002,9.734,5.7,7.4,7.476190476333334,6.858730158777778,5.6,6.89,5.635,6.041666666666667,6.6,7.4,7.333333333333333,7.111111111111111,5.5,9.5,9.0,8.0,5.7,5.0,4.0,4.8999999999999995,8.5,7.7,9.0,8.4,5.0,5.0,5.0,5.0,Fase 6 (2º EM),Fase 7 (3° EM),Fase 7 (3° EM)
RA-92,2006,19,Feminino,18+ anos,2021,Veterano,Rede Decisão | Privada - Programa de Apadrinhamento,5.0,6.0,7.0,Ágata,Ametista,Topázio,6.957,7.375916667,8.052279017,7.461731894666666,501.0,,,501.0,9.2,9.6,10.002,9.600666666666667,7.1,9.4,8.769145085,8.423048361666666,5.0,5.63,7.51,6.046666666666667,7.4,6.7,7.5,7.2,7.8,8.7,8.0,8.166666666666666,5.5,4.8,5.0,5.1000000000000005,8.8,6.7,9.5,8.333333333333334,5.0,5.0,10.0,6.666666666666667,Fase 6 (2º EM),Fase 7 (3° EM),Fase 7 (3° EM)
RA-93,2007,18,Feminino,18+ anos,2021,Veterano,Rede Decisão | Privada - Programa de Apadrinhamento,5.0,7.0,7.0,Topázio,,Topázio,8.941,,8.275550000066668,8.275550000066668,6.0,,,6.0,8.3,7.9,9.168,8.456000000000001,9.7,,9.931666667,9.931666667,8.1,3.14,6.2575,5.8325000000000005,8.5,,7.483333333333333,7.483333333333333,8.8,,6.75,6.75,8.3,,7.2,7.2,8.4,,8.5,8.5,10.0,10.0,10.0,10.0,Fase 5 (1º EM),Fase 6 (2° EM),Fase 6 (2° EM)
RA-94,2007,18,Feminino,18+ anos,2021,Veterano,Rede Decisão | Privada - Programa de Apadrinhamento,5.0,5.0,6.0,Topázio,Ametista,Topázio,8.921,7.289333333,8.637033333333335,8.282455555444445,7.0,,,7.0,8.3,7.5,10.002,8.600666666666667,9.6,9.6,9.666666666666666,9.622222222222222,8.1,2.52,6.26,5.626666666666666,7.7,7.2,8.0,7.633333333333333,7.0,7.7,7.0,7.233333333333333,6.7,4.8,7.0,6.166666666666667,9.5,9.0,10.0,9.5,10.0,5.0,10.0,8.333333333333334,Fase 5 (1º EM),Fase 6 (2° EM),Fase 6 (2° EM)
RA-95,2005,20,Feminino,18+ anos,2022,Veterano,Escola Pública,5.0,,,Ágata,,,6.308,,,6.308,685.0,,,685.0,8.3,,,8.3,6.6,,,6.6,7.5,,,7.5,4.8,,,4.8,6.0,,,6.0,8.0,,,8.0,0.5,,,0.5,5.0,,,5.0,Fase 7 (3º EM),,
RA-96,2006,19,Masculino,18+ anos,2021,Veterano,Escola Pública | Privada - Programa de Apadrinhamento | Concluiu o 3º EM,5.0,6.0,8.0,Ametista,Ametista,,7.54,7.610791667,,7.610791667,295.0,,,295.0,9.2,9.6,,9.6,7.8,8.9,0.0,5.566666666666666,6.9,7.52,,7.52,6.7,6.4,,6.4,5.7,6.8,,6.8,6.5,4.8,,4.8,8.0,7.7,,7.7,5.0,5.0,10.0,6.666666666666667,Fase 6 (2º EM),Fase 7 (3° EM),Fase 8 (Universitários)
RA-97,2007,18,Feminino,18+ anos,2017,Veterano,Rede Decisão,5.0,,,Ametista,,,7.468,,,7.468,328.0,,,328.0,7.5,,,7.5,8.8,,,8.8,5.0,,,5.0,6.9,,,6.9,5.3,,,5.3,6.7,,,6.7,8.8,,,8.8,10.0,,,10.0,Fase 5 (1º EM),,
RA-98,2007,18,Feminino,18+ anos,2021,Veterano,Rede Decisão | Privada *Parcerias com Bolsa 100%,5.0,7.0,7.0,Topázio,,Topázio,9.354,,8.617450000000002,8.617450000000002,2.0,,,2.0,8.8,7.9,9.585,8.761666666666668,10.0,,9.546,9.546,9.4,2.52,7.1975,6.3725,8.5,,8.9,8.9,8.4,,9.2,9.2,8.2,,8.9,8.9,8.9,,8.6,8.6,10.0,10.0,10.0,10.0,Fase 5 (1º EM),Fase 5 (1° EM),Fase 6 (2° EM)
RA-99,2006,19,Masculino,18+ anos,2019,Veterano,Escola Pública | Pública,5.0,6.0,,Ágata,Agata,,6.158,6.68045,,6.68045,701.0,,,701.0,8.8,7.9,,7.9,6.3,8.3,,8.3,7.5,5.63,,5.63,5.0,4.5,,4.5,5.7,4.7,,4.7,3.4,4.0,,4.0,5.8,4.8,,4.8,5.0,5.0,,5.0,Fase 6 (2º EM),Fase 7 (3° EM),
RA-100,2009,16,Feminino,16-17 anos,2019,Veterano,Rede Decisão,4.0,,,Ametista,,,7.618,,,7.618,268.0,,,268.0,8.8,,,8.8,7.8,,,7.8,5.0,,,5.0,7.6,,,7.6,7.0,,,7.0,7.8,,,7.8,8.1,,,8.1,10.0,,,10.0,Fase 3 (7º e 8º ano),,
RA-101,2007,18,Feminino,18+ anos,2021,Veterano,Escola Pública,4.0,,,Ametista,,,7.305,,,7.305,387.0,,,387.0,7.9,,,7.9,8.3,,,8.3,7.5,,,7.5,7.6,,,7.6,7.2,,,7.2,6.5,,,6.5,9.2,,,9.2,5.0,,,5.0,Fase 5 (1º EM),,
RA-102,2008,17,Menino,16-17 anos,2019,Veterano,Escola Pública,4.0,,,Ágata,,,6.922,,,6.922,519.0,,,519.0,6.7,,,6.7,7.7,,,7.7,6.9,,,6.9,5.7,,,5.7,4.7,,,4.7,6.8,,,6.8,5.5,,,5.5,10.0,,,10.0,Fase 4 (9º ano),,
RA-103,2009,16,Feminino,16-17 anos,2021,Veterano,Rede Decisão | Privada - Programa de Apadrinhamento,4.0,5.0,5.0,Topázio,Topázio,Topázio,8.107,8.0239,8.775268254,8.302056084666665,114.0,,,114.0,7.9,8.3,8.334,8.178,8.7,9.2,9.603174603333335,9.167724867777778,7.5,5.0,6.26,6.253333333333333,7.3,7.1,9.166666666666666,7.855555555555554,7.3,7.3,9.0,7.866666666666667,7.3,6.3,9.0,7.533333333333334,7.3,7.7,9.5,8.166666666666666,10.0,10.0,10.0,10.0,Fase 3 (7º e 8º ano),Fase 4 (9° ano),Fase 5 (1° EM)
RA-104,2004,21,Masculino,18+ anos,2022,Veterano,Escola Pública | Pública,4.0,5.0,,Ágata,Quartzo,,6.315,4.25,,4.25,681.0,,,681.0,7.9,0.0,,0.0,8.7,7.7,,7.7,7.5,2.52,,2.52,3.7,2.6,,2.6,4.8,3.7,,3.7,5.8,1.8,,1.8,0.3,2.3,,2.3,2.5,2.5,,2.5,Fase 8 (Universitários),Fase 8 (Universitários),
RA-105,2005,20,Menino,18+ anos,2016,Veterano,Rede Decisão,4.0,,,Ágata,,,6.846,,,6.846,542.0,,,542.0,7.9,,,7.9,8.2,,,8.2,5.6,,,5.6,6.7,,,6.7,7.2,,,7.2,6.2,,,6.2,6.8,,,6.8,2.5,,,2.5,Fase 7 (3º EM),,
RA-106,2007,18,Feminino,18+ anos,2021,Veterano,Rede Decisão | Privada - Programa de Apadrinhamento,4.0,5.0,6.0,Ametista,Ametista,Ametista,7.973,7.769658333,7.721664285733334,7.821440872911111,148.0,,,148.0,9.2,7.9,9.168,8.756,8.0,9.1,8.761904762,8.620634920666667,9.4,5.0,5.635,6.678333333333334,7.4,7.3,5.666666666666667,6.788888888888889,7.8,6.7,7.0,7.166666666666667,7.2,6.8,3.5,5.833333333333333,7.2,8.3,6.5,7.333333333333333,5.0,10.0,10.0,8.333333333333334,Fase 5 (1º EM),Fase 5 (1° EM),Fase 6 (2° EM)
RA-107,2007,18,Feminino,18+ anos,2021,Veterano,Escola Pública | Pública,4.0,5.0,5.0,Ágata,Agata,Agata,6.258,6.845208333,6.676130827066667,6.593113053355556,693.0,,,693.0,7.5,0.0,7.5,5.0,6.4,8.5,7.9949874686666655,7.631662489555556,7.5,5.0,7.51,6.669999999999999,4.6,7.0,4.666666666666667,5.422222222222222,3.3,6.0,0.0,3.1,4.3,5.2,4.5,4.666666666666667,6.0,9.7,9.5,8.4,5.0,10.0,5.0,6.666666666666667,Fase 5 (1º EM),Fase 5 (1° EM),Fase 6 (2° EM)
RA-108,2005,20,Feminino,18+ anos,2019,Veterano,Escola Pública | Concluiu o 3º EM,4.0,5.0,,Quartzo,Quartzo,,5.547,4.9308,,4.9308,784.0,,,784.0,4.6,5.8,,5.8,7.7,7.3,,7.3,5.0,2.52,,2.52,5.0,2.9,,2.9,3.0,2.7,,2.7,5.8,3.2,,3.2,6.2,2.8,,2.8,2.5,5.0,,5.0,Fase 7 (3º EM),Fase 7 (3° EM),
RA-109,2006,19,Masculino,18+ anos,2021,Veterano,Rede Decisão | Privada - Programa de Apadrinhamento,4.0,6.0,,Topázio,Topázio,,8.512,8.3184,,8.3184,33.0,,,33.0,8.8,8.3,,8.3,10.0,9.9,,9.9,8.8,7.52,,7.52,8.4,8.3,,8.3,7.8,7.0,,7.0,7.5,8.2,,8.2,9.9,9.7,,9.7,5.0,5.0,,5.0,Fase 6 (2º EM),Fase 7 (3° EM),
RA-110,2008,17,Masculino,16-17 anos,2021,Veterano,Rede Decisão | Privada - Programa de Apadrinhamento,4.0,5.0,5.0,Topázio,Topázio,Topázio,8.15,8.0879,8.6324939394,8.290131313133333,100.0,,,100.0,9.2,8.3,9.168,8.889333333333333,9.7,8.6,9.696969697,9.332323232333332,5.6,5.0,6.255,5.618333333333333,6.7,7.5,8.5,7.566666666666666,8.3,8.3,10.0,8.866666666666667,5.7,6.2,7.0,6.3,6.0,8.0,8.5,7.5,10.0,10.0,10.0,10.0,Fase 4 (9º ano),Fase 5 (1° EM),Fase 5 (1° EM)
RA-111,2009,16,Feminino,16-17 anos,2021,Veterano,Rede Decisão | Privada - Programa de Apadrinhamento,4.0,5.0,5.0,Topázio,Ametista,Topázio,8.646,7.566458333,8.667693939400001,8.293384090800002,22.0,,,22.0,7.5,7.5,9.168,8.056,9.4,8.7,9.488636363666666,9.196212121222223,8.1,5.0,6.26,6.453333333333333,8.0,6.0,8.333333333333334,7.4444444444444455,6.7,6.0,8.0,6.8999999999999995,7.5,5.2,7.0,6.566666666666666,9.7,6.7,10.0,8.799999999999999,10.0,10.0,10.0,10.0,Fase 3 (7º e 8º ano),Fase 4 (9° ano),Fase 5 (1° EM)
RA-112,2007,18,Feminino,18+ anos,2021,Veterano,Rede Decisão | Privada - Programa de Apadrinhamento,4.0,5.0,6.0,Ametista,Ametista,Topázio,7.836,7.141308333,8.052609920666667,7.676639417888889,189.0,,,189.0,7.9,6.7,7.083,7.227666666666667,7.8,8.1,7.978174603333333,7.9593915344444435,6.3,5.0,7.51,6.2700000000000005,8.5,7.4,8.0,7.966666666666666,9.0,7.3,9.5,8.6,7.5,6.5,6.0,6.666666666666667,9.1,8.3,8.5,8.633333333333333,5.0,5.0,10.0,6.666666666666667,Fase 5 (1º EM),Fase 6 (2° EM),Fase 6 (2° EM)
RA-113,2007,18,Feminino,18+ anos,2021,Veterano,Rede Decisão | Pública,4.0,,5.0,Quartzo,,Ametista,3.032,,7.043536903066667,7.043536903066667,862.0,,,862.0,0.0,,8.751,8.751,0.0,,7.063851181666667,7.063851181666667,5.0,,7.51,7.51,3.7,,6.666666666666667,6.666666666666667,3.3,,7.0,7.0,5.5,,6.0,6.0,2.3,,7.0,7.0,5.0,,5.0,5.0,Fase 5 (1º EM),,Fase 6 (2° EM)
RA-114,2006,19,Masculino,18+ anos,2022,Veterano,Escola Pública | Pública,4.0,5.0,,Quartzo,Quartzo,,5.894,5.335,,5.335,738.0,,,738.0,7.9,0.0,,0.0,6.3,6.0,,6.0,7.5,3.14,,3.14,5.3,5.6,,5.6,6.0,4.0,,4.0,4.5,4.5,,4.5,,8.3,,8.3,5.0,5.0,,5.0,Fase 6 (2º EM),Fase 7 (3° EM),
RA-115,2006,19,Feminino,18+ anos,2021,Veterano,Escola Pública | Pública,4.0,5.0,5.0,Quartzo,Agata,Quartzo,5.886,6.319141667,5.404184695733334,5.8697754542444445,740.0,,,740.0,8.3,8.8,7.917,8.339,6.8,7.1,4.164756812,6.021585603999999,6.3,5.0,6.26,5.853333333333334,3.8,4.2,4.166666666666667,4.055555555555556,3.0,3.7,6.5,4.3999999999999995,5.7,3.8,4.5,4.666666666666667,2.7,5.2,1.5,3.1333333333333333,5.0,5.0,5.0,5.0,Fase 6 (2º EM),Fase 6 (2° EM),Fase 7 (3° EM)
RA-116,2006,19,Feminino,18+ anos,2021,Veterano,Escola Pública | Pública,4.0,5.0,5.0,Ágata,Agata,Agata,6.854,6.433075,6.337470707133334,6.541515235711111,538.0,,,538.0,5.8,6.7,8.334,6.9446666666666665,8.1,7.6,7.535353535666666,7.745117845222222,6.3,5.0,5.635,5.6450000000000005,5.9,4.7,4.5,5.033333333333334,5.0,2.3,6.5,4.6000000000000005,7.2,5.0,2.0,4.733333333333333,5.5,6.8,5.0,5.766666666666667,5.0,5.0,5.0,5.0,Fase 6 (2º EM),Fase 7 (3° EM),Fase 7 (3° EM)
RA-117,2007,18,Feminino,18+ anos,2022,Veterano,Escola Pública,4.0,,,Ágata,,,6.685,,,6.685,593.0,,,593.0,7.9,,,7.9,6.3,,,6.3,6.9,,,6.9,6.1,,,6.1,4.7,,,4.7,6.7,,,6.7,7.0,,,7.0,5.0,,,5.0,Fase 5 (1º EM),,
RA-118,2008,17,Feminino,16-17 anos,2021,Veterano,Escola Pública,4.0,,,Quartzo,,,5.597,,,5.597,775.0,,,775.0,0.0,,,0.0,5.3,,,5.3,6.3,,,6.3,3.9,,,3.9,3.7,,,3.7,4.7,,,4.7,3.5,,,3.5,10.0,,,10.0,Fase 4 (9º ano),,
RA-119,2008,17,Feminino,16-17 anos,2021,Veterano,Rede Decisão | Privada - Programa de Apadrinhamento,4.0,7.0,7.0,Ametista,,Topázio,7.501,,8.085299999933333,8.085299999933333,311.0,,,311.0,8.3,6.7,7.083,7.361,8.2,,9.983333333,9.983333333,5.6,2.52,6.57,4.8966666666666665,5.4,,7.366666666666667,7.366666666666667,5.7,,6.05,6.05,7.0,,7.5,7.5,3.4,,8.55,8.55,10.0,10.0,10.0,10.0,Fase 4 (9º ano),Fase 5 (1° EM),Fase 6 (2° EM)
RA-120,2007,18,Menino,18+ anos,2019,Veterano,Escola Pública,4.0,,,Ágata,,,6.825,,,6.825,547.0,,,547.0,8.3,,,8.3,5.9,,,5.9,7.5,,,7.5,6.2,,,6.2,3.7,,,3.7,5.2,,,5.2,9.7,,,9.7,5.0,,,5.0,Fase 5 (1º EM),,
RA-121,2006,19,Feminino,18+ anos,2021,Veterano,Escola Pública | Pública,4.0,5.0,5.0,Ametista,Agata,Ametista,7.245,6.811875,7.476158297266668,7.177677765755557,413.0,,,413.0,7.1,6.3,8.751,7.383666666666666,8.4,8.8,8.152958153,8.450986051000001,6.3,5.0,6.26,5.853333333333334,7.2,6.0,8.833333333333334,7.344444444444444,5.7,5.0,7.5,6.066666666666666,6.8,5.7,9.0,7.166666666666667,9.0,7.3,10.0,8.766666666666667,5.0,5.0,5.0,5.0,Fase 6 (2º EM),Fase 6 (2° EM),Fase 7 (3° EM)
RA-122,2008,17,Feminino,16-17 anos,2019,Veterano,Escola Pública,4.0,,,Quartzo,,,5.061,,,5.061,818.0,,,818.0,7.9,,,7.9,3.4,,,3.4,7.5,,,7.5,1.8,,,1.8,1.7,,,1.7,3.7,,,3.7,0.0,,,0.0,10.0,,,10.0,Fase 4 (9º ano),,
RA-123,2006,19,Masculino,18+ anos,2021,Veterano,Rede Decisão | Privada - Programa de Apadrinhamento,4.0,5.0,6.0,Ametista,Agata,Agata,7.084,6.068333333,6.887248015866668,6.679860449622223,461.0,,,461.0,7.9,0.0,7.5,5.133333333333334,8.6,9.4,8.412698412666666,8.804232804222222,5.6,5.0,5.635,5.411666666666666,6.5,5.7,7.166666666666667,6.455555555555556,7.3,5.0,6.5,6.266666666666667,6.3,5.3,5.5,5.7,5.9,6.7,9.5,7.366666666666667,5.0,5.0,5.0,5.0,Fase 6 (2º EM),Fase 7 (3° EM),Fase 7 (3° EM)
RA-124,2008,17,Menino,16-17 anos,2016,Veterano,Rede Decisão,4.0,,,Ametista,,,7.388,,,7.388,365.0,,,365.0,7.9,,,7.9,7.8,,,7.8,5.0,,,5.0,6.7,,,6.7,5.7,,,5.7,7.0,,,7.0,7.5,,,7.5,10.0,,,10.0,Fase 4 (9º ano),,
RA-125,2007,18,Feminino,18+ anos,2022,Veterano,Escola Pública | Privada,4.0,5.0,6.0,Ametista,Agata,Agata,7.619,6.989633333,6.627079761933334,7.078571031644445,266.0,,,266.0,8.8,9.2,8.334,8.778,8.5,7.7,5.6428571430000005,7.280952381,7.5,5.0,7.51,6.669999999999999,7.1,5.8,6.166666666666667,6.355555555555555,5.0,3.3,3.0,3.766666666666667,7.2,5.8,7.0,6.666666666666667,9.2,8.2,8.5,8.633333333333333,5.0,5.0,5.0,5.0,Fase 5 (1º EM),Fase 6 (2° EM),Fase 7 (3° EM)
RA-126,2007,18,Menino,18+ anos,2018,Veterano,Escola Pública,4.0,,,Ágata,,,6.289,,,6.289,689.0,,,689.0,7.1,,,7.1,5.8,,,5.8,7.5,,,7.5,4.4,,,4.4,4.0,,,4.0,5.0,,,5.0,4.2,,,4.2,5.0,,,5.0,Fase 5 (1º EM),,
RA-127,2008,17,Feminino,16-17 anos,2022,Veterano,Escola Pública | Pública | Privada - Programa de Apadrinhamento,4.0,5.0,5.0,Topázio,Ametista,Topázio,8.283,7.91935,8.5605939394,8.254314646466666,63.0,,,63.0,7.5,8.8,8.751,8.350333333333333,8.7,7.8,9.488636363666666,8.662878787888888,7.5,6.26,7.51,7.09,7.9,6.4,7.833333333333333,7.377777777777777,7.7,4.7,10.0,7.466666666666666,7.7,6.3,3.5,5.833333333333333,8.3,8.2,10.0,8.833333333333334,10.0,10.0,10.0,10.0,Fase 4 (9º ano),Fase 5 (1° EM),Fase 5 (1° EM)
RA-128,2007,18,Masculino,18+ anos,2019,Veterano,Escola Pública | Privada,4.0,5.0,,Quartzo,Agata,,5.563,6.503908333,,6.503908333,778.0,,,778.0,0.0,6.7,,6.7,6.2,7.3,,7.3,7.5,5.0,,5.0,5.6,5.7,,5.7,6.7,6.3,,6.3,6.8,4.0,,4.0,3.2,6.7,,6.7,5.0,5.0,,5.0,Fase 5 (1º EM),Fase 6 (2° EM),
RA-129,2007,18,Menino,18+ anos,2019,Veterano,Escola Pública,4.0,,,Ágata,,,6.926,,,6.926,516.0,,,516.0,6.7,,,6.7,6.4,,,6.4,7.5,,,7.5,6.7,,,6.7,6.0,,,6.0,5.3,,,5.3,8.7,,,8.7,5.0,,,5.0,Fase 5 (1º EM),,
RA-130,2006,19,Feminino,18+ anos,2018,Veterano,Escola Pública,4.0,,,Quartzo,,,5.624,,,5.624,772.0,,,772.0,8.3,,,8.3,4.7,,,4.7,5.0,,,5.0,4.1,,,4.1,3.7,,,3.7,5.2,,,5.2,3.5,,,3.5,5.0,,,5.0,Fase 6 (2º EM),,
RA-131,2007,18,Feminino,18+ anos,2021,Veterano,Escola Pública | Pública,4.0,5.0,5.0,Ametista,Quartzo,Ametista,7.174,5.952358333,7.263155555633333,6.796504629544445,440.0,,,440.0,8.8,8.3,8.751,8.616999999999999,9.0,7.8,9.444444444666667,8.748148148222223,5.6,5.0,7.51,6.036666666666666,5.6,2.2,5.0,4.266666666666667,6.0,0.0,4.0,3.3333333333333335,6.5,3.0,5.0,4.833333333333333,4.2,3.5,6.0,4.566666666666666,5.0,5.0,5.0,5.0,Fase 5 (1º EM),Fase 6 (2° EM),Fase 7 (3° EM)
RA-132,2008,17,Feminino,16-17 anos,2021,Veterano,Rede Decisão | Privada - Programa de Apadrinhamento,4.0,5.0,6.0,Topázio,Ametista,Topázio,8.355,7.350625,8.4746321428,8.060085714266668,53.0,,,53.0,10.0,7.5,8.334,8.611333333333333,8.8,8.7,8.380952380666665,8.626984126888887,5.6,2.52,7.51,5.21,7.7,6.5,8.333333333333334,7.51111111111111,6.5,6.3,7.0,6.6000000000000005,7.5,6.5,8.0,7.333333333333333,9.1,6.7,10.0,8.6,10.0,10.0,10.0,10.0,Fase 4 (9º ano),Fase 5 (1° EM),Fase 6 (2° EM)
RA-133,2007,18,Feminino,18+ anos,2016,Veterano,Escola Pública | Pública,4.0,5.0,,Ágata,Agata,,6.875,6.168416667,,6.168416667,530.0,,,530.0,7.9,7.5,,7.5,7.1,7.9,,7.9,7.5,2.52,,2.52,5.6,5.3,,5.3,4.7,5.0,,5.0,7.2,4.3,,4.3,5.0,6.7,,6.7,5.0,5.0,,5.0,Fase 5 (1º EM),Fase 6 (2° EM),
RA-134,2007,18,Feminino,18+ anos,2021,Veterano,Escola Pública,4.0,,,Ágata,,,6.607,,,6.607,623.0,,,623.0,8.8,,,8.8,6.8,,,6.8,7.5,,,7.5,4.7,,,4.7,4.7,,,4.7,6.8,,,6.8,2.5,,,2.5,5.0,,,5.0,Fase 5 (1º EM),,
RA-135,2007,18,Feminino,18+ anos,2019,Veterano,Escola Pública,4.0,,,Ametista,,,7.692,,,7.692,237.0,,,237.0,8.3,,,8.3,7.8,,,7.8,5.6,,,5.6,8.6,,,8.6,8.0,,,8.0,8.2,,,8.2,9.5,,,9.5,5.0,,,5.0,Fase 5 (1º EM),,
RA-136,2007,18,Menino,18+ anos,2019,Veterano,Escola Pública,4.0,,,Ágata,,,6.478,,,6.478,646.0,,,646.0,10.0,,,10.0,6.3,,,6.3,7.5,,,7.5,4.6,,,4.6,5.3,,,5.3,5.7,,,5.7,2.8,,,2.8,5.0,,,5.0,Fase 5 (1º EM),,
RA-137,2005,20,Feminino,18+ anos,2021,Veterano,Rede Decisão | Privada - Programa de Apadrinhamento | Concluiu o 3º EM,4.0,5.0,5.0,Ametista,Quartzo,Agata,7.056,5.937025,6.576761183366667,6.523262061122222,468.0,,,468.0,7.5,7.1,9.585,8.061666666666667,8.9,6.3,7.582972583,7.594324194333333,5.0,2.52,5.005,4.175,7.3,6.0,6.833333333333333,6.711111111111111,6.0,7.3,2.0,5.1000000000000005,7.3,4.5,8.5,6.766666666666667,8.5,6.2,10.0,8.233333333333333,2.5,5.0,5.0,4.166666666666667,Fase 7 (3º EM),Fase 7 (3° EM),Fase 7 (3° EM)
RA-138,2007,18,Masculino,18+ anos,2021,Veterano,Escola Pública | Pública,4.0,4.0,5.0,Ágata,Agata,Ametista,6.738,6.784075,7.3860274169,6.9693674723,573.0,,,573.0,9.6,10.0,9.585,9.728333333333333,8.0,7.9,8.751803751666666,8.217267917222221,5.6,6.26,7.51,6.456666666666666,5.6,4.3,5.833333333333333,5.244444444444444,5.0,4.0,7.5,5.5,6.5,3.7,5.0,5.066666666666666,5.2,5.2,5.0,5.133333333333334,5.0,5.0,5.0,5.0,Fase 5 (1º EM),Fase 6 (2° EM),Fase 7 (3° EM)
RA-139,2005,20,Menino,18+ anos,2019,Veterano,Escola Pública,4.0,,,Quartzo,,,3.738,,,3.738,858.0,,,858.0,7.1,,,7.1,3.5,,,3.5,5.0,,,5.0,1.4,,,1.4,1.7,,,1.7,2.7,,,2.7,0.0,,,0.0,2.5,,,2.5,Fase 7 (3º EM),,
RA-140,2008,17,Feminino,16-17 anos,2021,Veterano,Escola Pública,4.0,,,Ametista,,,7.407,,,7.407,358.0,,,358.0,7.9,,,7.9,7.6,,,7.6,6.9,,,6.9,5.7,,,5.7,5.0,,,5.0,6.5,,,6.5,5.6,,,5.6,10.0,,,10.0,Fase 4 (9º ano),,
RA-141,2008,17,Masculino,16-17 anos,2017,Veterano,Escola Pública | Pública,4.0,4.0,,Ametista,Agata,,7.118,6.719791667,,6.719791667,450.0,,,450.0,9.2,9.6,,9.6,8.2,8.4,,8.4,5.6,5.63,,5.63,5.7,4.5,,4.5,5.8,6.0,,6.0,6.2,5.3,,5.3,5.0,2.3,,2.3,10.0,5.0,,5.0,Fase 4 (9º ano),Fase 5 (1° EM),
RA-142,2008,17,Feminino,16-17 anos,2021,Veterano,Escola Pública,4.0,,,Ametista,,,7.457,,,7.457,332.0,,,332.0,6.7,,,6.7,8.6,,,8.6,5.6,,,5.6,6.3,,,6.3,6.0,,,6.0,6.8,,,6.8,6.0,,,6.0,10.0,,,10.0,Fase 4 (9º ano),,
RA-143,2009,16,Masculino,16-17 anos,2021,Veterano,Rede Decisão | Privada - Programa de Apadrinhamento,4.0,5.0,7.0,Topázio,Ametista,Ametista,8.638,7.794358333,7.449366666666667,7.960574999888888,24.0,,,24.0,8.3,8.3,10.002,8.867333333333335,9.9,9.6,9.92,9.806666666666667,5.6,2.52,6.885,5.001666666666666,7.9,6.5,2.6333333333333333,5.677777777777778,9.7,9.2,0.0,6.3,7.7,5.0,0.0,4.233333333333333,6.4,5.2,7.9,6.5,10.0,10.0,10.0,10.0,Fase 3 (7º e 8º ano),Fase 4 (9° ano),Fase 5 (1° EM)
RA-144,2008,17,Feminino,16-17 anos,2017,Veterano,Rede Decisão | Privada - Programa de Apadrinhamento,4.0,5.0,,Topázio,Quartzo,,8.181,4.990333333,,4.990333333,89.0,,,89.0,7.5,0.0,,0.0,9.3,5.2,,5.2,5.0,2.52,,2.52,7.9,4.4,,4.4,7.5,3.3,,3.3,7.2,2.5,,2.5,9.0,7.3,,7.3,10.0,10.0,,10.0,Fase 4 (9º ano),Fase 4 (9° ano),
RA-145,2006,19,Masculino,18+ anos,2017,Veterano,Escola Pública | Pública,4.0,4.0,,Quartzo,,,5.846,,,5.846,746.0,,,746.0,0.0,7.9,,7.9,6.3,9.0,,9.0,8.1,,,8.1,5.2,6.2,,6.2,3.0,5.3,,5.3,4.8,6.0,,6.0,7.8,7.2,,7.2,5.0,2.5,,2.5,Fase 6 (2º EM),Fase 7 (3° EM),
RA-146,2007,18,Feminino,18+ anos,2022,Veterano,Escola Pública | Pública,4.0,5.0,5.0,Ametista,Ametista,Topázio,7.947,7.584483333,8.134554885333333,7.888679406111112,156.0,,,156.0,8.3,6.2,8.751,7.750333333333333,9.2,9.5,9.514316093333333,9.40477203111111,7.5,5.0,5.635,6.044999999999999,7.9,7.9,9.333333333333334,8.377777777777778,6.3,7.8,9.0,7.7,7.3,5.8,9.0,7.366666666666667,10.0,10.0,10.0,10.0,5.0,5.0,5.0,5.0,Fase 5 (1º EM),Fase 6 (2° EM),Fase 7 (3° EM)
RA-147,2008,17,Feminino,16-17 anos,2022,Veterano,Escola Pública | Pública,4.0,4.0,5.0,Ametista,Quartzo,Ametista,7.541,5.5425,7.400477922133334,6.827992640711112,293.0,,,293.0,8.3,0.0,8.334,5.544666666666667,7.7,7.0,9.277056277,7.992352092333333,7.5,5.63,7.51,6.88,6.1,4.5,6.166666666666667,5.588888888888889,5.8,5.0,6.0,5.6000000000000005,4.8,6.0,2.5,4.433333333333334,7.7,2.5,10.0,6.733333333333333,10.0,5.0,5.0,6.666666666666667,Fase 4 (9º ano),Fase 5 (1° EM),Fase 6 (2° EM)
RA-148,2008,17,Menino,16-17 anos,2022,Veterano,Escola Pública,4.0,,,Ametista,,,7.894,,,7.894,172.0,,,172.0,9.2,,,9.2,7.9,,,7.9,10.0,,,10.0,5.3,,,5.3,4.7,,,4.7,6.3,,,6.3,5.0,,,5.0,10.0,,,10.0,Fase 4 (9º ano),,
RA-149,2007,18,Feminino,18+ anos,2022,Veterano,Escola Pública | Pública,4.0,4.0,5.0,Ágata,Quartzo,Quartzo,6.323,5.622266667,5.7316173854,5.892294684133333,679.0,,,679.0,9.2,8.8,9.585,9.195,6.5,4.2,4.104378593666667,4.934792864555555,7.5,2.52,6.26,5.426666666666667,5.0,4.7,3.8333333333333335,4.511111111111111,4.0,5.7,0.0,3.233333333333333,6.0,3.5,6.5,5.333333333333333,,5.0,5.0,5.0,5.0,5.0,5.0,5.0,Fase 5 (1º EM),Fase 6 (2° EM),Fase 7 (3° EM)
RA-150,2006,19,Feminino,18+ anos,2020,Veterano,Escola Pública,4.0,,,Ágata,,,6.962,,,6.962,498.0,,,498.0,9.6,,,9.6,6.3,,,6.3,6.9,,,6.9,6.9,,,6.9,5.3,,,5.3,6.7,,,6.7,8.6,,,8.6,5.0,,,5.0,Fase 6 (2º EM),,
RA-151,2006,19,Feminino,18+ anos,2020,Veterano,Escola Pública | Pública,4.0,5.0,,Ametista,Agata,,7.563,6.892541667,,6.892541667,289.0,,,289.0,8.8,0.0,,0.0,7.5,7.8,,7.8,6.9,7.52,,7.52,8.3,7.9,,7.9,7.3,6.8,,6.8,8.0,7.0,,7.0,9.5,10.0,,10.0,5.0,5.0,,5.0,Fase 6 (2º EM),Fase 7 (3° EM),
RA-152,2006,19,Feminino,18+ anos,2022,Veterano,Escola Pública | Pública,4.0,4.0,5.0,Ágata,Agata,Agata,6.712,6.30695,6.5837938596,6.5342479532,586.0,,,586.0,8.3,7.9,7.5,7.900000000000001,7.0,7.7,7.337719298333333,7.345906432777777,7.5,2.52,5.63,5.216666666666666,6.5,4.5,5.166666666666667,5.388888888888889,4.0,4.0,0.0,2.6666666666666665,7.0,5.0,7.5,6.5,8.5,4.5,8.0,7.0,5.0,5.0,5.0,5.0,Fase 6 (2º EM),Fase 6 (2° EM),Fase 7 (3° EM)
RA-153,2008,17,Feminino,16-17 anos,2021,Veterano,Rede Decisão | Privada - Programa de Apadrinhamento,4.0,5.0,7.0,Ametista,Ametista,Quartzo,7.535,7.289966667,4.78185,6.535605555666667,297.0,,,297.0,7.9,9.2,8.751,8.616999999999999,8.2,7.4,0.0,5.2,5.0,2.52,6.5675,4.695833333333333,6.6,6.4,0.0,4.333333333333333,3.3,6.0,0.0,3.1,7.7,5.3,0.0,4.333333333333333,8.8,8.0,0.0,5.6000000000000005,10.0,10.0,10.0,10.0,Fase 4 (9º ano),Fase 5 (1° EM),Fase 5 (1° EM)
RA-154,2007,18,Menino,18+ anos,2017,Veterano,Escola Pública,4.0,,,Ágata,,,6.073,,,6.073,714.0,,,714.0,8.3,,,8.3,6.1,,,6.1,6.3,,,6.3,4.0,,,4.0,3.7,,,3.7,6.2,,,6.2,2.1,,,2.1,5.0,,,5.0,Fase 5 (1º EM),,
RA-155,2006,19,Masculino,18+ anos,2022,Veterano,Escola Pública | Pública | Privada *Parcerias com Bolsa 100%,4.0,5.0,8.0,Ametista,Agata,,7.051,6.318991667,,6.318991667,470.0,,,470.0,10.0,7.9,,7.9,8.3,8.1,0.0,5.466666666666666,7.5,5.0,,5.0,5.2,4.4,,4.4,4.3,5.3,,5.3,6.8,2.8,,2.8,4.3,5.2,,5.2,5.0,5.0,10.0,6.666666666666667,Fase 6 (2º EM),Fase 7 (3° EM),Fase 8 (Universitários)
RA-156,2007,18,Menino,18+ anos,2018,Veterano,Escola Pública,4.0,,,Ametista,,,7.357,,,7.357,376.0,,,376.0,10.0,,,10.0,8.3,,,8.3,9.4,,,9.4,4.4,,,4.4,4.7,,,4.7,6.5,,,6.5,2.1,,,2.1,5.0,,,5.0,Fase 5 (1º EM),,
RA-157,2010,15,Feminino,13-15 anos,2021,Veterano,Rede Decisão | Privada - Programa de Apadrinhamento,4.0,5.0,5.0,Topázio,Ametista,Topázio,8.317,7.879008333,8.950566666733334,8.382191666577778,59.0,,,59.0,7.5,7.1,8.334,7.644666666666666,10.0,9.9,10.0,9.966666666666667,6.3,2.52,6.26,5.026666666666666,7.7,6.8,9.666666666666666,8.055555555555555,7.0,6.0,10.0,7.666666666666667,7.5,6.8,9.0,7.766666666666667,8.7,7.5,10.0,8.733333333333333,10.0,10.0,10.0,10.0,Fase 3 (7º e 8º ano),Fase 3 (7° e 8° ano),Fase 4 (9° ano)
RA-158,2009,16,Feminino,16-17 anos,2021,Veterano,Rede Decisão | Privada - Programa de Apadrinhamento,4.0,5.0,5.0,Ametista,Ametista,Agata,7.302,7.297425,6.855159259266667,7.151528086422222,392.0,,,392.0,7.9,7.1,8.334,7.778,9.8,9.0,7.796296296333334,8.865432098777779,5.6,2.52,6.26,4.793333333333333,6.6,6.0,4.0,5.533333333333334,5.0,6.0,2.5,4.5,6.7,5.7,1.5,4.633333333333334,8.1,6.3,8.0,7.466666666666666,2.5,10.0,10.0,7.5,Fase 7 (3º EM),Fase 4 (9° ano),Fase 5 (1° EM)
RA-159,2007,18,Feminino,18+ anos,2021,Veterano,Escola Pública | Pública,4.0,4.0,,Ágata,Agata,,6.49,6.805033333,,6.805033333,644.0,,,644.0,8.3,7.9,,7.9,8.1,8.1,,8.1,5.6,2.52,,2.52,4.7,6.3,,6.3,4.3,5.0,,5.0,5.8,6.0,,6.0,3.9,7.8,,7.8,5.0,5.0,,5.0,Fase 5 (1º EM),Fase 6 (2° EM),
RA-160,2007,18,Feminino,18+ anos,2021,Veterano,Escola Pública | Privada - Programa de Apadrinhamento,4.0,5.0,5.0,Ágata,Agata,Agata,6.746,6.598266667,6.855108333266668,6.733125000088889,568.0,,,568.0,7.5,8.8,8.334,8.211333333333334,7.2,8.3,7.416666666666667,7.638888888888889,5.6,2.52,6.26,4.793333333333333,5.3,5.0,5.666666666666667,5.322222222222223,2.7,3.3,3.0,3.0,6.0,3.8,5.5,5.1000000000000005,7.1,8.0,8.5,7.866666666666667,5.0,5.0,5.0,5.0,Fase 5 (1º EM),Fase 6 (2° EM),Fase 6 (2° EM)
RA-161,2009,16,Feminino,16-17 anos,2021,Veterano,Rede Decisão | Privada - Programa de Apadrinhamento,4.0,5.0,5.0,Ametista,Agata,Ametista,7.957,6.250166667,7.258445588333334,7.155204085111111,153.0,,,153.0,7.9,0.0,8.751,5.550333333333334,9.1,7.3,7.965686274666666,8.121895424888889,5.6,2.52,6.26,4.793333333333333,6.9,5.8,4.0,5.566666666666666,5.3,7.0,5.0,5.766666666666667,6.8,4.5,7.0,6.1000000000000005,8.5,6.0,0.0,4.833333333333333,10.0,10.0,10.0,10.0,Fase 2 (5º e 6º ano),Fase 4 (9° ano),Fase 5 (1° EM)
RA-162,2008,17,Feminino,16-17 anos,2021,Veterano,Escola Pública,4.0,,,Ametista,,,7.215,,,7.215,423.0,,,423.0,6.7,,,6.7,8.5,,,8.5,7.5,,,7.5,5.5,,,5.5,4.7,,,4.7,5.5,,,5.5,6.4,,,6.4,10.0,,,10.0,Fase 4 (9º ano),,
RA-163,2007,18,Feminino,18+ anos,2021,Veterano,Escola Pública,4.0,,,Ágata,,,6.797,,,6.797,556.0,,,556.0,8.8,,,8.8,7.9,,,7.9,5.6,,,5.6,6.7,,,6.7,6.5,,,6.5,6.3,,,6.3,7.4,,,7.4,5.0,,,5.0,Fase 5 (1º EM),,
RA-164,2006,19,Masculino,18+ anos,2021,Veterano,Escola Pública | Privada,4.0,5.0,5.0,Ágata,Quartzo,Agata,6.776,5.638666667,6.837125731066667,6.417264132688889,562.0,,,562.0,8.3,0.0,9.585,5.961666666666667,7.3,8.2,8.084795321666666,7.861598440555556,5.6,2.52,6.26,4.793333333333333,6.5,5.8,5.666666666666667,5.98888888888889,4.7,6.0,6.0,5.566666666666666,6.5,4.2,2.0,4.233333333333333,8.3,7.3,9.0,8.200000000000001,5.0,5.0,5.0,5.0,Fase 6 (2º EM),Fase 6 (2° EM),Fase 7 (3° EM)
RA-165,2008,17,Feminino,16-17 anos,2021,Veterano,Rede Decisão | Privada - Programa de Apadrinhamento,4.0,5.0,5.0,Topázio,Ametista,Topázio,8.063,7.583433333,8.4627502436,8.036394525533334,128.0,,,128.0,7.1,6.7,7.5,7.1000000000000005,9.8,9.2,9.431042884999998,9.477014294999998,5.6,2.52,7.51,5.21,7.6,7.3,8.5,7.8,5.3,7.3,10.0,7.533333333333334,7.8,6.2,7.5,7.166666666666667,9.7,8.3,8.0,8.666666666666666,10.0,10.0,10.0,10.0,Fase 4 (9º ano),Fase 5 (1° EM),Fase 5 (1° EM)
RA-166,2008,17,Masculino,16-17 anos,2021,Veterano,Escola Pública | Privada - Programa de Apadrinhamento | Privada *Parcerias com Bolsa 100%,4.0,5.0,7.0,Topázio,Topázio,Topázio,8.253,8.105583333,8.243183333333334,8.200588888777778,73.0,,,73.0,9.2,7.5,8.334,8.344666666666667,9.0,8.9,9.246,9.048666666666668,6.3,6.26,6.5725,6.3775,8.1,8.1,8.266666666666667,8.155555555555557,7.0,7.0,8.2,7.3999999999999995,7.2,7.2,7.8,7.3999999999999995,10.0,10.0,8.8,9.6,10.0,10.0,10.0,10.0,Fase 4 (9º ano),Fase 5 (1° EM),Fase 6 (2° EM)
RA-167,2006,19,Feminino,18+ anos,2021,Veterano,Rede Decisão | Privada - Programa de Apadrinhamento,4.0,5.0,6.0,Ametista,Ametista,Topázio,7.798,7.806141667,8.033470175466666,7.8792039474888895,200.0,,,200.0,9.2,8.8,8.751,8.917,9.7,9.9,9.473684210666667,9.691228070222223,5.6,5.0,6.26,5.62,7.9,7.9,8.166666666666666,7.98888888888889,9.3,8.3,8.0,8.533333333333333,8.0,7.2,6.5,7.233333333333333,6.3,8.3,10.0,8.200000000000001,5.0,5.0,5.0,5.0,Fase 6 (2º EM),Fase 7 (3° EM),Fase 7 (3° EM)
RA-168,2007,18,Feminino,18+ anos,2018,Veterano,Rede Decisão | Privada - Programa de Apadrinhamento,4.0,5.0,,Ágata,Agata,,6.917,6.483083333,,6.483083333,522.0,,,522.0,7.9,0.0,,0.0,8.3,9.6,,9.6,6.3,6.89,,6.89,5.9,4.7,,4.7,4.7,4.3,,4.3,8.2,3.0,,3.0,5.0,6.7,,6.7,5.0,10.0,,10.0,Fase 5 (1º EM),Fase 5 (1° EM),
RA-169,2007,18,Feminino,18+ anos,2018,Veterano,Escola Pública,4.0,,,Quartzo,,,5.159,,,5.159,814.0,,,814.0,7.5,,,7.5,5.1,,,5.1,6.3,,,6.3,3.2,,,3.2,1.3,,,1.3,4.5,,,4.5,3.8,,,3.8,5.0,,,5.0,Fase 5 (1º EM),,
RA-170,2008,17,Feminino,16-17 anos,2021,Veterano,Rede Decisão | Privada - Programa de Apadrinhamento,4.0,3.0,4.0,Ágata,Ametista,Ametista,7.007,7.062433333,7.646383333300001,7.238605555433334,484.0,,,484.0,8.3,8.8,9.168,8.756,9.2,8.9,8.5,8.866666666666667,5.6,2.52,5.635,4.585,4.9,7.2,8.0,6.7,3.7,6.3,10.0,6.666666666666667,6.7,8.7,6.5,7.3,4.3,6.5,7.5,6.1000000000000005,10.0,5.0,5.0,6.666666666666667,Fase 4 (9º ano),Fase 5 (1° EM),Fase 5 (1° EM)
RA-171,2006,19,Masculino,18+ anos,2022,Veterano,Escola Pública | Pública,4.0,5.0,6.0,Ágata,Agata,Ametista,6.581,6.293083333,7.3289333333333335,6.734338888777778,632.0,,,632.0,7.5,7.5,7.5,7.5,6.8,7.2,7.833333333333333,7.277777777777778,7.5,5.0,5.635,6.044999999999999,5.5,5.2,8.333333333333334,6.344444444444444,3.0,4.5,7.0,4.833333333333333,8.0,4.8,8.0,6.933333333333334,,6.2,10.0,10.0,5.0,5.0,5.0,5.0,Fase 6 (2º EM),Fase 7 (3° EM),Fase 7 (3° EM)
RA-172,2008,17,Feminino,16-17 anos,2021,Veterano,Rede Decisão | Privada - Programa de Apadrinhamento,4.0,7.0,7.0,Topázio,,Topázio,8.673,,8.128766666666667,8.128766666666667,18.0,,,18.0,9.2,0.0,8.751,5.983666666666667,8.9,,9.8,9.8,9.4,3.77,6.57,6.580000000000001,7.3,,6.933333333333334,6.933333333333334,6.0,,6.7,6.7,7.7,,7.7,7.7,8.1,,6.4,6.4,10.0,10.0,10.0,10.0,Fase 4 (9º ano),Fase 5 (1° EM),Fase 6 (2° EM)
RA-173,2005,20,Masculino,18+ anos,2021,Veterano,Rede Decisão | Privada - Programa de Apadrinhamento | Privada *Parcerias com Bolsa 100%,4.0,5.0,8.0,Ametista,Ametista,,7.816,7.757466667,,7.757466667,198.0,,,198.0,8.3,9.2,,9.2,9.2,8.5,0.0,5.8999999999999995,6.9,6.26,,6.26,7.9,8.1,,8.1,9.0,9.0,,9.0,7.5,6.2,,6.2,7.1,9.2,,9.2,2.5,5.0,10.0,5.833333333333333,Fase 7 (3º EM),Fase 7 (3° EM),Fase 8 (Universitários)
RA-174,2007,18,Feminino,18+ anos,2019,Veterano,Escola Pública | Pública,4.0,4.0,,Ágata,Agata,,6.075,6.1242,,6.1242,713.0,,,713.0,7.9,7.9,,7.9,6.2,5.6,,5.6,7.5,5.0,,5.0,4.4,5.1,,5.1,4.0,3.7,,3.7,5.3,7.3,,7.3,3.8,4.3,,4.3,5.0,5.0,,5.0,Fase 5 (1º EM),Fase 6 (2° EM),
RA-175,2007,18,Feminino,18+ anos,2021,Veterano,Rede Decisão | Privada - Programa de Apadrinhamento,4.0,5.0,6.0,Ágata,Agata,Topázio,6.75,6.569516667,8.024136842133334,7.114551169711111,567.0,,,567.0,8.3,8.8,10.002,9.034,9.2,9.2,9.473684210666667,9.291228070222223,5.6,2.52,6.26,4.793333333333333,5.9,4.8,8.5,6.3999999999999995,4.7,5.0,9.5,6.3999999999999995,7.2,5.0,6.5,6.233333333333333,5.9,4.5,9.5,6.633333333333333,5.0,5.0,5.0,5.0,Fase 5 (1º EM),Fase 6 (2° EM),Fase 7 (3° EM)
RA-176,2009,16,Feminino,16-17 anos,2021,Veterano,Rede Decisão | Privada - Programa de Apadrinhamento,3.0,4.0,5.0,Topázio,Topázio,Topázio,8.427,8.316833333,8.828632575733334,8.52415530291111,44.0,,,44.0,9.6,9.6,9.585,9.595,9.1,9.5,9.545454545333333,9.38181818177778,5.6,2.52,6.26,4.793333333333333,6.9,8.0,8.833333333333334,7.911111111111111,5.1,7.3,9.0,7.133333333333333,6.8,7.3,8.0,7.366666666666667,8.7,9.3,9.5,9.166666666666666,10.0,10.0,10.0,10.0,Fase 3 (7º e 8º ano),Fase 4 (9° ano),Fase 4 (9° ano)
RA-177,2009,16,Feminino,16-17 anos,2022,Veterano,Escola Pública,3.0,,,Ametista,,,7.424,,,7.424,347.0,,,347.0,7.9,,,7.9,8.8,,,8.8,4.4,,,4.4,6.8,,,6.8,6.0,,,6.0,7.5,,,7.5,,,,,10.0,,,10.0,Fase 3 (7º e 8º ano),,
RA-178,2008,17,Feminino,16-17 anos,2021,Veterano,Rede Decisão | Privada - Programa de Apadrinhamento,3.0,4.0,5.0,Ágata,Ametista,Ametista,7.025,7.406658333,7.234168831200001,7.221942388066668,481.0,,,481.0,0.0,7.9,9.585,5.828333333333333,8.8,8.7,8.739177489333334,8.746392496444445,4.4,2.52,6.26,4.3933333333333335,6.3,5.9,4.166666666666667,5.455555555555556,6.2,6.3,2.5,5.0,5.3,5.8,2.5,4.533333333333333,7.3,5.5,7.5,6.766666666666667,10.0,10.0,10.0,10.0,Fase 3 (7º e 8º ano),Fase 4 (9° ano),Fase 5 (1° EM)
RA-179,2010,15,Masculino,13-15 anos,2022,Veterano,Escola Pública | Pública | Privada,3.0,3.0,4.0,Ametista,Topázio,Topázio,7.993,8.437641667,8.932712280733334,8.454451315911111,145.0,,,145.0,7.5,8.8,9.168,8.489333333333333,9.2,9.4,9.407894737,9.335964912333333,7.5,7.52,9.38,8.133333333333333,6.1,6.4,8.166666666666666,6.888888888888888,3.7,8.7,7.0,6.466666666666666,6.7,6.3,8.0,7.0,8.0,4.3,9.5,7.266666666666667,10.0,10.0,10.0,10.0,Fase 3 (7º e 8º ano),Fase 3 (7° e 8° ano),Fase 3 (7° e 8° ano)
RA-180,2010,15,Masculino,13-15 anos,2021,Veterano,Rede Decisão | Privada - Programa de Apadrinhamento,3.0,4.0,5.0,Topázio,Topázio,Topázio,8.442,8.283216667,8.801463636333335,8.508893434444444,42.0,,,42.0,9.2,9.2,9.168,9.189333333333332,8.3,9.4,9.431818181666666,9.04393939388889,6.3,2.52,7.51,5.4433333333333325,8.1,8.0,8.5,8.200000000000001,7.7,8.3,9.0,8.333333333333334,8.3,7.3,8.5,8.033333333333333,8.3,8.5,8.0,8.266666666666667,10.0,10.0,10.0,10.0,Fase 3 (7º e 8º ano),Fase 3 (7° e 8° ano),Fase 3 (7° e 8° ano)
RA-181,2009,16,Feminino,16-17 anos,2021,Veterano,Rede Decisão | Privada - Programa de Apadrinhamento,3.0,4.0,5.0,Topázio,Ametista,Ametista,8.623,7.671208333,7.439841414133334,7.911349915711111,25.0,,,25.0,9.2,9.6,7.5,8.766666666666666,9.5,8.3,8.737373737333334,8.845791245777777,8.8,2.52,6.26,5.859999999999999,6.8,6.8,4.333333333333333,5.977777777777778,6.8,8.3,0.0,5.033333333333334,7.3,6.5,7.5,7.1000000000000005,6.2,5.5,5.5,5.733333333333333,10.0,10.0,10.0,10.0,Fase 3 (7º e 8º ano),Fase 4 (9° ano),Fase 5 (1° EM)
RA-182,2006,19,Feminino,18+ anos,2021,Veterano,Escola Pública,3.0,,,Ágata,,,6.328,,,6.328,677.0,,,677.0,7.5,,,7.5,8.0,,,8.0,7.5,,,7.5,4.1,,,4.1,1.3,,,1.3,5.7,,,5.7,5.4,,,5.4,2.5,,,2.5,Fase 6 (2º EM),,
RA-183,2009,16,Feminino,16-17 anos,2022,Veterano,Escola Pública | Pública,3.0,3.0,4.0,Ametista,Ametista,Topázio,7.3,7.586241667,8.266902371533334,7.717714679511111,394.0,,,394.0,8.3,7.9,7.917,8.039000000000001,8.8,9.7,9.249011857666666,9.249670619222222,7.5,2.52,6.26,5.426666666666667,3.8,7.7,7.5,6.333333333333333,0.0,7.0,5.0,4.0,7.5,8.0,7.5,7.666666666666667,,8.2,10.0,10.0,10.0,5.0,10.0,8.333333333333334,Fase 3 (7º e 8º ano),Fase 4 (9° ano),Fase 4 (9° ano)
RA-184,2010,15,Masculino,13-15 anos,2021,Veterano,Escola Pública | Pública | Privada - Programa de Apadrinhamento,3.0,4.0,5.0,Ametista,Topázio,Topázio,7.28,8.430241667,8.471456704266666,8.060566123755557,403.0,,,403.0,8.8,7.9,8.751,8.483666666666666,7.7,9.5,8.696741854666667,8.632247284888889,7.5,7.52,6.26,7.093333333333334,7.2,7.1,8.166666666666666,7.48888888888889,5.0,7.3,9.5,7.266666666666667,7.3,6.3,5.0,6.2,9.3,7.8,10.0,9.033333333333333,2.5,10.0,10.0,7.5,Fase 6 (2º EM),Fase 3 (7° e 8° ano),Fase 4 (9° ano)
RA-185,2007,18,Menino,18+ anos,2021,Veterano,Escola Pública,3.0,,,Ágata,,,6.615,,,6.615,621.0,,,621.0,7.9,,,7.9,7.7,,,7.7,7.5,,,7.5,4.5,,,4.5,3.3,,,3.3,5.7,,,5.7,4.5,,,4.5,5.0,,,5.0,Fase 5 (1º EM),,
RA-186,2009,16,Feminino,16-17 anos,2021,Veterano,Escola Pública | Privada,3.0,4.0,5.0,Ametista,Ametista,Topázio,7.832,7.817541667,8.325963636333334,7.9918351011111115,192.0,,,192.0,8.3,7.5,7.917,7.905666666666666,8.5,9.7,9.640151515,9.280050505,7.5,2.52,6.26,5.426666666666667,6.6,6.9,7.166666666666667,6.888888888888889,6.0,6.8,6.0,6.266666666666667,5.7,7.0,7.0,6.566666666666666,8.0,7.0,8.5,7.833333333333333,10.0,10.0,10.0,10.0,Fase 3 (7º e 8º ano),Fase 4 (9° ano),Fase 4 (9° ano)
RA-187,2010,15,Feminino,13-15 anos,2021,Veterano,Rede Decisão | Privada - Programa de Apadrinhamento,3.0,3.0,4.0,Ametista,Ametista,Topázio,7.928,7.809875,8.568424074066666,8.102099691355555,161.0,,,161.0,8.8,7.5,8.751,8.350333333333333,8.9,9.9,9.537037037,9.445679012333335,7.5,2.52,5.635,5.218333333333333,5.8,6.9,7.833333333333333,6.844444444444444,5.3,7.3,7.5,6.7,7.2,8.7,7.0,7.633333333333333,4.8,4.7,9.0,6.166666666666667,10.0,10.0,10.0,10.0,Fase 3 (7º e 8º ano),Fase 3 (7° e 8° ano),Fase 4 (9° ano)
RA-188,2008,17,Menino,16-17 anos,2021,Veterano,Escola Pública,3.0,,,Quartzo,,,5.307,,,5.307,803.0,,,803.0,0.0,,,0.0,6.1,,,6.1,7.5,,,7.5,2.7,,,2.7,3.0,,,3.0,3.2,,,3.2,2.0,,,2.0,5.0,,,5.0,Fase 4 (9º ano),,
RA-189,2008,17,Masculino,16-17 anos,2021,Veterano,Rede Decisão | Privada - Programa de Apadrinhamento,3.0,4.0,5.0,Ametista,Ametista,Topázio,7.629,7.727325,8.586533333333334,7.980952777777778,261.0,,,261.0,10.0,7.9,10.002,9.300666666666666,9.7,9.4,10.0,9.700000000000001,5.0,2.52,6.255,4.591666666666666,7.2,6.5,8.166666666666666,7.288888888888889,6.3,6.3,7.0,6.533333333333334,7.2,6.5,7.5,7.066666666666666,8.0,6.7,10.0,8.233333333333333,5.0,10.0,10.0,8.333333333333334,Fase 4 (9º ano),Fase 4 (9° ano),Fase 5 (1° EM)
RA-190,2009,16,Feminino,16-17 anos,2022,Veterano,Escola Pública | Pública,3.0,3.0,,Ametista,Agata,,7.335,6.934158333,,6.934158333,380.0,,,380.0,6.7,7.9,,7.9,6.9,9.5,,9.5,8.8,2.52,,2.52,6.3,5.7,,5.7,5.0,5.8,,5.8,7.5,5.2,,5.2,,6.0,,6.0,10.0,5.0,,5.0,Fase 3 (7º e 8º ano),Fase 4 (9° ano),
RA-191,2009,16,Masculino,16-17 anos,2021,Veterano,Rede Decisão | Privada - Programa de Apadrinhamento | Privada *Parcerias com Bolsa 100%,3.0,4.0,7.0,Topázio,Ametista,Ametista,8.74,7.263666667,7.7887,7.930788889000001,13.0,,,13.0,10.0,0.0,7.5,5.833333333333333,9.4,9.7,9.571,9.557,8.8,2.52,5.945,5.755,7.2,7.8,6.3999999999999995,7.133333333333333,8.0,8.7,6.0,7.566666666666666,7.2,7.0,6.9,7.033333333333334,6.3,7.8,6.3,6.8,10.0,10.0,10.0,10.0,Fase 3 (7º e 8º ano),Fase 4 (9° ano),Fase 5 (1° EM)
RA-192,2007,18,Masculino,18+ anos,2021,Veterano,Escola Pública | Privada,3.0,4.0,5.0,Quartzo,Agata,Agata,4.932,6.616016667,6.882960606066668,6.143659091022222,829.0,,,829.0,8.8,8.8,8.334,8.644666666666668,3.6,6.2,6.363636363666667,5.38787878788889,7.5,5.0,7.51,6.669999999999999,2.7,6.5,7.166666666666667,5.455555555555556,1.7,6.0,4.0,3.9,4.7,5.8,7.5,6.0,1.7,7.8,10.0,6.5,5.0,5.0,5.0,5.0,Fase 5 (1º EM),Fase 6 (2° EM),Fase 7 (3° EM)
RA-193,2010,15,Masculino,13-15 anos,2021,Veterano,Rede Decisão | Privada - Programa de Apadrinhamento,3.0,4.0,5.0,Topázio,Ametista,Topázio,8.155,7.718566667,8.465046969666668,8.112871212222222,95.0,,,95.0,9.2,8.3,8.751,8.750333333333332,8.9,9.4,9.848484848333333,9.382828282777778,5.6,2.52,6.26,4.793333333333333,6.7,6.5,7.0,6.733333333333333,5.0,6.0,6.5,5.833333333333333,6.3,6.3,4.5,5.7,8.7,7.3,10.0,8.666666666666666,10.0,10.0,10.0,10.0,Fase 3 (7º e 8º ano),Fase 3 (7° e 8° ano),Fase 4 (9° ano)
RA-194,2008,17,Feminino,16-17 anos,2022,Veterano,Escola Pública,3.0,,,Quartzo,,,4.265,,,4.265,851.0,,,851.0,0.0,,,0.0,6.2,,,6.2,5.0,,,5.0,3.2,,,3.2,3.7,,,3.7,5.8,,,5.8,0.0,,,0.0,5.0,,,5.0,Fase 4 (9º ano),,
RA-195,2009,16,Feminino,16-17 anos,2021,Veterano,Rede Decisão | Privada - Programa de Apadrinhamento,3.0,4.0,5.0,Ametista,Ametista,Topázio,8.017,7.60205,8.4690496032,8.0293665344,137.0,,,137.0,8.8,7.1,7.5,7.8,9.2,9.2,9.682539682666667,9.360846560888888,5.0,2.52,6.26,4.593333333333333,6.3,6.0,7.833333333333333,6.711111111111111,6.8,6.3,9.0,7.366666666666667,6.3,6.2,6.5,6.333333333333333,5.8,5.5,8.0,6.433333333333334,10.0,10.0,10.0,10.0,Fase 3 (7º e 8º ano),Fase 4 (9° ano),Fase 4 (9° ano)
RA-196,2010,15,Masculino,13-15 anos,2021,Veterano,Rede Decisão | Privada - Programa de Apadrinhamento,3.0,4.0,5.0,Topázio,Ametista,Topázio,8.124,7.560991667,8.823550937933334,8.169514201644445,106.0,,,106.0,9.2,7.9,8.751,8.616999999999999,9.1,9.0,9.689754689666666,9.263251563222221,7.5,2.52,7.51,5.843333333333334,5.1,6.2,8.0,6.433333333333334,4.0,7.0,8.0,6.333333333333333,6.0,6.0,7.0,6.333333333333333,5.3,5.7,9.0,6.666666666666667,10.0,10.0,10.0,10.0,Fase 3 (7º e 8º ano),Fase 3 (7° e 8° ano),Fase 4 (9° ano)
RA-197,2009,16,Feminino,16-17 anos,2021,Veterano,Rede Decisão | Privada - Programa de Apadrinhamento,3.0,4.0,5.0,Topázio,Ametista,Topázio,8.218,7.967608333,8.568238636333334,8.251282323111111,82.0,,,82.0,8.8,8.3,7.5,8.200000000000001,9.7,9.8,9.848484848333333,9.782828282777778,4.4,2.52,6.26,4.3933333333333335,7.3,7.2,8.333333333333334,7.611111111111112,6.0,7.0,7.0,6.666666666666667,7.5,7.3,8.0,7.6000000000000005,8.3,7.2,10.0,8.5,10.0,10.0,10.0,10.0,Fase 3 (7º e 8º ano),Fase 3 (7° e 8° ano),Fase 5 (1° EM)
RA-198,2009,16,Menino,16-17 anos,2017,Veterano,Escola Pública,3.0,,,Quartzo,,,5.554,,,5.554,782.0,,,782.0,0.0,,,0.0,6.2,,,6.2,5.0,,,5.0,4.6,,,4.6,5.2,,,5.2,5.8,,,5.8,2.8,,,2.8,10.0,,,10.0,Fase 3 (7º e 8º ano),,
RA-199,2009,16,Masculino,16-17 anos,2022,Veterano,Escola Pública | Privada,3.0,3.0,4.0,Ametista,Ametista,Ametista,7.564,7.892341667,7.419398245666667,7.625246637555556,287.0,,,287.0,8.3,9.2,8.334,8.611333333333333,7.1,7.6,7.554824561666667,7.418274853888889,7.5,7.51,6.88,7.296666666666667,7.5,8.5,7.166666666666667,7.722222222222222,5.7,8.2,5.0,6.3,7.8,8.2,9.0,8.333333333333334,9.0,9.2,7.5,8.566666666666666,10.0,5.0,5.0,6.666666666666667,Fase 3 (7º e 8º ano),Fase 4 (9° ano),Fase 5 (1° EM)
RA-200,2007,18,Masculino,18+ anos,2018,Veterano,Escola JP II | Privada - Programa de Apadrinhamento,3.0,4.0,,Quartzo,Quartzo,,5.705,5.661166667,,5.661166667,759.0,,,759.0,7.9,9.6,,9.6,5.6,4.5,,4.5,4.4,2.52,,2.52,5.5,4.3,,4.3,4.7,4.3,,4.3,5.0,4.2,,4.2,6.8,4.5,,4.5,5.0,5.0,,5.0,Fase 5 (1º EM),Fase 6 (2° EM),
RA-201,2007,18,Feminino,18+ anos,2021,Veterano,Escola Pública,3.0,,,Ametista,,,7.078,,,7.078,462.0,,,462.0,7.9,,,7.9,7.3,,,7.3,7.5,,,7.5,6.5,,,6.5,6.0,,,6.0,7.2,,,7.2,6.3,,,6.3,5.0,,,5.0,Fase 5 (1º EM),,
RA-202,2008,17,Feminino,16-17 anos,2021,Veterano,Escola Pública | Pública,3.0,4.0,5.0,Quartzo,Agata,Ametista,5.201,6.791641667,7.3512154762,6.447952381066667,810.0,,,810.0,0.0,8.8,8.334,5.711333333333333,5.2,7.9,7.880952381,6.993650793666667,4.4,2.52,6.26,4.3933333333333335,5.4,5.9,7.5,6.266666666666667,6.3,6.3,8.5,7.033333333333334,5.8,4.8,6.0,5.533333333333334,4.2,6.7,8.0,6.3,5.0,5.0,5.0,5.0,Fase 4 (9º ano),Fase 5 (1° EM),Fase 6 (2° EM)
RA-203,2008,17,Feminino,16-17 anos,2021,Veterano,Escola Pública,3.0,,,Quartzo,,,5.669,,,5.669,766.0,,,766.0,8.8,,,8.8,4.3,,,4.3,7.5,,,7.5,2.8,,,2.8,2.3,,,2.3,3.5,,,3.5,2.5,,,2.5,5.0,,,5.0,Fase 4 (9º ano),,
RA-204,2009,16,Feminino,16-17 anos,2021,Veterano,Escola Pública | Pública,3.0,4.0,4.0,Ágata,Ametista,Ametista,6.943,7.557558333,7.838218894866668,7.446259075955556,509.0,,,509.0,7.9,8.8,9.168,8.622666666666667,6.7,7.9,6.827094474333333,7.142364824777778,4.4,2.52,6.26,4.3933333333333335,7.4,7.1,7.5,7.333333333333333,5.3,4.7,5.0,5.0,8.5,8.0,7.5,8.0,8.5,8.5,10.0,9.0,10.0,10.0,10.0,10.0,Fase 3 (7º e 8º ano),Fase 4 (9° ano),Fase 4 (9° ano)
RA-205,2008,17,Masculino,16-17 anos,2020,Veterano,Escola Pública | Pública,3.0,4.0,,Quartzo,Agata,,5.372,6.857625,,6.857625,797.0,,,797.0,9.6,9.6,,9.6,3.8,7.6,,7.6,7.5,4.38,,4.38,4.1,6.6,,6.6,5.7,7.0,,7.0,1.7,5.5,,5.5,5.0,7.3,,7.3,5.0,5.0,,5.0,Fase 4 (9º ano),Fase 5 (1° EM),
RA-206,2010,15,Feminino,13-15 anos,2022,Veterano,Escola Pública,3.0,,,Ametista,,,7.101,,,7.101,455.0,,,455.0,8.3,,,8.3,8.8,,,8.8,7.5,,,7.5,5.0,,,5.0,4.0,,,4.0,6.0,,,6.0,,,,,10.0,,,10.0,Fase 3 (7º e 8º ano),,
RA-207,2006,19,Menino,18+ anos,2021,Veterano,Escola Pública,3.0,,,Quartzo,,,4.936,,,4.936,827.0,,,827.0,0.0,,,0.0,4.8,,,4.8,7.5,,,7.5,5.8,,,5.8,5.3,,,5.3,4.0,,,4.0,8.0,,,8.0,2.5,,,2.5,Fase 6 (2º EM),,
RA-208,2008,17,Menino,16-17 anos,2018,Veterano,Escola Pública,3.0,,,Ágata,,,6.667,,,6.667,599.0,,,599.0,7.5,,,7.5,7.1,,,7.1,7.5,,,7.5,6.1,,,6.1,5.0,,,5.0,7.5,,,7.5,5.8,,,5.8,5.0,,,5.0,Fase 4 (9º ano),,
RA-209,2008,17,Menino,16-17 anos,2019,Veterano,Escola Pública,3.0,,,Quartzo,,,4.499,,,4.499,843.0,,,843.0,0.0,,,0.0,4.8,,,4.8,5.6,,,5.6,6.0,,,6.0,5.0,,,5.0,5.2,,,5.2,7.8,,,7.8,5.0,,,5.0,Fase 4 (9º ano),,
RA-210,2008,17,Menino,16-17 anos,2022,Veterano,Escola Pública,3.0,,,Quartzo,,,4.44,,,4.44,844.0,,,844.0,0.0,,,0.0,5.1,,,5.1,7.5,,,7.5,3.4,,,3.4,2.7,,,2.7,5.3,,,5.3,2.3,,,2.3,5.0,,,5.0,Fase 4 (9º ano),,
RA-211,2009,16,Masculino,16-17 anos,2021,Veterano,Escola Pública | Privada - Programa de Apadrinhamento,3.0,4.0,5.0,Topázio,Topázio,Topázio,8.465,8.024791667,8.283601875933334,8.257797847644445,39.0,,,39.0,9.2,9.6,9.585,9.461666666666666,8.8,9.4,9.379509379666667,9.193169793222223,7.5,2.52,7.51,5.843333333333334,7.6,7.1,7.0,7.233333333333333,6.7,7.7,5.5,6.633333333333333,7.5,8.0,6.5,7.333333333333333,8.5,5.7,9.0,7.733333333333333,10.0,10.0,10.0,10.0,Fase 3 (7º e 8º ano),Fase 4 (9° ano),Fase 5 (1° EM)
RA-212,2008,17,Menino,16-17 anos,2022,Veterano,Escola Pública,3.0,,,Ametista,,,7.268,,,7.268,407.0,,,407.0,9.6,,,9.6,8.4,,,8.4,7.5,,,7.5,6.2,,,6.2,4.8,,,4.8,5.8,,,5.8,7.8,,,7.8,5.0,,,5.0,Fase 4 (9º ano),,
RA-213,2009,16,Menino,16-17 anos,2022,Veterano,Escola Pública,3.0,,,Ametista,,,7.209,,,7.209,425.0,,,425.0,9.6,,,9.6,8.7,,,8.7,7.5,,,7.5,3.5,,,3.5,5.0,,,5.0,2.0,,,2.0,,,,,10.0,,,10.0,Fase 3 (7º e 8º ano),,
RA-214,2007,18,Menino,18+ anos,2022,Veterano,Escola Pública,3.0,,,Quartzo,,,4.87,,,4.87,832.0,,,832.0,0.0,,,0.0,6.1,,,6.1,7.5,,,7.5,4.3,,,4.3,5.0,,,5.0,3.5,,,3.5,,,,,5.0,,,5.0,Fase 5 (1º EM),,
RA-215,2009,16,Feminino,16-17 anos,2021,Veterano,Escola Pública | Pública,3.0,4.0,5.0,Ametista,Ametista,Ametista,7.172,7.166475,7.045258874400002,7.127911291466667,442.0,,,442.0,6.7,8.8,7.084,7.528,5.8,6.6,6.455627705333334,6.285209235111111,7.5,2.52,6.26,5.426666666666667,7.8,6.9,5.666666666666667,6.788888888888889,5.7,5.7,5.0,5.466666666666666,7.7,6.7,2.0,5.466666666666666,10.0,8.3,10.0,9.433333333333334,10.0,10.0,10.0,10.0,Fase 3 (7º e 8º ano),Fase 4 (9° ano),Fase 5 (1° EM)
RA-216,2009,16,Feminino,16-17 anos,2018,Veterano,Escola Pública,3.0,,,Ametista,,,7.502,,,7.502,310.0,,,310.0,7.9,,,7.9,8.5,,,8.5,7.5,,,7.5,7.0,,,7.0,5.3,,,5.3,6.5,,,6.5,9.2,,,9.2,10.0,,,10.0,Fase 3 (7º e 8º ano),,
RA-217,2007,18,Feminino,18+ anos,2021,Veterano,Escola Pública | Pública | Privada - Programa de Apadrinhamento,3.0,4.0,5.0,Ametista,Agata,Ametista,7.397,6.96965,7.4209164502,7.262522150066666,363.0,,,363.0,7.9,8.3,8.334,8.178,8.5,8.6,8.917748917666666,8.672582972555555,7.5,2.52,6.26,5.426666666666667,7.1,5.6,7.833333333333333,6.844444444444444,6.3,6.7,9.0,7.333333333333333,7.2,5.3,7.0,6.5,7.7,4.8,7.5,6.666666666666667,5.0,5.0,5.0,5.0,Fase 5 (1º EM),Fase 5 (1° EM),Fase 6 (2° EM)
RA-218,2008,17,Feminino,16-17 anos,2022,Veterano,Escola Pública | Pública,3.0,4.0,,Ágata,Quartzo,,6.1,5.811541667,,5.811541667,709.0,,,709.0,6.3,0.0,,0.0,7.3,6.7,,6.7,7.5,2.52,,2.52,4.0,6.7,,6.7,5.0,5.7,,5.7,7.0,7.0,,7.0,0.0,7.5,,7.5,5.0,5.0,,5.0,Fase 4 (9º ano),Fase 5 (1° EM),
RA-219,2006,19,Menino,18+ anos,2019,Veterano,Escola Pública,3.0,,,Quartzo,,,5.942,,,5.942,733.0,,,733.0,8.8,,,8.8,6.9,,,6.9,7.5,,,7.5,3.5,,,3.5,4.0,,,4.0,4.8,,,4.8,1.7,,,1.7,2.5,,,2.5,Fase 6 (2º EM),,
RA-220,2009,16,Feminino,16-17 anos,2022,Veterano,Escola Pública | Pública,3.0,4.0,5.0,Ágata,Ametista,Ametista,7.028,7.102016667,7.6987770562666675,7.276264574422222,479.0,,,479.0,0.0,8.8,8.751,5.850333333333334,8.1,7.6,8.198051948,7.966017315999999,7.5,2.52,6.26,5.426666666666667,6.5,6.1,6.833333333333333,6.477777777777778,6.8,6.3,8.0,7.033333333333334,6.8,5.8,3.5,5.366666666666667,5.8,6.3,9.0,7.033333333333334,10.0,10.0,10.0,10.0,Fase 3 (7º e 8º ano),Fase 4 (9° ano),Fase 5 (1° EM)
RA-221,2008,17,Masculino,16-17 anos,2022,Veterano,Escola Pública | Pública,3.0,3.0,,Ágata,Agata,,6.892,6.959916667,,6.959916667,528.0,,,528.0,9.6,9.6,,9.6,8.5,9.0,,9.0,7.5,5.0,,5.0,5.2,5.0,,5.0,7.0,5.5,,5.5,3.5,4.8,,4.8,5.0,4.8,,4.8,5.0,5.0,,5.0,Fase 4 (9º ano),Fase 5 (1° EM),
RA-222,2007,18,Feminino,18+ anos,2019,Veterano,Escola Pública,3.0,,,Quartzo,,,5.604,,,5.604,774.0,,,774.0,7.1,,,7.1,4.6,,,4.6,7.5,,,7.5,6.2,,,6.2,5.0,,,5.0,7.5,,,7.5,6.0,,,6.0,5.0,,,5.0,Fase 5 (1º EM),,
RA-223,2009,16,Feminino,16-17 anos,2022,Veterano,Escola Pública | Pública,3.0,3.0,,Quartzo,Quartzo,,4.966,5.089833333,,5.089833333,823.0,,,823.0,0.0,0.0,,0.0,4.6,4.5,,4.5,7.5,7.52,,7.52,3.1,3.8,,3.8,4.3,5.5,,5.5,4.7,4.0,,4.0,0.2,1.8,,1.8,10.0,5.0,,5.0,Fase 3 (7º e 8º ano),Fase 4 (9° ano),
RA-224,2009,16,Menino,16-17 anos,2021,Veterano,Escola Pública,3.0,,,Quartzo,,,5.671,,,5.671,765.0,,,765.0,9.6,,,9.6,4.3,,,4.3,7.5,,,7.5,2.6,,,2.6,5.0,,,5.0,2.7,,,2.7,0.0,,,0.0,10.0,,,10.0,Fase 3 (7º e 8º ano),,
RA-225,2008,17,Menino,16-17 anos,2022,Veterano,Escola Pública,3.0,,,Quartzo,,,5.918,,,5.918,736.0,,,736.0,8.3,,,8.3,5.3,,,5.3,7.5,,,7.5,5.0,,,5.0,3.0,,,3.0,7.0,,,7.0,,,,,5.0,,,5.0,Fase 4 (9º ano),,
RA-226,2008,17,Feminino,16-17 anos,2022,Veterano,Escola Pública,3.0,,,Ágata,,,6.549,,,6.549,638.0,,,638.0,7.5,,,7.5,6.1,,,6.1,7.5,,,7.5,6.8,,,6.8,7.0,,,7.0,6.5,,,6.5,,,,,5.0,,,5.0,Fase 4 (9º ano),,
RA-227,2010,15,Masculino,13-15 anos,2022,Veterano,Escola Pública | Pública,3.0,3.0,3.0,Ágata,Ametista,Topázio,6.471,7.722125,8.074015455333335,7.422380151777777,647.0,,,647.0,9.2,9.6,9.585,9.461666666666666,6.4,7.5,8.097577276666668,7.332525758888889,7.5,5.63,9.38,7.503333333333333,3.3,6.9,6.5,5.566666666666666,4.7,7.2,4.0,5.3,4.3,6.5,6.0,5.6000000000000005,1.0,7.0,9.5,5.833333333333333,10.0,10.0,10.0,10.0,Fase 3 (7º e 8º ano),Fase 3 (7° e 8° ano),Fase 3 (7° e 8° ano)
RA-228,2007,18,Feminino,18+ anos,2017,Veterano,Escola Pública,3.0,,,Ágata,,,6.196,,,6.196,700.0,,,700.0,7.5,,,7.5,6.7,,,6.7,7.5,,,7.5,4.8,,,4.8,3.0,,,3.0,6.0,,,6.0,5.3,,,5.3,5.0,,,5.0,Fase 5 (1º EM),,
RA-229,2010,15,Masculino,13-15 anos,2022,Veterano,Escola Pública | Privada - Programa de Apadrinhamento,3.0,4.0,5.0,Topázio,Topázio,Topázio,8.62,8.207591667,8.852545634933334,8.560045767311111,27.0,,,27.0,10.0,9.2,9.585,9.595,9.4,9.8,9.841269841333334,9.680423280444446,7.5,2.52,5.635,5.218333333333333,6.9,7.8,8.833333333333334,7.844444444444444,7.0,8.0,9.5,8.166666666666666,6.7,8.2,7.0,7.3,7.2,7.3,10.0,8.166666666666666,10.0,10.0,10.0,10.0,Fase 3 (7º e 8º ano),Fase 3 (7° e 8° ano),Fase 4 (9° ano)
RA-230,2008,17,Menino,16-17 anos,2022,Veterano,Escola Pública,3.0,,,Ágata,,,6.328,,,6.328,676.0,,,676.0,7.9,,,7.9,5.1,,,5.1,7.5,,,7.5,5.7,,,5.7,3.7,,,3.7,4.3,,,4.3,9.0,,,9.0,5.0,,,5.0,Fase 4 (9º ano),,
RA-231,2008,17,Menino,16-17 anos,2022,Veterano,Escola Pública,3.0,,,Ágata,,,6.116,,,6.116,705.0,,,705.0,8.8,,,8.8,7.4,,,7.4,7.5,,,7.5,3.8,,,3.8,3.0,,,3.0,4.5,,,4.5,,,,,5.0,,,5.0,Fase 4 (9º ano),,
RA-232,2010,15,Menino,13-15 anos,2022,Veterano,Escola Pública,3.0,,,Quartzo,,,4.245,,,4.245,852.0,,,852.0,0.0,,,0.0,4.9,,,4.9,7.5,,,7.5,0.0,,,0.0,0.0,,,0.0,0.0,,,0.0,,,,,10.0,,,10.0,Fase 3 (7º e 8º ano),,
RA-233,2008,17,Menino,16-17 anos,2022,Veterano,Escola Pública,3.0,,,Ágata,,,6.051,,,6.051,718.0,,,718.0,7.9,,,7.9,7.4,,,7.4,7.5,,,7.5,3.8,,,3.8,3.0,,,3.0,4.5,,,4.5,,,,,5.0,,,5.0,Fase 4 (9º ano),,
RA-234,2009,16,Masculino,16-17 anos,2022,Veterano,Escola Pública | Pública,3.0,3.0,,Ágata,Agata,,6.719,6.248741667,,6.248741667,583.0,,,583.0,10.0,6.7,,6.7,7.6,8.0,,8.0,5.6,2.52,,2.52,4.3,5.6,,5.6,3.7,6.3,,6.3,6.3,5.3,,5.3,2.8,5.3,,5.3,10.0,10.0,,10.0,Fase 3 (7º e 8º ano),Fase 3 (7° e 8° ano),
RA-235,2008,17,Feminino,16-17 anos,2022,Veterano,Escola Pública,3.0,,,Ágata,,,6.79,,,6.79,559.0,,,559.0,8.3,,,8.3,7.3,,,7.3,7.5,,,7.5,6.3,,,6.3,7.0,,,7.0,5.5,,,5.5,,,,,5.0,,,5.0,Fase 4 (9º ano),,
RA-236,2010,15,Feminino,13-15 anos,2022,Veterano,Escola Pública | Pública,3.0,3.0,4.0,Ametista,Ametista,Agata,7.11,7.337116667,6.980833740133334,7.142650135711111,452.0,,,452.0,9.6,10.0,9.168,9.589333333333334,7.5,7.5,7.890668700666666,7.630222900222222,7.5,7.52,6.26,7.093333333333334,3.7,4.5,4.5,4.233333333333333,4.0,6.3,1.5,3.9333333333333336,4.0,4.0,4.0,4.0,3.0,3.3,8.0,4.766666666666667,10.0,10.0,10.0,10.0,Fase 3 (7º e 8º ano),Fase 3 (7° e 8° ano),Fase 4 (9° ano)
RA-237,2008,17,Feminino,16-17 anos,2022,Veterano,Escola Pública | Privada - Programa de Apadrinhamento,3.0,4.0,5.0,Topázio,Ametista,Ametista,8.084,7.436566667,7.931384271366667,7.817316979455556,121.0,,,121.0,10.0,8.3,8.751,9.017000000000001,9.0,9.5,9.689754689666666,9.396584896555554,7.5,2.52,6.26,5.426666666666667,7.8,6.7,7.666666666666667,7.388888888888889,6.8,7.7,6.0,6.833333333333333,7.7,7.0,7.0,7.233333333333333,8.8,5.5,10.0,8.1,5.0,5.0,5.0,5.0,Fase 4 (9º ano),Fase 5 (1° EM),Fase 6 (2° EM)
RA-238,2008,17,Feminino,16-17 anos,2021,Veterano,Escola Pública,3.0,,,Ágata,,,6.331,,,6.331,674.0,,,674.0,8.8,,,8.8,6.4,,,6.4,5.0,,,5.0,5.1,,,5.1,4.3,,,4.3,6.5,,,6.5,4.5,,,4.5,5.0,,,5.0,Fase 4 (9º ano),,
RA-239,2007,18,Feminino,18+ anos,2021,Veterano,Escola Pública | Pública,3.0,4.0,4.0,Quartzo,Agata,Agata,4.572,6.411333333,6.782180868800001,5.921838067266667,840.0,,,840.0,0.0,0.0,8.751,2.917,3.7,8.4,6.361737677333333,6.153912559111112,7.5,5.0,5.635,6.044999999999999,3.7,7.0,6.666666666666667,5.788888888888889,2.0,6.0,4.0,4.0,4.7,7.2,10.0,7.3,4.5,7.7,6.0,6.066666666666666,5.0,5.0,2.5,4.166666666666667,Fase 5 (1º EM),Fase 6 (2° EM),Fase 7 (3° EM)
RA-240,2009,16,Feminino,16-17 anos,2017,Veterano,Rede Decisão | Privada - Programa de Apadrinhamento,3.0,4.0,,Ágata,Agata,,6.943,6.337966667,,6.337966667,510.0,,,510.0,7.1,7.1,,7.1,8.1,6.7,,6.7,5.0,2.52,,2.52,4.7,4.8,,4.8,6.3,7.0,,7.0,5.0,3.3,,3.3,2.8,4.2,,4.2,10.0,10.0,,10.0,Fase 3 (7º e 8º ano),Fase 4 (9° ano),
RA-241,2008,17,Masculino,16-17 anos,2021,Veterano,Rede Decisão | Privada - Programa de Apadrinhamento | Privada *Parcerias com Bolsa 100%,3.0,4.0,7.0,Topázio,Ametista,Topázio,8.468,7.016,8.311616666733334,7.931872222244444,38.0,,,38.0,10.0,0.0,10.002,6.6673333333333344,10.0,9.9,9.891666667,9.930555555666666,7.5,2.52,7.1975,5.739166666666667,7.7,7.5,6.816666666666667,7.338888888888889,8.2,9.3,6.15,7.883333333333333,7.5,7.0,7.2,7.233333333333333,7.3,6.2,7.1,6.866666666666667,5.0,5.0,10.0,6.666666666666667,Fase 4 (9º ano),Fase 5 (1° EM),Fase 5 (1° EM)
RA-242,2009,16,Masculino,16-17 anos,2021,Veterano,Rede Decisão | Privada - Programa de Apadrinhamento | Privada *Parcerias com Bolsa 100%,3.0,4.0,7.0,Topázio,Topázio,Topázio,8.673,8.221841667,8.2887,8.394513889,19.0,,,19.0,9.6,7.1,9.585,8.761666666666667,9.7,9.7,9.621,9.673666666666668,5.6,2.52,6.26,4.793333333333333,8.2,7.9,7.650000000000001,7.916666666666668,8.7,9.3,8.05,8.683333333333334,7.2,7.3,8.05,7.516666666666667,8.7,7.2,6.85,7.583333333333333,10.0,10.0,10.0,10.0,Fase 3 (7º e 8º ano),Fase 4 (9° ano),Fase 5 (1° EM)
RA-243,2007,18,Feminino,18+ anos,2022,Veterano,Escola Pública,3.0,,,Ágata,,,6.982,,,6.982,493.0,,,493.0,7.1,,,7.1,8.7,,,8.7,5.0,,,5.0,6.0,,,6.0,5.0,,,5.0,5.3,,,5.3,7.7,,,7.7,5.0,,,5.0,Fase 5 (1º EM),,
RA-244,2010,15,Feminino,13-15 anos,2021,Veterano,Rede Decisão | Privada - Programa de Apadrinhamento,3.0,4.0,5.0,Topázio,Ametista,Topázio,8.51,7.044333333,8.7225,8.092277777666666,34.0,,,34.0,7.5,0.0,7.5,5.0,9.4,8.8,10.0,9.4,6.3,2.52,6.26,5.026666666666666,7.8,7.3,9.5,8.200000000000001,6.7,7.0,10.0,7.8999999999999995,8.0,8.0,9.0,8.333333333333334,8.7,6.8,9.5,8.333333333333334,10.0,10.0,10.0,10.0,Fase 3 (7º e 8º ano),Fase 3 (7° e 8° ano),Fase 4 (9° ano)
RA-245,2008,17,Masculino,16-17 anos,2021,Veterano,Rede Decisão | Privada - Programa de Apadrinhamento,3.0,4.0,7.0,Topázio,Ametista,Topázio,8.656,7.171166667,8.452633333266668,8.093266666755556,20.0,,,20.0,10.0,0.0,9.168,6.389333333333333,9.9,10.0,9.953333333,9.951111111,7.5,2.52,6.885,5.635000000000001,8.4,8.1,8.033333333333333,8.177777777777777,8.3,9.3,8.4,8.666666666666666,8.2,7.8,7.6,7.866666666666667,8.8,7.3,8.1,8.066666666666668,5.0,5.0,10.0,6.666666666666667,Fase 4 (9º ano),Fase 5 (1° EM),Fase 5 (1° EM)
RA-246,2009,16,Masculino,16-17 anos,2022,Veterano,Escola Pública | Privada | Privada *Parcerias com Bolsa 100%,3.0,4.0,7.0,Topázio,Topázio,Quartzo,8.639,8.256766667,4.7404,7.212055555666667,23.0,,,23.0,8.3,8.8,8.334,8.478,9.4,9.9,0.0,6.433333333333334,7.5,4.39,6.57,6.153333333333333,7.6,6.8,0.0,4.8,8.0,7.7,0.0,5.233333333333333,6.7,7.0,0.0,4.566666666666666,8.0,5.8,0.0,4.6000000000000005,10.0,10.0,10.0,10.0,Fase 3 (7º e 8º ano),Fase 4 (9° ano),Fase 5 (1° EM)
RA-247,2009,16,Feminino,16-17 anos,2021,Veterano,Escola Pública | Pública,3.0,3.0,4.0,Ametista,Ametista,Agata,7.72,7.221958333,6.646485739800001,7.196148024266667,230.0,,,230.0,8.3,0.0,0.0,2.766666666666667,8.2,8.5,8.306595365666666,8.335531788555555,7.5,7.52,6.26,7.093333333333334,5.8,7.2,4.333333333333333,5.777777777777778,5.3,6.5,0.0,3.9333333333333336,5.7,6.7,5.0,5.8,6.3,8.3,8.0,7.533333333333334,10.0,10.0,10.0,10.0,Fase 3 (7º e 8º ano),Fase 3 (7° e 8° ano),Fase 4 (9° ano)
RA-248,2009,16,Menino,16-17 anos,2022,Veterano,Escola Pública,3.0,,,Ametista,,,7.429,,,7.429,343.0,,,343.0,9.2,,,9.2,7.6,,,7.6,7.5,,,7.5,5.2,,,5.2,4.0,,,4.0,5.5,,,5.5,6.0,,,6.0,10.0,,,10.0,Fase 3 (7º e 8º ano),,
RA-249,2008,17,Masculino,16-17 anos,2021,Veterano,Escola Pública | Pública,3.0,3.0,4.0,Quartzo,Quartzo,Agata,5.097,5.444625,6.125104328999999,5.555576443,816.0,,,816.0,6.7,0.0,7.083,4.594333333333334,7.4,8.2,6.645021645,7.415007215,5.0,5.0,5.0,5.0,2.9,4.9,5.0,4.266666666666667,2.3,6.2,1.0,3.1666666666666665,4.2,5.3,8.0,5.833333333333333,2.2,3.2,6.0,3.8000000000000003,5.0,5.0,5.0,5.0,Fase 4 (9º ano),Fase 5 (1° EM),Fase 6 (2° EM)
RA-250,2010,15,Feminino,13-15 anos,2022,Veterano,Escola Pública | Pública | Privada - Programa de Apadrinhamento,3.0,3.0,4.0,Ametista,Ametista,Topázio,7.958,7.598208333,9.049892592566668,8.202033641855556,152.0,,,152.0,8.3,0.0,9.168,5.822666666666667,8.6,9.3,9.629629629666667,9.176543209888889,7.5,5.63,6.88,6.669999999999999,6.6,8.3,9.166666666666666,8.022222222222222,6.7,7.7,10.0,8.133333333333333,6.5,8.8,7.5,7.6000000000000005,6.7,8.3,10.0,8.333333333333334,10.0,10.0,10.0,10.0,Fase 3 (7º e 8º ano),Fase 3 (7° e 8° ano),Fase 4 (9° ano)
RA-251,2007,18,Masculino,18+ anos,2021,Veterano,Escola Pública | Pública,3.0,4.0,5.0,Ágata,Agata,Agata,7.022,6.665208333,6.7135006212,6.800236318066666,482.0,,,482.0,10.0,9.6,8.751,9.450333333333333,8.1,8.0,8.612836439,8.237612146333333,5.6,2.52,5.63,4.583333333333333,6.3,5.3,4.5,5.366666666666667,5.3,5.0,4.0,4.766666666666667,6.3,5.5,2.5,4.766666666666667,7.2,5.3,7.0,6.5,5.0,5.0,5.0,5.0,Fase 5 (1º EM),Fase 5 (1° EM),Fase 6 (2° EM)
RA-252,2008,17,Menino,16-17 anos,2018,Veterano,Escola Pública,3.0,,,Quartzo,,,4.277,,,4.277,850.0,,,850.0,9.2,,,9.2,2.8,,,2.8,7.5,,,7.5,0.9,,,0.9,1.3,,,1.3,1.2,,,1.2,0.2,,,0.2,5.0,,,5.0,Fase 4 (9º ano),,
RA-253,2007,18,Menino,18+ anos,2019,Veterano,Escola Pública,3.0,,,Quartzo,,,4.312,,,4.312,847.0,,,847.0,9.2,,,9.2,3.6,,,3.6,5.0,,,5.0,1.8,,,1.8,1.0,,,1.0,3.7,,,3.7,0.7,,,0.7,5.0,,,5.0,Fase 5 (1º EM),,
RA-254,2008,17,Masculino,16-17 anos,2019,Veterano,Escola Pública | Pública,3.0,4.0,,Ágata,,,6.715,,,6.715,584.0,,,584.0,10.0,9.6,,9.6,7.4,8.8,,8.8,5.6,,,5.6,5.3,5.9,,5.9,5.0,5.7,,5.7,6.8,5.7,,5.7,4.0,6.2,,6.2,5.0,5.0,,5.0,Fase 4 (9º ano),Fase 5 (1° EM),
RA-255,2008,17,Menino,16-17 anos,2019,Veterano,Escola Pública,3.0,,,Quartzo,,,4.563,,,4.563,841.0,,,841.0,7.5,,,7.5,3.8,,,3.8,5.0,,,5.0,1.3,,,1.3,1.0,,,1.0,2.3,,,2.3,0.5,,,0.5,5.0,,,5.0,Fase 4 (9º ano),,
RA-256,2010,15,Feminino,13-15 anos,2019,Veterano,Escola Pública,3.0,,,Ametista,,,7.192,,,7.192,433.0,,,433.0,8.8,,,8.8,8.5,,,8.5,5.0,,,5.0,5.2,,,5.2,5.3,,,5.3,6.7,,,6.7,3.5,,,3.5,10.0,,,10.0,Fase 3 (7º e 8º ano),,
RA-257,2008,17,Feminino,16-17 anos,2018,Veterano,Escola Pública,3.0,,,Quartzo,,,5.149,,,5.149,815.0,,,815.0,0.0,,,0.0,6.4,,,6.4,5.6,,,5.6,3.6,,,3.6,4.0,,,4.0,5.2,,,5.2,1.5,,,1.5,5.0,,,5.0,Fase 4 (9º ano),,
RA-258,2010,15,Feminino,13-15 anos,2021,Veterano,Escola Pública | Pública,3.0,,3.0,Ágata,,Agata,6.926,,6.429063888866667,6.429063888866667,517.0,,,517.0,10.0,,7.084,7.084,7.3,,6.944444444333333,6.944444444333333,5.6,,7.51,7.51,4.8,,2.5,2.5,2.7,,,2.7,6.2,,5.0,5.0,5.5,,0.0,0.0,10.0,,10.0,10.0,Fase 3 (7º e 8º ano),,Fase 3 (7° e 8° ano)
RA-259,2006,19,Menino,18+ anos,2017,Veterano,Escola Pública,3.0,,,Quartzo,,,4.182,,,4.182,853.0,,,853.0,8.8,,,8.8,2.9,,,2.9,7.5,,,7.5,0.9,,,0.9,0.0,,,0.0,2.7,,,2.7,0.2,,,0.2,2.5,,,2.5,Fase 6 (2º EM),,
RA-260,2009,16,Feminino,16-17 anos,2021,Veterano,Escola Pública | Pública,3.0,3.0,4.0,Ametista,Topázio,Topázio,7.44,8.080008333,8.448920634933334,7.989642989311111,340.0,,,340.0,10.0,9.2,8.751,9.317,8.2,9.9,9.674603174666666,9.258201058222221,7.5,7.52,7.51,7.510000000000001,5.0,6.1,7.0,6.033333333333334,5.7,6.3,7.5,6.5,5.2,5.2,5.5,5.3,4.2,6.7,8.0,6.3,10.0,10.0,10.0,10.0,Fase 3 (7º e 8º ano),Fase 3 (7° e 8° ano),Fase 4 (9° ano)
RA-261,2008,17,Feminino,16-17 anos,2019,Veterano,Escola Pública,3.0,,,Ágata,,,6.763,,,6.763,566.0,,,566.0,8.8,,,8.8,7.2,,,7.2,5.6,,,5.6,5.8,,,5.8,6.2,,,6.2,5.8,,,5.8,5.5,,,5.5,5.0,,,5.0,Fase 4 (9º ano),,
RA-262,2007,18,Masculino,18+ anos,2021,Veterano,Escola Pública | Privada,3.0,4.0,4.0,Quartzo,Quartzo,Quartzo,4.786,4.406458333,5.806145462066667,4.999534598355555,835.0,,,835.0,0.0,0.0,7.917,2.639,5.8,3.7,4.854560643666667,4.784853547888889,5.6,5.0,7.51,6.036666666666666,3.4,3.8,4.166666666666667,3.788888888888889,1.3,5.0,1.0,2.433333333333333,5.5,3.3,4.5,4.433333333333334,3.5,3.0,7.0,4.5,5.0,5.0,5.0,5.0,Fase 5 (1º EM),Fase 6 (2° EM),Fase 6 (2° EM)
RA-263,2007,18,Feminino,18+ anos,2019,Veterano,Escola Pública,3.0,,,Quartzo,,,5.319,,,5.319,800.0,,,800.0,5.8,,,5.8,5.6,,,5.6,7.5,,,7.5,3.7,,,3.7,3.0,,,3.0,2.8,,,2.8,5.4,,,5.4,5.0,,,5.0,Fase 5 (1º EM),,
RA-264,2007,18,Feminino,18+ anos,2022,Veterano,Escola Pública,3.0,,,Ametista,,,7.087,,,7.087,460.0,,,460.0,10.0,,,10.0,9.2,,,9.2,5.6,,,5.6,5.8,,,5.8,6.0,,,6.0,5.5,,,5.5,,,,,5.0,,,5.0,Fase 5 (1º EM),,
RA-265,2009,16,Masculino,16-17 anos,2019,Veterano,Escola Pública | Pública,3.0,4.0,,Ametista,,,7.926,,,7.926,162.0,,,162.0,8.3,8.3,,8.3,7.7,8.7,,8.7,7.5,,,7.5,6.9,7.0,,7.0,5.3,7.3,,7.3,7.0,6.8,,6.8,8.5,6.8,,6.8,10.0,10.0,,10.0,Fase 3 (7º e 8º ano),Fase 4 (9° ano),
RA-266,2006,19,Feminino,18+ anos,2019,Veterano,Escola Pública,3.0,,,Quartzo,,,5.987,,,5.987,730.0,,,730.0,7.5,,,7.5,5.8,,,5.8,5.6,,,5.6,6.0,,,6.0,5.0,,,5.0,6.7,,,6.7,6.3,,,6.3,2.5,,,2.5,Fase 6 (2º EM),,
RA-267,2007,18,Feminino,18+ anos,2021,Veterano,Escola Pública | Pública,3.0,4.0,5.0,Ágata,,Quartzo,6.012,,5.8963067819666675,5.8963067819666675,727.0,,,727.0,10.0,7.9,10.002,9.300666666666666,7.4,7.7,8.285533910333333,7.795177970111112,5.0,,6.26,6.26,3.3,2.7,2.0,2.6666666666666665,2.3,2.7,0.0,1.6666666666666667,4.8,4.0,2.0,3.6,2.7,1.3,4.0,2.6666666666666665,5.0,5.0,5.0,5.0,Fase 5 (1º EM),Fase 6 (2° EM),Fase 7 (3° EM)
RA-268,2008,17,Feminino,16-17 anos,2021,Veterano,Escola Pública,3.0,,,Ágata,,,6.695,,,6.695,590.0,,,590.0,9.2,,,9.2,6.7,,,6.7,6.3,,,6.3,5.7,,,5.7,7.0,,,7.0,6.8,,,6.8,3.2,,,3.2,5.0,,,5.0,Fase 4 (9º ano),,
RA-269,2009,16,Masculino,16-17 anos,2022,Veterano,Escola Pública | Pública | Privada *Parcerias com Bolsa 100%,3.0,4.0,7.0,Topázio,Topázio,Topázio,8.231,8.116041667,8.4773,8.274780555666666,76.0,,,76.0,9.2,9.6,9.168,9.322666666666665,8.6,9.0,9.6,9.066666666666668,6.3,2.52,7.505,5.441666666666666,8.9,7.4,8.200000000000001,8.166666666666666,8.7,8.0,8.1,8.266666666666666,9.5,7.3,8.6,8.466666666666667,8.5,7.0,7.9,7.8,10.0,10.0,10.0,10.0,Fase 3 (7º e 8º ano),Fase 4 (9° ano),Fase 5 (1° EM)
RA-270,2009,16,Feminino,16-17 anos,2021,Veterano,Rede Decisão | Privada - Programa de Apadrinhamento,3.0,4.0,7.0,Topázio,Ametista,Quartzo,8.226,7.982633333,4.79255,7.000394444333334,79.0,,,79.0,8.3,9.2,9.168,8.889333333333333,8.4,9.0,0.0,5.8,6.9,2.52,6.2575,5.225833333333333,7.9,6.6,0.0,4.833333333333333,8.0,7.7,0.0,5.233333333333333,7.2,6.2,0.0,4.466666666666667,8.5,5.8,0.0,4.766666666666667,10.0,10.0,10.0,10.0,Fase 3 (7º e 8º ano),Fase 4 (9° ano),Fase 5 (1° EM)
RA-271,2007,18,Feminino,18+ anos,2022,Veterano,Escola Pública | Pública,3.0,4.0,5.0,Ametista,Agata,Ametista,7.255,6.140333333,7.400633333333334,6.931988888777778,411.0,,,411.0,9.2,0.0,9.168,6.1226666666666665,8.5,9.3,8.958333333333334,8.919444444444444,5.6,2.52,6.26,4.793333333333333,7.1,5.9,7.333333333333333,6.777777777777778,6.3,4.3,5.0,5.2,6.5,7.0,7.5,7.0,8.3,6.3,9.5,8.033333333333333,5.0,5.0,5.0,5.0,Fase 5 (1º EM),Fase 6 (2° EM),Fase 6 (2° EM)
RA-272,2008,17,Menino,16-17 anos,2021,Veterano,Escola Pública,3.0,,,Ágata,,,6.361,,,6.361,666.0,,,666.0,9.2,,,9.2,5.7,,,5.7,7.5,,,7.5,5.1,,,5.1,5.0,,,5.0,6.8,,,6.8,3.5,,,3.5,5.0,,,5.0,Fase 4 (9º ano),,
RA-273,2008,17,Feminino,16-17 anos,2021,Veterano,Escola Pública | Pública,3.0,3.0,4.0,Quartzo,Agata,Agata,5.679,6.337116667,6.5991307798,6.2050824822666675,761.0,,,761.0,9.2,7.9,9.168,8.756,5.3,7.4,7.323153899,6.674384633,7.5,2.52,6.26,5.426666666666667,3.0,5.0,4.5,4.166666666666667,3.8,5.3,3.0,4.033333333333333,4.7,6.8,6.5,6.0,0.5,3.0,4.0,2.5,5.0,5.0,5.0,5.0,Fase 4 (9º ano),Fase 4 (9° ano),Fase 5 (1° EM)
RA-274,2011,14,Feminino,13-15 anos,2021,Veterano,Rede Decisão | Privada - Programa de Apadrinhamento,3.0,4.0,5.0,Ametista,Topázio,Topázio,7.946,8.137625,8.651029629666667,8.244884876555554,157.0,,,157.0,7.9,7.5,8.334,7.911333333333334,8.3,9.5,9.648148147999999,9.149382716,7.5,5.63,5.635,6.255,8.1,7.5,9.333333333333334,8.311111111111112,8.1,7.0,9.0,8.033333333333333,9.3,7.7,9.0,8.666666666666666,7.0,7.8,10.0,8.266666666666667,10.0,10.0,10.0,10.0,Fase 2 (5º e 6º ano),Fase 3 (7° e 8° ano),Fase 3 (7° e 8° ano)
RA-275,2007,18,Menino,18+ anos,2018,Veterano,Escola Pública,3.0,,,Ágata,,,6.665,,,6.665,600.0,,,600.0,9.6,,,9.6,6.9,,,6.9,7.5,,,7.5,4.6,,,4.6,5.0,,,5.0,6.0,,,6.0,2.7,,,2.7,5.0,,,5.0,Fase 5 (1º EM),,
RA-276,2008,17,Feminino,16-17 anos,2017,Veterano,Escola Pública | Privada - Programa de Apadrinhamento,3.0,4.0,,Quartzo,Agata,,5.527,6.690458333,,6.690458333,788.0,,,788.0,7.1,6.3,,6.3,5.7,8.5,,8.5,5.6,2.52,,2.52,4.3,5.5,,5.5,3.7,3.7,,3.7,6.0,4.7,,4.7,3.3,8.0,,8.0,5.0,10.0,,10.0,Fase 4 (9º ano),Fase 4 (9° ano),
RA-277,2008,17,Masculino,16-17 anos,2021,Veterano,Escola Pública | Pública | Privada *Parcerias com Bolsa 100%,3.0,4.0,7.0,Ametista,Ametista,Topázio,7.411,7.7284,8.0689833334,7.7361277778,354.0,,,354.0,7.1,8.3,8.334,7.911333333333334,8.8,9.9,9.741666667,9.480555555666667,7.5,7.52,6.5725,7.197500000000001,7.4,5.5,6.8999999999999995,6.6000000000000005,7.2,5.7,6.5,6.466666666666666,7.0,6.0,8.15,7.05,8.2,4.8,6.05,6.3500000000000005,5.0,5.0,10.0,6.666666666666667,Fase 4 (9º ano),Fase 5 (1° EM),Fase 5 (1° EM)
RA-278,2010,15,Masculino,13-15 anos,2021,Veterano,Rede Decisão | Pública | Privada - Programa de Apadrinhamento,3.0,4.0,5.0,Ametista,Ametista,Topázio,7.741,7.1935,8.907314492800001,7.9472714976,222.0,,,222.0,8.8,0.0,9.168,5.989333333333334,9.2,9.8,9.855072463666666,9.618357487888888,5.6,5.63,7.51,6.246666666666667,6.0,5.6,9.333333333333334,6.977777777777778,5.7,6.0,9.0,6.8999999999999995,5.8,5.3,9.0,6.7,6.4,5.5,10.0,7.3,10.0,10.0,10.0,10.0,Fase 3 (7º e 8º ano),Fase 3 (7° e 8° ano),Fase 4 (9° ano)
RA-279,2009,16,Masculino,16-17 anos,2021,Veterano,Rede Decisão | Pública | Privada - Programa de Apadrinhamento,3.0,4.0,5.0,Topázio,Topázio,Topázio,8.815,9.006266667,9.113133333366667,8.978133333455554,10.0,,,10.0,9.2,8.8,9.168,9.056,9.9,10.0,10.0,9.966666666666667,6.3,6.27,7.51,6.6933333333333325,9.1,8.9,9.333333333333334,9.111111111111112,9.7,9.0,10.0,9.566666666666666,8.3,8.5,8.0,8.266666666666667,9.3,9.3,10.0,9.533333333333333,10.0,10.0,10.0,10.0,Fase 3 (7º e 8º ano),Fase 4 (9° ano),Fase 4 (9° ano)
RA-280,2009,16,Feminino,16-17 anos,2021,Veterano,Rede Decisão | Privada - Programa de Apadrinhamento,3.0,4.0,5.0,Ametista,Topázio,Topázio,8.046,8.189225,8.822714492700001,8.352646497566667,133.0,,,133.0,7.5,6.7,7.917,7.372333333333333,9.2,9.5,9.855072463666666,9.518357487888888,7.5,7.52,6.26,7.093333333333334,7.1,6.5,9.333333333333334,7.644444444444445,5.7,6.3,10.0,7.333333333333333,7.0,7.7,8.0,7.566666666666666,8.7,5.5,10.0,8.066666666666666,10.0,10.0,10.0,10.0,Fase 3 (7º e 8º ano),Fase 4 (9° ano),Fase 4 (9° ano)
RA-281,2009,16,Feminino,16-17 anos,2019,Veterano,Escola Pública,3.0,,,Ágata,,,6.806,,,6.806,553.0,,,553.0,6.7,,,6.7,6.9,,,6.9,7.5,,,7.5,5.9,,,5.9,5.0,,,5.0,6.8,,,6.8,6.0,,,6.0,10.0,,,10.0,Fase 3 (7º e 8º ano),,
RA-282,2009,16,Feminino,16-17 anos,2019,Veterano,Escola Pública,3.0,,,Ágata,,,6.618,,,6.618,620.0,,,620.0,8.8,,,8.8,6.8,,,6.8,7.5,,,7.5,4.0,,,4.0,4.7,,,4.7,6.3,,,6.3,1.0,,,1.0,10.0,,,10.0,Fase 3 (7º e 8º ano),,
RA-283,2008,17,Masculino,16-17 anos,2021,Veterano,Escola Pública | Pública,3.0,3.0,4.0,Ametista,Ametista,Ametista,7.131,7.549025,7.9444309524,7.541485317466667,448.0,,,448.0,9.6,8.3,8.751,8.883666666666665,8.8,9.5,9.761904762,9.353968254,7.5,7.52,6.885,7.301666666666667,5.6,6.8,8.0,6.8,4.5,6.8,6.5,5.933333333333334,5.8,4.8,8.0,6.2,6.6,8.8,9.5,8.299999999999999,5.0,5.0,5.0,5.0,Fase 4 (9º ano),Fase 5 (1° EM),Fase 6 (2° EM)
RA-284,2009,16,Menino,16-17 anos,2022,Veterano,Escola Pública,3.0,,,Quartzo,,,5.939,,,5.939,734.0,,,734.0,6.7,,,6.7,5.1,,,5.1,5.6,,,5.6,3.8,,,3.8,7.0,,,7.0,4.5,,,4.5,0.0,,,0.0,10.0,,,10.0,Fase 3 (7º e 8º ano),,
RA-285,2006,19,Feminino,18+ anos,2020,Veterano,Escola Pública | Pública,3.0,4.0,,Quartzo,Quartzo,,5.063,5.380358333,,5.380358333,817.0,,,817.0,9.2,8.3,,8.3,4.1,4.6,,4.6,7.5,2.52,,2.52,2.8,4.7,,4.7,4.0,4.0,,4.0,3.2,6.0,,6.0,1.2,4.0,,4.0,2.5,2.5,,2.5,Fase 6 (2º EM),Fase 7 (3° EM),
RA-286,2007,18,Feminino,18+ anos,2022,Veterano,Escola Pública | Pública,3.0,4.0,5.0,Quartzo,Quartzo,Quartzo,5.424,5.713333333,5.123180882333333,5.420171405111112,794.0,,,794.0,7.1,0.0,6.666,4.588666666666667,5.8,7.5,4.031862745000001,5.777287581666667,6.3,5.0,6.26,5.853333333333334,3.0,4.7,3.1666666666666665,3.6222222222222222,4.7,3.7,5.0,4.466666666666667,2.3,5.0,0.0,2.433333333333333,2.0,5.3,4.5,3.9333333333333336,5.0,5.0,5.0,5.0,Fase 5 (1º EM),Fase 5 (1° EM),Fase 6 (2° EM)
RA-287,2005,20,Feminino,18+ anos,2022,Veterano,Escola Pública | Pública,3.0,4.0,,Quartzo,Quartzo,,3.7,3.745541667,,3.745541667,859.0,,,859.0,7.9,0.0,,0.0,3.4,4.8,,4.8,5.0,2.52,,2.52,1.1,3.9,,3.9,0.7,3.0,,3.0,2.5,2.3,,2.3,0.2,6.5,,6.5,2.5,2.5,,2.5,Fase 7 (3º EM),Fase 8 (Universitários),
RA-288,2006,19,Feminino,18+ anos,2022,Veterano,Escola Pública,3.0,,,Quartzo,,,4.097,,,4.097,854.0,,,854.0,0.0,,,0.0,5.6,,,5.6,6.3,,,6.3,0.0,,,0.0,,,,,,,,,,,,,2.5,,,2.5,Fase 6 (2º EM),,
RA-289,2008,17,Feminino,16-17 anos,2020,Veterano,Escola Pública,3.0,,,Ágata,,,6.236,,,6.236,699.0,,,699.0,0.0,,,0.0,7.8,,,7.8,6.3,,,6.3,6.8,,,6.8,5.3,,,5.3,7.5,,,7.5,7.5,,,7.5,5.0,,,5.0,Fase 4 (9º ano),,
RA-290,2005,20,Feminino,18+ anos,2022,Veterano,Escola Pública,3.0,,,Quartzo,,,4.929,,,4.929,830.0,,,830.0,10.0,,,10.0,3.9,,,3.9,6.3,,,6.3,1.7,,,1.7,1.0,,,1.0,2.3,,,2.3,1.8,,,1.8,2.5,,,2.5,Fase 7 (3º EM),,
RA-291,2009,16,Masculino,16-17 anos,2022,Veterano,Escola Pública | Privada - Programa de Apadrinhamento,3.0,4.0,7.0,Topázio,Topázio,Ametista,8.122,8.493058333,7.9319666667333335,8.182341666577779,107.0,,,107.0,8.3,8.8,8.751,8.616999999999999,8.2,8.6,9.737666667,8.845888889,6.9,7.52,6.26,6.8933333333333335,8.0,7.1,6.166666666666667,7.088888888888889,8.0,8.0,6.0,7.333333333333333,7.5,6.5,6.5,6.833333333333333,8.5,6.7,6.0,7.066666666666666,10.0,10.0,10.0,10.0,Fase 3 (7º e 8º ano),Fase 4 (9° ano),Fase 5 (1° EM)
RA-292,2006,19,Menino,18+ anos,2022,Veterano,Escola Pública,3.0,,,Quartzo,,,4.837,,,4.837,833.0,,,833.0,7.9,,,7.9,3.7,,,3.7,7.5,,,7.5,1.8,,,1.8,0.0,,,0.0,5.0,,,5.0,0.5,,,0.5,2.5,,,2.5,Fase 6 (2º EM),,
RA-293,2009,16,Menino,16-17 anos,2022,Veterano,Escola Pública,3.0,,,Quartzo,,,4.875,,,4.875,831.0,,,831.0,8.8,,,8.8,2.9,,,2.9,7.5,,,7.5,2.3,,,2.3,2.0,,,2.0,3.8,,,3.8,1.0,,,1.0,10.0,,,10.0,Fase 3 (7º e 8º ano),,
RA-294,2004,21,Feminino,18+ anos,2022,Veterano,Escola Pública,3.0,,,Quartzo,,,5.031,,,5.031,819.0,,,819.0,9.6,,,9.6,5.8,,,5.8,7.5,,,7.5,0.0,,,0.0,,,,,,,,,,,,,2.5,,,2.5,Fase 8 (Universitários),,
RA-295,2008,17,Feminino,16-17 anos,2022,Veterano,Escola Pública | Pública,3.0,4.0,,Ametista,Ametista,,7.305,7.641016667,,7.641016667,386.0,,,386.0,7.9,8.8,,8.8,8.0,8.8,,8.8,7.5,2.52,,2.52,6.9,7.7,,7.7,5.3,7.3,,7.3,7.7,7.2,,7.2,7.7,8.7,,8.7,5.0,5.0,,5.0,Fase 4 (9º ano),Fase 5 (1° EM),
RA-296,2007,18,Feminino,18+ anos,2022,Veterano,Escola Pública,3.0,,,Quartzo,,,4.665,,,4.665,839.0,,,839.0,8.8,,,8.8,3.6,,,3.6,7.5,,,7.5,2.8,,,2.8,5.7,,,5.7,2.7,,,2.7,0.2,,,0.2,5.0,,,5.0,Fase 5 (1º EM),,
RA-297,2009,16,Feminino,16-17 anos,2022,Veterano,Escola Pública,3.0,,,Ametista,,,7.478,,,7.478,324.0,,,324.0,7.1,,,7.1,7.9,,,7.9,6.3,,,6.3,6.6,,,6.6,6.3,,,6.3,5.3,,,5.3,8.2,,,8.2,10.0,,,10.0,Fase 3 (7º e 8º ano),,
RA-298,2009,16,Masculino,16-17 anos,2019,Veterano,Escola Pública | Pública,3.0,3.0,,Ágata,Agata,,6.409,6.824333333,,6.824333333,659.0,,,659.0,9.2,9.6,,9.6,6.3,8.6,,8.6,5.6,2.52,,2.52,5.2,5.5,,5.5,5.5,7.7,,7.7,4.8,4.5,,4.5,,4.2,,4.2,10.0,5.0,,5.0,Fase 3 (7º e 8º ano),Fase 4 (9° ano),
RA-299,2009,16,Feminino,16-17 anos,2021,Veterano,Rede Decisão | Privada - Programa de Apadrinhamento,3.0,4.0,5.0,Ametista,Agata,Topázio,7.278,6.796541667,8.177186956533333,7.4172428745111105,404.0,,,404.0,7.1,0.0,8.751,5.283666666666666,8.2,9.6,8.963768115999999,8.921256038666664,5.0,2.52,6.26,4.593333333333333,6.8,6.1,8.166666666666666,7.022222222222221,6.3,5.0,8.0,6.433333333333334,7.3,7.2,7.5,7.333333333333333,6.7,6.2,9.0,7.3,10.0,10.0,10.0,10.0,Fase 3 (7º e 8º ano),Fase 4 (9° ano),Fase 4 (9° ano)
RA-300,2008,17,Masculino,16-17 anos,2022,Veterano,Escola Pública | Pública,3.0,3.0,,Quartzo,Quartzo,,5.557,5.616691667,,5.616691667,781.0,,,781.0,5.4,5.0,,5.0,6.9,7.5,,7.5,6.3,2.52,,2.52,3.1,4.5,,4.5,2.7,4.5,,4.5,4.8,5.3,,5.3,1.7,3.8,,3.8,5.0,5.0,,5.0,Fase 4 (9º ano),Fase 5 (1° EM),
RA-301,2009,16,Feminino,16-17 anos,2021,Veterano,Escola Pública | Pública,3.0,4.0,4.0,Ágata,Agata,Topázio,6.802,6.760341667,8.410830701766667,7.324390789588889,554.0,,,554.0,8.8,9.2,9.168,9.056,5.8,5.4,7.4947368423333325,6.231578947444444,5.6,7.52,7.51,6.876666666666666,6.3,5.2,9.0,6.833333333333333,6.5,4.7,10.0,7.066666666666666,7.2,6.5,9.0,7.566666666666666,5.4,4.5,8.0,5.966666666666666,10.0,10.0,10.0,10.0,Fase 3 (7º e 8º ano),Fase 4 (9° ano),Fase 4 (9° ano)
RA-302,2006,19,Masculino,18+ anos,2022,Veterano,Escola Pública | Pública,3.0,5.0,,Ágata,Quartzo,,6.334,5.314333333,,5.314333333,673.0,,,673.0,9.2,0.0,,0.0,7.7,7.3,,7.3,6.9,5.0,,5.0,4.8,4.3,,4.3,4.3,4.7,,4.7,5.0,2.3,,2.3,5.0,5.8,,5.8,2.5,5.0,,5.0,Fase 6 (2º EM),Fase 7 (3° EM),
RA-303,2008,17,Masculino,16-17 anos,2021,Veterano,Escola Pública | Pública,3.0,3.0,4.0,Ágata,Quartzo,Agata,6.03,5.914291667,6.2443426900666665,6.062878119022223,723.0,,,723.0,7.5,0.0,8.751,5.416999999999999,7.2,7.3,3.9520467836666664,6.150682261222222,7.5,7.52,7.51,7.510000000000001,3.9,5.1,5.666666666666667,4.888888888888889,3.8,5.7,5.0,4.833333333333333,4.0,5.2,5.0,4.733333333333333,,4.5,7.0,7.0,5.0,5.0,5.0,5.0,Fase 4 (9º ano),Fase 5 (1° EM),Fase 6 (2° EM)
RA-304,2007,18,Masculino,18+ anos,2021,Veterano,Escola Pública | Pública,3.0,3.0,3.0,Ágata,Agata,Agata,6.355,6.241583333,6.852411484600001,6.482998272533334,667.0,,,667.0,8.8,0.0,10.002,6.267333333333333,7.7,8.8,7.826890756333333,8.108963585444444,7.5,5.0,7.51,6.669999999999999,4.3,5.7,7.166666666666667,5.722222222222222,3.0,7.0,9.0,6.333333333333333,5.5,3.7,5.5,4.8999999999999995,,6.3,7.0,7.0,5.0,5.0,2.5,4.166666666666667,Fase 5 (1º EM),Fase 5 (1° EM),Fase 6 (2° EM)
RA-305,2008,17,Masculino,16-17 anos,2021,Veterano,Escola Pública | Pública,3.0,3.0,4.0,Ágata,Agata,Agata,6.058,6.394291667,6.693026811600001,6.3817728262000015,717.0,,,717.0,7.9,0.0,8.334,5.411333333333334,6.6,8.9,7.898550724666666,7.799516908222222,7.5,7.52,6.26,7.093333333333334,4.8,5.2,4.833333333333333,4.944444444444444,2.8,5.2,3.0,3.6666666666666665,6.7,4.8,3.0,4.833333333333333,,5.7,8.5,8.5,5.0,5.0,5.0,5.0,Fase 4 (9º ano),Fase 5 (1° EM),Fase 5 (1° EM)
RA-306,2008,17,Feminino,16-17 anos,2021,Veterano,Escola Pública | Pública,3.0,4.0,5.0,Ágata,Quartzo,Agata,6.427,5.732375,6.1661539474,6.108509649133334,656.0,,,656.0,8.3,0.0,7.917,5.405666666666666,6.8,7.9,7.699561403666666,7.466520467888889,7.5,6.26,7.51,7.09,5.2,4.0,2.8333333333333335,4.011111111111111,4.7,4.7,3.5,4.3,5.8,4.5,1.5,3.9333333333333336,5.0,2.8,3.5,3.766666666666667,5.0,5.0,5.0,5.0,Fase 4 (9º ano),Fase 5 (1° EM),Fase 6 (2° EM)
RA-307,2008,17,Masculino,16-17 anos,2022,Veterano,Escola Pública | Pública,3.0,3.0,,Quartzo,Agata,,4.733,6.047333333,,6.047333333,838.0,,,838.0,5.4,0.0,,0.0,4.5,6.5,,6.5,7.5,7.52,,7.52,2.5,6.3,,6.3,5.0,6.3,,6.3,0.0,7.3,,7.3,,5.2,,5.2,5.0,5.0,,5.0,Fase 4 (9º ano),Fase 5 (1° EM),
RA-308,2009,16,Masculino,16-17 anos,2021,Veterano,Escola Pública | Pública,3.0,4.0,5.0,Ágata,Agata,Ametista,6.93,6.578558333,7.489282456133334,6.999280263044445,514.0,,,514.0,7.9,5.4,7.083,6.794333333333334,7.4,6.8,8.714912280666667,7.638304093555555,6.9,5.0,5.635,5.845,5.0,4.9,6.5,5.466666666666666,6.7,4.7,5.5,5.633333333333333,5.5,5.2,7.0,5.8999999999999995,2.8,4.7,7.0,4.833333333333333,10.0,10.0,10.0,10.0,Fase 3 (7º e 8º ano),Fase 4 (9° ano),Fase 4 (9° ano)
RA-309,2008,17,Feminino,16-17 anos,2022,Veterano,Escola Pública,3.0,,,Ágata,,,6.151,,,6.151,702.0,,,702.0,9.2,,,9.2,5.2,,,5.2,7.5,,,7.5,6.5,,,6.5,7.0,,,7.0,6.0,,,6.0,,,,,5.0,,,5.0,Fase 4 (9º ano),,
RA-310,2007,18,Feminino,18+ anos,2022,Veterano,Escola Pública,3.0,,,Ágata,,,6.4,,,6.4,662.0,,,662.0,7.9,,,7.9,7.5,,,7.5,7.5,,,7.5,4.5,,,4.5,3.7,,,3.7,3.8,,,3.8,6.0,,,6.0,5.0,,,5.0,Fase 5 (1º EM),,
RA-311,2006,19,Feminino,18+ anos,2022,Veterano,Escola Pública,3.0,,,Quartzo,,,5.652,,,5.652,771.0,,,771.0,7.9,,,7.9,5.6,,,5.6,5.0,,,5.0,5.2,,,5.2,5.0,,,5.0,6.2,,,6.2,4.3,,,4.3,2.5,,,2.5,Fase 6 (2º EM),,
RA-312,2009,16,Feminino,16-17 anos,2022,Veterano,Escola Pública,3.0,,,Ametista,,,7.339,,,7.339,378.0,,,378.0,9.6,,,9.6,8.1,,,8.1,7.5,,,7.5,5.2,,,5.2,6.0,,,6.0,4.5,,,4.5,5.0,,,5.0,10.0,,,10.0,Fase 3 (7º e 8º ano),,
RA-313,2008,17,Feminino,16-17 anos,2022,Veterano,Escola Pública | Pública,3.0,4.0,4.0,Quartzo,Ametista,Ametista,5.8,7.011091667,7.2528500000000005,6.687980555666667,750.0,,,750.0,7.5,9.2,8.751,8.483666666666666,7.0,8.7,9.666666666666666,8.455555555555556,5.0,2.52,5.63,4.383333333333333,4.1,3.9,4.833333333333333,4.277777777777778,4.7,4.0,1.0,3.233333333333333,5.0,2.8,8.0,5.266666666666667,2.5,5.0,5.5,4.333333333333333,5.0,10.0,5.0,6.666666666666667,Fase 4 (9º ano),Fase 4 (9° ano),Fase 5 (1° EM)
RA-314,2009,16,Feminino,16-17 anos,2022,Veterano,Escola Pública,3.0,,,Ágata,,,6.1,,,6.1,708.0,,,708.0,5.4,,,5.4,5.4,,,5.4,5.0,,,5.0,5.3,,,5.3,4.3,,,4.3,3.3,,,3.3,8.3,,,8.3,10.0,,,10.0,Fase 3 (7º e 8º ano),,
RA-315,2009,16,Feminino,16-17 anos,2022,Veterano,Escola Pública | Pública,3.0,3.0,4.0,Quartzo,Quartzo,Agata,5.672,5.977708333,6.0768703704,5.9088595678,764.0,,,764.0,6.7,0.0,0.0,2.2333333333333334,5.1,6.8,5.918518518666667,5.939506172888888,7.5,5.0,7.51,6.669999999999999,3.0,6.3,6.833333333333333,5.377777777777777,3.0,5.7,6.5,5.066666666666666,4.2,6.8,6.5,5.833333333333333,1.8,6.3,7.5,5.2,10.0,5.0,5.0,6.666666666666667,Fase 3 (7º e 8º ano),Fase 4 (9° ano),Fase 5 (1° EM)
RA-316,2008,17,Feminino,16-17 anos,2022,Veterano,Escola Pública | Pública | Privada - Programa de Apadrinhamento,3.0,4.0,5.0,Ametista,Topázio,Topázio,7.889,8.436908333,8.708925,8.344944444333334,174.0,,,174.0,10.0,10.0,9.168,9.722666666666667,10.0,9.5,10.0,9.833333333333334,6.9,7.52,7.51,7.31,6.1,5.7,8.0,6.6000000000000005,7.0,6.3,8.5,7.266666666666667,6.5,5.7,7.0,6.3999999999999995,4.7,5.0,8.5,6.066666666666666,5.0,10.0,10.0,8.333333333333334,Fase 4 (9º ano),Fase 4 (9° ano),Fase 5 (1° EM)
RA-317,2009,16,Menino,16-17 anos,2021,Veterano,Escola Pública,3.0,,,Ametista,,,7.04,,,7.04,474.0,,,474.0,8.8,,,8.8,5.6,,,5.6,7.5,,,7.5,6.8,,,6.8,4.7,,,4.7,5.7,,,5.7,10.0,,,10.0,10.0,,,10.0,Fase 3 (7º e 8º ano),,
RA-318,2008,17,Feminino,16-17 anos,2021,Veterano,Escola Pública | Pública,3.0,4.0,5.0,Ágata,Agata,Ametista,6.527,6.856575,7.025000925866668,6.802858641955556,640.0,,,640.0,8.3,7.9,7.917,8.039000000000001,6.9,8.1,9.129629629666667,8.043209876555556,6.9,6.26,7.51,6.890000000000001,5.8,4.9,4.666666666666667,5.122222222222223,4.3,5.0,2.0,3.766666666666667,5.8,5.0,6.0,5.6000000000000005,7.3,4.7,6.0,6.0,5.0,5.0,5.0,5.0,Fase 4 (9º ano),Fase 5 (1° EM),Fase 6 (2° EM)
RA-319,2009,16,Masculino,16-17 anos,2022,Veterano,Escola Pública | Concluiu o 3º EM | Pública,3.0,4.0,5.0,Ametista,Topázio,Ametista,7.448,8.367208333,7.948699561466667,7.9213026314888895,336.0,,,336.0,9.2,9.6,9.585,9.461666666666666,7.7,9.2,9.024122807,8.641374268999998,7.5,5.0,7.51,6.669999999999999,5.2,7.2,5.833333333333333,6.077777777777778,6.3,5.7,4.0,5.333333333333333,4.3,5.8,5.0,5.033333333333333,5.0,10.0,8.5,7.833333333333333,10.0,10.0,10.0,10.0,Fase 3 (7º e 8º ano),Fase 4 (9° ano),Fase 5 (1° EM)
RA-320,2008,17,Feminino,16-17 anos,2022,Veterano,Escola Pública | Pública | Privada - Programa de Apadrinhamento,3.0,4.0,5.0,Ametista,Topázio,Topázio,7.897,8.393508333,8.442258333333335,8.244255555444445,170.0,,,170.0,8.8,9.2,9.168,9.056,10.0,9.9,10.0,9.966666666666667,6.9,7.52,7.51,7.31,6.4,5.5,6.666666666666667,6.188888888888889,7.3,5.7,7.5,6.833333333333333,6.3,6.0,5.5,5.933333333333334,5.7,4.7,7.0,5.8,5.0,10.0,10.0,8.333333333333334,Fase 4 (9º ano),Fase 4 (9° ano),Fase 5 (1° EM)
RA-321,2010,15,Feminino,13-15 anos,2022,Veterano,Escola Pública | Pública,3.0,4.0,5.0,Ametista,Ametista,Topázio,7.792,7.695233333,8.125807932933334,7.871013755311111,202.0,,,202.0,9.2,8.3,7.917,8.472333333333333,9.1,9.4,9.534706331,9.344902110333335,5.6,2.52,6.26,4.793333333333333,5.2,6.2,7.166666666666667,6.188888888888889,5.7,6.0,6.0,5.8999999999999995,6.2,5.8,6.0,6.0,3.7,6.7,9.5,6.633333333333333,10.0,10.0,10.0,10.0,Fase 3 (7º e 8º ano),Fase 3 (7° e 8° ano),Fase 4 (9° ano)
RA-322,2009,16,Feminino,16-17 anos,2022,Veterano,Escola Pública | Pública,3.0,4.0,,Ágata,Ametista,,6.859,7.037808333,,7.037808333,536.0,,,536.0,7.1,6.7,,6.7,8.1,8.3,,8.3,5.0,2.52,,2.52,4.7,5.3,,5.3,4.3,4.0,,4.0,5.7,5.5,,5.5,4.0,6.3,,6.3,10.0,10.0,,10.0,Fase 3 (7º e 8º ano),Fase 4 (9° ano),
RA-323,2009,16,Menino,16-17 anos,2022,Veterano,Escola Pública,3.0,,,Ágata,,,6.86,,,6.86,535.0,,,535.0,9.2,,,9.2,7.3,,,7.3,7.5,,,7.5,3.4,,,3.4,7.3,,,7.3,2.5,,,2.5,0.5,,,0.5,10.0,,,10.0,Fase 3 (7º e 8º ano),,
RA-324,2012,13,Feminino,13-15 anos,2022,Veterano,Escola Pública | Pública,2.0,2.0,,Topázio,Ametista,,8.27,7.6354,,7.6354,66.0,,,66.0,10.0,5.8,,5.8,9.3,9.0,,9.0,6.9,2.52,,2.52,6.8,8.4,,8.4,6.3,8.0,,8.0,7.2,8.7,,8.7,,,,,10.0,10.0,,10.0,Fase 2 (5º e 6º ano),Fase 2 (5° e 6° ano),
RA-325,2012,13,Masculino,13-15 anos,2022,Veterano,Escola Pública | Pública,2.0,2.0,3.0,Ametista,Agata,Topázio,7.619,6.243,8.385133333233336,7.415711111077779,265.0,,,265.0,9.5,0.0,9.168,6.222666666666666,6.8,7.1,9.866666666666667,7.922222222222222,7.5,5.0,7.51,6.669999999999999,6.0,5.6,7.0,6.2,6.0,3.8,7.0,5.6000000000000005,6.0,7.3,5.5,6.266666666666667,,,8.5,8.5,10.0,10.0,10.0,10.0,Fase 2 (5º e 6º ano),Fase 2 (5° e 6° ano),Fase 3 (7° e 8° ano)
RA-326,2010,15,Feminino,13-15 anos,2022,Veterano,Escola Pública | Privada,2.0,3.0,4.0,Topázio,Topázio,Topázio,8.22,8.65075,8.832389092333335,8.56771303077778,80.0,,,80.0,10.0,9.6,9.168,9.589333333333334,9.7,9.4,8.973112128333334,9.357704042777778,5.0,3.14,6.26,4.8,9.0,8.2,9.333333333333334,8.844444444444443,8.7,8.3,10.0,9.0,9.3,7.5,9.0,8.6,,8.8,9.0,9.0,5.0,10.0,10.0,8.333333333333334,Fase 3 (7º e 8º ano),Fase 3 (7° e 8° ano),Fase 3 (7° e 8° ano)
RA-327,2011,14,Menino,13-15 anos,2021,Veterano,Escola Pública,2.0,,,Ágata,,,6.986,,,6.986,491.0,,,491.0,8.5,,,8.5,8.8,,,8.8,7.5,,,7.5,2.8,,,2.8,2.3,,,2.3,3.2,,,3.2,,,,,10.0,,,10.0,Fase 2 (5º e 6º ano),,
RA-328,2010,15,Menino,13-15 anos,2020,Veterano,Escola Pública,2.0,,,Ágata,,,6.823,,,6.823,548.0,,,548.0,10.0,,,10.0,7.0,,,7.0,7.5,,,7.5,5.3,,,5.3,4.0,,,4.0,6.5,,,6.5,,,,,5.0,,,5.0,Fase 3 (7º e 8º ano),,
RA-329,2011,14,Menino,13-15 anos,2019,Veterano,Escola Pública,2.0,,,Ágata,,,6.313,,,6.313,683.0,,,683.0,7.4,,,7.4,6.9,,,6.9,4.4,,,4.4,5.0,,,5.0,3.0,,,3.0,7.0,,,7.0,,,,,10.0,,,10.0,Fase 2 (5º e 6º ano),,
RA-330,2008,17,Feminino,16-17 anos,2018,Veterano,Escola Pública | Pública,2.0,3.0,,Ágata,Agata,,6.446,6.084875,,6.084875,651.0,,,651.0,9.5,9.6,,9.6,8.8,7.2,,7.2,7.5,6.89,,6.89,2.5,3.3,,3.3,2.3,3.8,,3.8,2.7,3.8,,3.8,,2.3,,2.3,5.0,5.0,,5.0,Fase 4 (9º ano),Fase 5 (1° EM),
RA-331,2010,15,Feminino,13-15 anos,2021,Veterano,Escola Pública | Pública,2.0,3.0,3.0,Ágata,Ametista,Agata,6.636,7.039791667,6.231045707066668,6.635612458022223,613.0,,,613.0,9.0,9.6,8.751,9.116999999999999,8.7,8.6,7.735353535333334,8.34511784511111,7.5,2.52,8.755,6.258333333333333,3.7,5.2,3.5,4.133333333333334,2.3,5.7,4.0,4.0,5.0,4.8,3.5,4.433333333333334,,5.2,3.0,3.0,5.0,10.0,5.0,6.666666666666667,Fase 3 (7º e 8º ano),Fase 3 (7° e 8° ano),Fase 4 (9° ano)
RA-332,2009,16,Masculino,16-17 anos,2021,Veterano,Rede Decisão | Privada - Programa de Apadrinhamento,2.0,3.0,4.0,Ametista,Topázio,Topázio,7.883,8.002591667,8.421271701,8.102287789333333,176.0,,,176.0,9.5,9.2,9.585,9.428333333333333,9.0,8.4,7.605358505000001,8.335119501666666,8.1,8.76,9.38,8.746666666666668,7.5,6.8,7.0,7.1000000000000005,7.5,6.3,7.0,6.933333333333334,7.5,7.7,7.0,7.3999999999999995,,6.5,7.0,7.0,5.0,5.0,10.0,6.666666666666667,Fase 3 (7º e 8º ano),Fase 4 (9° ano),Fase 3 (7° e 8° ano)
RA-333,2008,17,Menino,16-17 anos,2018,Veterano,Escola JP II,2.0,,,Quartzo,,,5.249,,,5.249,807.0,,,807.0,8.0,,,8.0,5.8,,,5.8,3.8,,,3.8,2.9,,,2.9,0.2,,,0.2,5.7,,,5.7,,,,,5.0,,,5.0,Fase 4 (9º ano),,
RA-334,2011,14,Feminino,13-15 anos,2019,Veterano,Rede Decisão,2.0,,,Ametista,,,7.961,,,7.961,151.0,,,151.0,6.9,,,6.9,9.2,,,9.2,4.4,,,4.4,8.0,,,8.0,7.0,,,7.0,9.0,,,9.0,,,,,10.0,,,10.0,Fase 2 (5º e 6º ano),,
RA-335,2012,13,Menino,13-15 anos,2022,Veterano,Escola Pública,2.0,,,Ametista,,,7.902,,,7.902,168.0,,,168.0,9.5,,,9.5,9.4,,,9.4,7.5,,,7.5,7.4,,,7.4,5.8,,,5.8,9.0,,,9.0,,,,,10.0,,,10.0,Fase 2 (5º e 6º ano),,
RA-336,2009,16,Masculino,16-17 anos,2021,Veterano,Escola Pública | Pública,2.0,3.0,4.0,Ágata,Quartzo,Agata,6.787,5.887708333,6.834286748466667,6.502998360488888,560.0,,,560.0,9.5,0.0,7.5,5.666666666666667,8.5,7.5,5.512100409000001,7.170700136333334,4.4,6.89,6.26,5.849999999999999,5.1,5.1,5.833333333333333,5.344444444444444,4.5,6.7,6.0,5.733333333333333,5.7,5.2,6.5,5.8,,3.3,5.0,5.0,5.0,5.0,10.0,6.666666666666667,Fase 3 (7º e 8º ano),Fase 4 (9° ano),Fase 4 (9° ano)
RA-337,2011,14,Menino,13-15 anos,2022,Veterano,Escola Pública,2.0,,,Ametista,,,7.914,,,7.914,163.0,,,163.0,10.0,,,10.0,9.3,,,9.3,7.5,,,7.5,5.8,,,5.8,7.5,,,7.5,4.0,,,4.0,,,,,10.0,,,10.0,Fase 2 (5º e 6º ano),,
RA-338,2010,15,Masculino,13-15 anos,2021,Veterano,Escola Pública | Pública,2.0,3.0,4.0,Ágata,Topázio,Topázio,6.837,8.287441667,8.052795331466667,7.725745666155556,544.0,,,544.0,8.5,8.3,9.168,8.656,7.3,9.1,7.441643324,7.947214441333333,7.5,7.52,7.51,7.510000000000001,5.8,6.7,6.833333333333333,6.444444444444444,5.3,8.7,5.0,6.333333333333333,6.2,7.0,8.0,7.066666666666666,,4.5,7.5,7.5,5.0,10.0,10.0,8.333333333333334,Fase 3 (7º e 8º ano),Fase 3 (7° e 8° ano),Fase 4 (9° ano)
RA-339,2011,14,Feminino,13-15 anos,2021,Veterano,Escola Pública | Pública,2.0,3.0,4.0,Topázio,Ametista,Ametista,8.488,7.377583333,7.711540746133334,7.859041359711111,36.0,,,36.0,6.9,0.0,7.5,4.8,9.9,8.9,7.155537064000001,8.651845688,7.5,7.52,5.635,6.885000000000001,8.1,7.1,8.166666666666666,7.788888888888889,7.1,7.7,8.0,7.6000000000000005,9.2,5.7,7.0,7.3,,7.8,9.5,9.5,10.0,10.0,10.0,10.0,Fase 2 (5º e 6º ano),Fase 3 (7° e 8° ano),Fase 3 (7° e 8° ano)
RA-340,2011,14,Masculino,13-15 anos,2021,Veterano,Escola Pública | Pública,2.0,2.0,3.0,Ametista,Ametista,Agata,7.721,7.059666667,6.715437329466668,7.165367998822223,229.0,,,229.0,9.0,0.0,7.917,5.639,8.2,9.6,6.585769980666666,8.128589993555554,7.5,2.52,7.51,5.843333333333334,6.5,8.9,5.166666666666667,6.855555555555555,6.0,9.0,6.0,7.0,7.0,8.7,7.0,7.566666666666666,,,2.5,2.5,10.0,5.0,10.0,8.333333333333334,Fase 2 (5º e 6º ano),Fase 3 (7° e 8° ano),Fase 3 (7° e 8° ano)
RA-341,2010,15,Menino,13-15 anos,2022,Veterano,Escola Pública,2.0,,,Ágata,,,6.854,,,6.854,537.0,,,537.0,8.0,,,8.0,7.7,,,7.7,7.5,,,7.5,5.8,,,5.8,5.0,,,5.0,6.5,,,6.5,,,,,5.0,,,5.0,Fase 3 (7º e 8º ano),,
RA-342,2008,17,Feminino,16-17 anos,2021,Veterano,Escola Pública | Pública,2.0,3.0,4.0,Ágata,Ametista,Agata,6.941,7.539875,6.757026587266667,7.07930052908889,511.0,,,511.0,9.0,7.5,8.751,8.417,6.7,8.6,7.728174603333334,7.676058201111111,7.5,7.52,6.26,7.093333333333334,6.6,6.6,4.5,5.8999999999999995,5.5,6.3,6.5,6.1000000000000005,7.7,7.8,7.0,7.5,,5.7,0.0,0.0,5.0,5.0,5.0,5.0,Fase 4 (9º ano),Fase 5 (1° EM),Fase 5 (1° EM)
RA-343,2008,17,Masculino,16-17 anos,2020,Veterano,Escola Pública | Pública,2.0,3.0,,Ágata,Agata,,6.9,6.779591667,,6.779591667,525.0,,,525.0,9.5,9.2,,9.2,7.4,7.2,,7.2,7.5,6.26,,6.26,5.9,5.7,,5.7,4.2,4.5,,4.5,7.7,6.7,,6.7,,6.0,,6.0,5.0,5.0,,5.0,Fase 4 (9º ano),Fase 5 (1° EM),
RA-344,2011,14,Menino,13-15 anos,2019,Veterano,Escola Pública,2.0,,,Ametista,,,7.263,,,7.263,409.0,,,409.0,8.5,,,8.5,8.3,,,8.3,7.5,,,7.5,4.5,,,4.5,2.3,,,2.3,6.7,,,6.7,,,,,10.0,,,10.0,Fase 2 (5º e 6º ano),,
RA-345,2009,16,Masculino,16-17 anos,2021,Veterano,Escola Pública | Pública,2.0,3.0,,Quartzo,Agata,,5.75,6.534766667,,6.534766667,754.0,,,754.0,9.5,8.8,,8.8,5.4,6.8,,6.8,5.6,6.26,,6.26,3.6,4.6,,4.6,1.3,5.7,,5.7,5.8,5.7,,5.7,,2.5,,2.5,5.0,5.0,,5.0,Fase 3 (7º e 8º ano),Fase 4 (9° ano),
RA-346,2012,13,Masculino,13-15 anos,2022,Veterano,Escola Pública | Pública,2.0,3.0,3.0,Topázio,Ametista,Ametista,8.143,7.305541667,7.761749603200001,7.7367637567333345,102.0,,,102.0,10.0,0.0,10.002,6.6673333333333344,9.1,9.4,9.149206349333333,9.216402116444444,7.5,8.14,2.51,6.05,7.0,6.2,6.166666666666667,6.455555555555556,6.0,6.7,6.0,6.233333333333333,8.0,5.5,4.5,6.0,,6.5,8.0,8.0,10.0,10.0,10.0,10.0,Fase 2 (5º e 6º ano),Fase 2 (5° e 6° ano),Fase 3 (7° e 8° ano)
RA-347,2010,15,Feminino,13-15 anos,2021,Veterano,Escola Pública | Pública,2.0,3.0,4.0,Ametista,Ametista,Topázio,7.908,7.61835,8.384742583733333,7.970364194577779,167.0,,,167.0,9.0,6.7,8.751,8.150333333333334,10.0,9.5,9.673046251999999,9.724348750666666,5.6,2.52,6.885,5.001666666666666,8.5,7.3,7.666666666666667,7.822222222222223,8.5,6.7,6.5,7.233333333333333,8.5,6.2,7.5,7.3999999999999995,,9.0,9.0,9.0,5.0,10.0,10.0,8.333333333333334,Fase 3 (7º e 8º ano),Fase 3 (7° e 8° ano),Fase 3 (7° e 8° ano)
RA-348,2010,15,Masculino,13-15 anos,2022,Veterano,Escola Pública | Pública,2.0,2.0,,Quartzo,Agata,,5.864,6.817866667,,6.817866667,741.0,,,741.0,9.0,10.0,,10.0,8.7,8.7,,8.7,7.5,2.52,,2.52,1.8,4.4,,4.4,0.5,2.0,,2.0,3.0,6.7,,6.7,,,,,5.0,5.0,,5.0,Fase 3 (7º e 8º ano),Fase 3 (7° e 8° ano),
RA-349,2010,15,Menino,13-15 anos,2021,Veterano,Escola Pública,2.0,,,Quartzo,,,5.658,,,5.658,770.0,,,770.0,9.5,,,9.5,7.7,,,7.7,7.5,,,7.5,3.7,,,3.7,2.2,,,2.2,5.2,,,5.2,,,,,5.0,,,5.0,Fase 3 (7º e 8º ano),,
RA-350,2011,14,Feminino,13-15 anos,2022,Veterano,Escola Pública | Pública,2.0,2.0,,Topázio,Ametista,,8.206,7.972033333,,7.972033333,84.0,,,84.0,10.0,10.0,,10.0,8.8,9.7,,9.7,7.5,2.52,,2.52,6.5,9.0,,9.0,7.0,8.8,,8.8,6.0,9.2,,9.2,,,,,10.0,5.0,,5.0,Fase 2 (5º e 6º ano),Fase 3 (7° e 8° ano),
RA-351,2008,17,Menino,16-17 anos,2022,Veterano,Escola Pública,2.0,,,Ágata,,,6.622,,,6.622,618.0,,,618.0,9.0,,,9.0,7.2,,,7.2,7.5,,,7.5,4.0,,,4.0,3.2,,,3.2,4.8,,,4.8,,,,,5.0,,,5.0,Fase 4 (9º ano),,
RA-352,2011,14,Masculino,13-15 anos,2021,Veterano,Escola Pública | Pública,2.0,3.0,4.0,Ametista,Ametista,Quartzo,7.834,7.840341667,5.9794829346,7.217941533866667,191.0,,,191.0,9.0,9.2,8.334,8.844666666666667,8.1,8.1,4.453748006333333,6.884582668777777,5.6,6.26,6.26,6.039999999999999,7.0,7.2,3.1666666666666665,5.788888888888889,7.3,8.2,2.0,5.833333333333333,6.7,6.0,5.5,6.066666666666666,,7.5,2.0,2.0,10.0,10.0,10.0,10.0,Fase 2 (5º e 6º ano),Fase 3 (7° e 8° ano),Fase 3 (7° e 8° ano)
RA-353,2011,14,Feminino,13-15 anos,2022,Veterano,Escola Pública | Pública,2.0,3.0,,Topázio,Topázio,,8.264,8.309016667,,8.309016667,69.0,,,69.0,7.0,8.8,,8.8,10.0,9.9,,9.9,7.5,2.52,,2.52,7.5,8.4,,8.4,8.0,8.5,,8.5,7.0,7.3,,7.3,,9.5,,9.5,10.0,10.0,,10.0,Fase 2 (5º e 6º ano),Fase 3 (7° e 8° ano),
RA-354,2009,16,Feminino,16-17 anos,2018,Veterano,Escola Pública,2.0,,,Quartzo,,,5.858,,,5.858,742.0,,,742.0,8.5,,,8.5,4.3,,,4.3,7.5,,,7.5,4.5,,,4.5,2.8,,,2.8,6.2,,,6.2,,,,,5.0,,,5.0,Fase 3 (7º e 8º ano),,
RA-355,2010,15,Feminino,13-15 anos,2018,Veterano,Escola Pública,2.0,,,Quartzo,,,5.379,,,5.379,796.0,,,796.0,5.8,,,5.8,5.0,,,5.0,7.5,,,7.5,4.5,,,4.5,5.5,,,5.5,3.5,,,3.5,,,,,5.0,,,5.0,Fase 3 (7º e 8º ano),,
RA-356,2010,15,Masculino,13-15 anos,2021,Veterano,Escola Pública | Pública,2.0,3.0,4.0,Ágata,Agata,Agata,6.69,6.452008333,6.627336016533334,6.589781449844445,591.0,,,591.0,10.0,9.2,8.334,9.177999999999999,8.4,8.5,6.656346749333334,7.852115583111111,5.0,2.52,5.635,4.385,4.6,3.4,5.333333333333333,4.444444444444444,5.3,4.3,1.0,3.533333333333333,3.8,4.5,7.0,5.1000000000000005,,1.3,8.0,8.0,5.0,10.0,10.0,8.333333333333334,Fase 3 (7º e 8º ano),Fase 3 (7° e 8° ano),Fase 3 (7° e 8° ano)
RA-357,2010,15,Masculino,13-15 anos,2022,Veterano,Escola Pública | Pública,2.0,2.0,3.0,Ametista,Topázio,Ametista,7.836,8.2832,7.731569404200001,7.950256468066667,190.0,,,190.0,8.0,8.5,8.751,8.417,9.6,9.6,9.028180354333333,9.409393451444444,7.5,7.52,8.135,7.718333333333334,8.5,8.7,7.666666666666667,8.28888888888889,10.0,8.7,8.5,9.066666666666666,7.0,8.7,7.0,7.566666666666666,,,7.5,7.5,5.0,5.0,5.0,5.0,Fase 3 (7º e 8º ano),Fase 3 (7° e 8° ano),Fase 4 (9° ano)
RA-358,2009,16,Menino,16-17 anos,2022,Veterano,Escola Pública,2.0,,,Quartzo,,,5.412,,,5.412,795.0,,,795.0,7.5,,,7.5,6.5,,,6.5,7.5,,,7.5,0.0,,,0.0,0.0,,,0.0,0.0,,,0.0,,,,,5.0,,,5.0,Fase 3 (7º e 8º ano),,
RA-359,2010,15,Feminino,13-15 anos,2021,Veterano,Escola Pública | Pública,2.0,3.0,4.0,Ágata,Ametista,Ametista,6.606,7.627125,7.492006349133335,7.241710449711111,625.0,,,625.0,9.0,9.6,9.168,9.256,7.0,9.2,7.162698412666667,7.787566137555555,7.5,2.52,6.26,5.426666666666667,4.6,5.8,5.5,5.3,3.3,6.0,4.0,4.433333333333334,5.8,6.7,4.5,5.666666666666667,,4.7,8.0,8.0,5.0,10.0,10.0,8.333333333333334,Fase 3 (7º e 8º ano),Fase 3 (7° e 8° ano),Fase 3 (7° e 8° ano)
RA-360,2010,15,Feminino,13-15 anos,2021,Veterano,Escola Pública | Pública,2.0,3.0,3.0,Ametista,Quartzo,Agata,7.075,5.790875,6.293175689166667,6.386350229722222,463.0,,,463.0,9.5,0.0,8.334,5.9446666666666665,8.5,7.3,5.618045113,7.1393483710000005,7.5,2.52,5.0,5.006666666666667,5.2,4.3,5.833333333333333,5.111111111111111,4.7,5.3,4.0,4.666666666666667,5.7,4.8,6.0,5.5,,2.8,7.5,7.5,5.0,10.0,5.0,6.666666666666667,Fase 3 (7º e 8º ano),Fase 3 (7° e 8° ano),Fase 4 (9° ano)
RA-361,2009,16,Feminino,16-17 anos,2022,Veterano,Escola Pública,2.0,,,Ágata,,,6.731,,,6.731,576.0,,,576.0,7.9,,,7.9,9.2,,,9.2,6.3,,,6.3,5.0,,,5.0,4.0,,,4.0,6.0,,,6.0,,,,,5.0,,,5.0,Fase 3 (7º e 8º ano),,
RA-362,2010,15,Feminino,13-15 anos,2018,Veterano,Escola Pública | Pública,2.0,3.0,,Ametista,Agata,,7.413,6.392625,,6.392625,350.0,,,350.0,8.5,0.0,,0.0,7.9,7.5,,7.5,7.5,7.52,,7.52,7.9,5.1,,5.1,6.5,5.7,,5.7,9.3,6.8,,6.8,,2.8,,2.8,5.0,10.0,,10.0,Fase 3 (7º e 8º ano),Fase 3 (7° e 8° ano),
RA-363,2010,15,Masculino,13-15 anos,2022,Veterano,Escola Pública | Pública | Privada,2.0,2.0,3.0,Ágata,Agata,Ametista,6.644,6.680833333,7.617803571466666,6.980878968155555,610.0,,,610.0,10.0,0.0,9.585,6.528333333333333,10.0,9.9,9.523809524,9.807936508,6.9,2.52,5.625,5.015,2.0,6.8,5.333333333333333,4.711111111111111,1.0,6.8,4.0,3.9333333333333336,3.0,6.8,3.5,4.433333333333334,,,8.5,8.5,5.0,5.0,10.0,6.666666666666667,Fase 3 (7º e 8º ano),Fase 3 (7° e 8° ano),Fase 3 (7° e 8° ano)
RA-364,2011,14,Masculino,13-15 anos,2021,Veterano,Escola Pública | Pública,2.0,3.0,3.0,Topázio,Ametista,Topázio,8.75,7.734891667,8.2697037582,8.251531808400001,12.0,,,12.0,9.5,8.8,8.751,9.017000000000001,10.0,9.0,9.526143791,9.508714597,7.5,6.89,7.51,7.3,8.8,5.8,7.5,7.366666666666667,9.5,8.0,8.0,8.5,8.0,5.2,5.0,6.066666666666666,,4.3,9.5,9.5,10.0,10.0,10.0,10.0,Fase 2 (5º e 6º ano),Fase 3 (7° e 8° ano),Fase 3 (7° e 8° ano)
RA-365,2012,13,Feminino,13-15 anos,2022,Veterano,Escola Pública | Pública,2.0,2.0,3.0,Topázio,Topázio,Topázio,8.063,8.6587,8.526983333333334,8.416227777777777,129.0,,,129.0,8.0,10.0,9.585,9.195,10.0,9.9,10.0,9.966666666666667,5.0,2.52,7.51,5.01,7.8,8.7,6.666666666666667,7.722222222222222,6.0,8.2,8.0,7.3999999999999995,9.5,9.2,7.0,8.566666666666666,,,5.0,5.0,10.0,10.0,10.0,10.0,Fase 2 (5º e 6º ano),Fase 2 (5° e 6° ano),Fase 2 (5° e 6° ano)
RA-366,2010,15,Menino,13-15 anos,2022,Veterano,Escola Pública,2.0,,,Ametista,,,7.181,,,7.181,437.0,,,437.0,9.5,,,9.5,9.4,,,9.4,7.5,,,7.5,5.5,,,5.5,6.0,,,6.0,5.0,,,5.0,,,,,5.0,,,5.0,Fase 3 (7º e 8º ano),,
RA-367,2010,15,Feminino,13-15 anos,2021,Veterano,Escola Pública | Pública,2.0,3.0,4.0,Ágata,Ametista,Ametista,6.95,7.38685,7.209434085200001,7.182094695066667,506.0,,,506.0,8.5,8.8,9.168,8.822666666666667,7.4,8.7,7.268170426,7.789390142000001,6.3,2.52,6.26,5.026666666666666,6.7,5.9,5.0,5.866666666666667,5.2,7.0,2.0,4.733333333333333,8.2,5.5,5.5,6.3999999999999995,,5.2,7.5,7.5,5.0,10.0,10.0,8.333333333333334,Fase 3 (7º e 8º ano),Fase 3 (7° e 8° ano),Fase 3 (7° e 8° ano)
RA-368,2009,16,Masculino,16-17 anos,2021,Veterano,Rede Decisão | Pública,2.0,3.0,3.0,Ágata,Quartzo,Agata,6.969,5.796458333,6.782158333333333,6.515872222111111,497.0,,,497.0,8.0,0.0,7.917,5.305666666666666,7.9,7.7,6.166666666666667,7.255555555555556,5.0,2.52,7.51,5.01,7.3,6.7,7.0,7.0,5.5,5.0,4.5,5.0,9.0,7.2,7.0,7.733333333333333,,7.8,9.5,9.5,5.0,5.0,5.0,5.0,Fase 3 (7º e 8º ano),Fase 4 (9° ano),Fase 4 (9° ano)
RA-369,2011,14,Masculino,13-15 anos,2022,Veterano,Escola Pública | Pública,2.0,2.0,3.0,Ágata,Agata,Quartzo,6.973,6.0197,5.667282265,6.219994088333333,496.0,,,496.0,9.0,10.0,8.751,9.250333333333332,6.9,4.1,4.908119658333334,5.302706552777778,7.5,5.0,7.51,6.669999999999999,4.8,4.0,1.6666666666666667,3.488888888888889,4.0,5.0,0.0,3.0,5.5,3.0,0.0,2.8333333333333335,,,5.0,5.0,10.0,5.0,10.0,8.333333333333334,Fase 2 (5º e 6º ano),Fase 3 (7° e 8° ano),Fase 3 (7° e 8° ano)
RA-370,2010,15,Feminino,13-15 anos,2018,Veterano,Rede Decisão,2.0,,,Ametista,,,7.066,,,7.066,465.0,,,465.0,8.5,,,8.5,8.2,,,8.2,5.0,,,5.0,7.2,,,7.2,5.2,,,5.2,9.2,,,9.2,,,,,5.0,,,5.0,Fase 3 (7º e 8º ano),,
RA-371,2012,13,Feminino,13-15 anos,2022,Veterano,Escola Pública,2.0,,,Topázio,,,8.112,,,8.112,111.0,,,111.0,9.5,,,9.5,8.0,,,8.0,6.9,,,6.9,8.4,,,8.4,7.8,,,7.8,9.0,,,9.0,,,,,10.0,,,10.0,Fase 2 (5º e 6º ano),,
RA-372,2012,13,Menino,13-15 anos,2021,Veterano,Escola Pública,2.0,,,Ametista,,,7.304,,,7.304,389.0,,,389.0,8.5,,,8.5,5.5,,,5.5,6.9,,,6.9,7.8,,,7.8,8.3,,,8.3,7.2,,,7.2,,,,,10.0,,,10.0,Fase 2 (5º e 6º ano),,
RA-373,2011,14,Masculino,13-15 anos,2022,Veterano,Escola Pública | Pública,2.0,2.0,,Ametista,Agata,,7.503,6.805,,6.805,308.0,,,308.0,6.4,0.0,,0.0,9.5,9.7,,9.7,5.0,2.52,,2.52,7.3,8.4,,8.4,6.5,7.7,,7.7,8.0,9.0,,9.0,,,,,10.0,5.0,,5.0,Fase 2 (5º e 6º ano),Fase 3 (7° e 8° ano),
RA-374,2010,15,Feminino,13-15 anos,2021,Veterano,Escola Pública | Privada,2.0,3.0,,Ametista,Ametista,,7.747,7.533891667,,7.533891667,217.0,,,217.0,9.0,8.8,,8.8,9.8,8.3,,8.3,7.5,5.63,,5.63,6.9,5.4,,5.4,5.3,6.3,,6.3,8.5,6.3,,6.3,,3.7,,3.7,5.0,10.0,,10.0,Fase 3 (7º e 8º ano),Fase 3 (7° e 8° ano),
RA-375,2011,14,Masculino,13-15 anos,2021,Veterano,Escola Pública | Pública,2.0,2.0,3.0,Ametista,Ametista,Ametista,7.831,7.070833333,7.970034615400001,7.623955982800001,194.0,,,194.0,9.0,0.0,9.585,6.195,9.5,9.9,9.443589743666667,9.614529914555556,7.5,5.0,7.51,6.669999999999999,5.4,7.9,6.833333333333333,6.711111111111111,3.3,6.8,9.0,6.366666666666667,7.5,9.0,5.5,7.333333333333333,,,6.0,6.0,10.0,5.0,10.0,8.333333333333334,Fase 2 (5º e 6º ano),Fase 3 (7° e 8° ano),Fase 3 (7° e 8° ano)
RA-376,2010,15,Feminino,13-15 anos,2021,Veterano,Escola Pública | Pública,2.0,2.0,3.0,Ágata,Ametista,Quartzo,6.957,7.1392,5.896573588800001,6.664257862933333,500.0,,,500.0,9.0,8.5,10.002,9.167333333333334,9.0,9.6,8.287284610666667,8.962428203555556,7.5,2.52,2.51,4.176666666666667,4.3,5.9,2.8333333333333335,4.344444444444444,2.0,4.3,2.0,2.766666666666667,6.7,7.5,5.0,6.3999999999999995,,,1.5,1.5,5.0,5.0,5.0,5.0,Fase 3 (7º e 8º ano),Fase 3 (7° e 8° ano),Fase 4 (9° ano)
RA-377,2010,15,Feminino,13-15 anos,2021,Veterano,Escola Pública | Pública,2.0,3.0,4.0,Ágata,Ametista,Ametista,6.743,7.205041667,7.480115873000001,7.14271918,571.0,,,571.0,9.0,9.6,9.168,9.256,7.7,7.6,7.698412698333333,7.666137566111111,5.6,5.0,7.51,6.036666666666666,6.2,4.8,5.166666666666667,5.388888888888889,4.3,6.0,4.0,4.766666666666667,8.0,5.7,6.5,6.733333333333333,,2.8,5.0,5.0,5.0,10.0,10.0,8.333333333333334,Fase 3 (7º e 8º ano),Fase 3 (7° e 8° ano),Fase 4 (9° ano)
RA-378,2010,15,Menino,13-15 anos,2021,Veterano,Escola Pública,2.0,,,Ametista,,,7.203,,,7.203,428.0,,,428.0,9.0,,,9.0,6.8,,,6.8,5.6,,,5.6,8.1,,,8.1,8.7,,,8.7,7.5,,,7.5,,,,,5.0,,,5.0,Fase 3 (7º e 8º ano),,
RA-379,2009,16,Feminino,16-17 anos,2022,Veterano,Escola Pública,2.0,,,Ágata,,,6.722,,,6.722,581.0,,,581.0,8.5,,,8.5,8.1,,,8.1,7.5,,,7.5,5.0,,,5.0,5.0,,,5.0,5.0,,,5.0,,,,,5.0,,,5.0,Fase 3 (7º e 8º ano),,
RA-380,2009,16,Masculino,16-17 anos,2017,Veterano,Escola Pública | Pública,2.0,3.0,,Quartzo,Quartzo,,4.556,4.912375,,4.912375,842.0,,,842.0,7.9,0.0,,0.0,4.4,6.4,,6.4,5.0,2.52,,2.52,2.5,4.5,,4.5,2.3,7.0,,7.0,2.7,4.0,,4.0,,2.5,,2.5,5.0,5.0,,5.0,Fase 3 (7º e 8º ano),Fase 4 (9° ano),
RA-381,2009,16,Masculino,16-17 anos,2021,Veterano,Escola Pública | Pública,2.0,3.0,3.0,Ágata,Quartzo,Quartzo,6.454,5.758041667,5.940775,6.050938889,649.0,,,649.0,9.0,0.0,8.334,5.778,8.3,8.4,6.133333333333333,7.611111111111112,6.9,6.89,7.51,7.099999999999999,3.3,3.9,3.6666666666666665,3.622222222222222,1.5,5.3,2.5,3.1,5.2,5.3,4.5,5.0,,1.2,4.0,4.0,5.0,5.0,5.0,5.0,Fase 3 (7º e 8º ano),Fase 4 (9° ano),Fase 5 (1° EM)
RA-382,2008,17,Masculino,16-17 anos,2021,Veterano,Escola Pública | Pública,2.0,3.0,4.0,Ágata,Agata,Quartzo,6.777,6.223833333,5.805712280733333,6.268848537911111,561.0,,,561.0,9.0,0.0,9.168,6.056,7.7,9.4,6.324561403666666,7.808187134555556,6.3,6.26,5.63,6.063333333333333,5.4,5.2,3.0,4.533333333333334,4.0,5.0,2.0,3.6666666666666665,6.8,5.8,3.0,5.2,,4.7,4.0,4.0,5.0,5.0,5.0,5.0,Fase 4 (9º ano),Fase 5 (1° EM),Fase 5 (1° EM)
RA-383,2011,14,Masculino,13-15 anos,2021,Veterano,Escola Pública | Pública,2.0,3.0,4.0,Topázio,Ametista,Topázio,8.4,7.5408,8.036024386733335,7.992274795577778,47.0,,,47.0,9.0,9.2,9.168,9.122666666666666,9.6,8.8,8.600288600333334,9.000096200111111,7.5,3.14,7.51,6.05,8.1,6.5,5.833333333333333,6.811111111111111,8.0,6.3,1.0,5.1000000000000005,8.2,6.2,8.0,7.466666666666666,,7.0,8.5,8.5,10.0,10.0,10.0,10.0,Fase 2 (5º e 6º ano),Fase 3 (7° e 8° ano),Fase 3 (7° e 8° ano)
RA-384,2010,15,Feminino,13-15 anos,2021,Veterano,Escola Pública | Pública,2.0,3.0,4.0,Ametista,Agata,Topázio,7.558,6.757958333,8.072200721466668,7.462719684822223,291.0,,,291.0,9.0,0.0,7.5,5.5,8.4,9.1,8.607503607333333,8.702501202444445,6.3,2.52,7.51,5.4433333333333325,8.1,7.3,7.5,7.633333333333333,8.0,6.3,5.0,6.433333333333334,8.2,7.2,9.5,8.299999999999999,,8.3,8.0,8.0,5.0,10.0,10.0,8.333333333333334,Fase 3 (7º e 8º ano),Fase 3 (7° e 8° ano),Fase 4 (9° ano)
RA-385,2010,15,Feminino,13-15 anos,2022,Veterano,Escola Pública,2.0,,,Ágata,,,6.083,,,6.083,712.0,,,712.0,7.4,,,7.4,7.5,,,7.5,5.0,,,5.0,4.9,,,4.9,2.7,,,2.7,7.2,,,7.2,,,,,5.0,,,5.0,Fase 3 (7º e 8º ano),,
RA-386,2009,16,Masculino,16-17 anos,2019,Veterano,Escola Pública | Pública,2.0,3.0,,Ágata,Quartzo,,6.104,5.758425,,5.758425,707.0,,,707.0,10.0,9.2,,9.2,5.9,7.0,,7.0,5.6,2.52,,2.52,4.0,3.3,,3.3,3.7,5.0,,5.0,4.3,3.7,,3.7,,1.2,,1.2,5.0,5.0,,5.0,Fase 3 (7º e 8º ano),Fase 4 (9° ano),
RA-387,2009,16,Masculino,16-17 anos,2021,Veterano,Escola Pública | Pública,2.0,3.0,3.0,Ágata,Quartzo,Agata,6.323,4.794333333,6.125500000000001,5.747611111,680.0,,,680.0,7.0,0.0,7.5,4.833333333333333,8.2,6.8,7.166666666666667,7.388888888888889,7.5,2.52,7.51,5.843333333333334,3.7,3.0,4.333333333333333,3.6777777777777776,1.3,4.3,5.0,3.533333333333333,6.0,2.8,4.0,4.266666666666667,,1.8,4.0,4.0,5.0,5.0,5.0,5.0,Fase 3 (7º e 8º ano),Fase 4 (9° ano),Fase 4 (9° ano)
RA-388,2008,17,Feminino,16-17 anos,2021,Veterano,Escola Pública | Pública,2.0,3.0,4.0,Ágata,Quartzo,Quartzo,6.654,5.630833333,5.965307936466667,6.083380423155556,605.0,,,605.0,7.9,0.0,7.5,5.133333333333334,8.5,7.4,6.349206349,7.416402116333334,5.6,5.63,7.51,6.246666666666667,4.5,4.2,4.333333333333333,4.344444444444444,3.5,6.0,1.0,3.5,5.5,4.3,7.0,5.6000000000000005,,2.2,5.0,5.0,5.0,5.0,5.0,5.0,Fase 4 (9º ano),Fase 5 (1° EM),Fase 5 (1° EM)
RA-389,2011,14,Masculino,13-15 anos,2021,Veterano,Escola Pública | Pública,2.0,2.0,3.0,Ametista,Agata,Ametista,7.184,6.687,7.2079551282,7.0263183760666665,435.0,,,435.0,8.0,0.0,9.585,5.861666666666667,8.9,8.2,6.674358974333333,7.924786324777778,7.5,2.52,8.76,6.260000000000001,3.5,8.2,5.166666666666667,5.622222222222223,2.0,6.8,6.5,5.1000000000000005,5.0,9.5,4.0,6.166666666666667,,,5.0,5.0,10.0,5.0,10.0,8.333333333333334,Fase 2 (5º e 6º ano),Fase 3 (7° e 8° ano),Fase 3 (7° e 8° ano)
RA-390,2010,15,Feminino,13-15 anos,2022,Veterano,Escola Pública | Pública,2.0,3.0,3.0,Ágata,Agata,Agata,6.776,6.905741667,6.5472236842000004,6.742988450400001,563.0,,,563.0,7.4,7.9,7.5,7.6000000000000005,8.8,8.8,6.080701754333333,7.893567251444445,6.3,2.52,8.755,5.858333333333334,4.7,4.8,4.166666666666667,4.555555555555556,4.0,5.7,3.0,4.233333333333333,5.3,5.8,2.5,4.533333333333333,,3.0,7.0,7.0,5.0,10.0,10.0,8.333333333333334,Fase 3 (7º e 8º ano),Fase 3 (7° e 8° ano),Fase 3 (7° e 8° ano)
RA-391,2010,15,Feminino,13-15 anos,2022,Veterano,Escola Pública | Pública,2.0,3.0,,Ametista,Agata,,7.117,6.5107,,6.5107,451.0,,,451.0,10.0,7.9,,7.9,8.1,7.5,,7.5,7.5,2.52,,2.52,5.1,3.5,,3.5,5.0,4.2,,4.2,5.2,5.0,,5.0,,1.3,,1.3,5.0,10.0,,10.0,Fase 3 (7º e 8º ano),Fase 3 (7° e 8° ano),
RA-392,2008,17,Masculino,16-17 anos,2022,Veterano,Escola Pública | Pública,2.0,3.0,4.0,Ágata,Agata,Quartzo,6.418,6.567208333,4.3639463364,5.783051556466667,657.0,,,657.0,9.5,9.6,9.585,9.561666666666667,8.8,9.5,5.414731682,7.904910560666667,5.6,2.52,5.635,4.585,4.8,4.6,1.0,3.4666666666666663,3.7,6.2,0.0,3.3000000000000003,5.8,4.7,2.0,4.166666666666667,,2.8,1.0,1.0,5.0,5.0,5.0,5.0,Fase 4 (9º ano),Fase 5 (1° EM),Fase 5 (1° EM)
RA-393,2006,19,Feminino,18+ anos,2018,Veterano,Escola Pública,2.0,,,Quartzo,,,5.518,,,5.518,790.0,,,790.0,10.0,,,10.0,5.4,,,5.4,5.0,,,5.0,4.6,,,4.6,4.7,,,4.7,4.5,,,4.5,,,,,2.5,,,2.5,Fase 6 (2º EM),,
RA-394,2011,14,Feminino,13-15 anos,2022,Veterano,Escola Pública,2.0,,,Ametista,,,7.897,,,7.897,171.0,,,171.0,9.5,,,9.5,8.6,,,8.6,7.5,,,7.5,5.9,,,5.9,4.3,,,4.3,7.5,,,7.5,,,,,10.0,,,10.0,Fase 2 (5º e 6º ano),,
RA-395,2011,14,Feminino,13-15 anos,2021,Veterano,Escola Pública | Pública,2.0,3.0,4.0,Ametista,Ametista,Ametista,7.683,7.469175,7.169905291000001,7.440693430333333,239.0,,,239.0,9.0,9.2,8.751,8.983666666666666,8.9,8.6,6.921693121666666,8.140564373888889,7.5,2.52,6.26,5.426666666666667,4.9,6.0,4.333333333333333,5.077777777777778,4.2,6.7,2.5,4.466666666666667,5.7,5.3,5.5,5.5,,6.0,5.0,5.0,10.0,10.0,10.0,10.0,Fase 2 (5º e 6º ano),Fase 3 (7° e 8° ano),Fase 3 (7° e 8° ano)
RA-396,2010,15,Menino,13-15 anos,2022,Veterano,Escola Pública,2.0,,,Ágata,,,6.556,,,6.556,637.0,,,637.0,9.0,,,9.0,8.0,,,8.0,6.3,,,6.3,5.6,,,5.6,4.7,,,4.7,6.5,,,6.5,,,,,5.0,,,5.0,Fase 3 (7º e 8º ano),,
RA-397,2008,17,Feminino,16-17 anos,2021,Veterano,Escola Pública | Pública,2.0,4.0,4.0,Quartzo,Agata,Agata,5.852,6.207083333,6.807291921866668,6.288791751622223,744.0,,,744.0,9.0,7.5,7.918,8.139333333333333,5.7,7.9,7.885292942666666,7.161764314222222,6.9,2.52,5.63,5.016666666666667,2.8,4.6,5.666666666666667,4.355555555555555,3.3,6.7,5.0,5.0,2.3,5.0,4.5,3.9333333333333336,,2.0,7.5,7.5,5.0,5.0,5.0,5.0,Fase 4 (9º ano),Fase 5 (1° EM),Fase 6 (2° EM)
RA-398,2012,13,Feminino,13-15 anos,2022,Veterano,Escola Pública | Pública,2.0,3.0,3.0,Ametista,Ametista,Ametista,7.742,7.153766667,7.2457999999666685,7.380522222322223,221.0,,,221.0,9.0,6.7,7.083,7.594333333333334,9.3,8.1,5.733333333333333,7.711111111111111,7.5,2.52,7.51,5.843333333333334,5.5,6.5,8.0,6.666666666666667,3.0,9.3,8.5,6.933333333333334,8.0,5.8,7.5,7.1000000000000005,,4.5,8.0,8.0,10.0,10.0,10.0,10.0,Fase 2 (5º e 6º ano),Fase 2 (5° e 6° ano),Fase 3 (7° e 8° ano)
RA-399,2010,15,Feminino,13-15 anos,2022,Veterano,Escola Pública | Pública,2.0,3.0,,Ágata,Ametista,,6.58,7.000033333,,7.000033333,633.0,,,633.0,6.8,7.9,,7.9,9.3,8.2,,8.2,5.6,2.52,,2.52,4.3,4.7,,4.7,3.0,5.0,,5.0,5.5,4.2,,4.2,,4.8,,4.8,5.0,10.0,,10.0,Fase 3 (7º e 8º ano),Fase 3 (7° e 8° ano),
RA-400,2008,17,Masculino,16-17 anos,2018,Veterano,Escola Pública | Pública,2.0,3.0,,Ágata,Agata,,6.042,6.529425,,6.529425,720.0,,,720.0,9.0,9.2,,9.2,8.5,9.0,,9.0,5.0,2.52,,2.52,1.7,4.1,,4.1,1.2,4.8,,4.8,2.2,4.7,,4.7,,2.8,,2.8,5.0,5.0,,5.0,Fase 4 (9º ano),Fase 4 (9° ano),
RA-401,2010,15,Feminino,13-15 anos,2021,Veterano,Escola Pública | Pública,2.0,2.0,3.0,Ágata,Agata,Agata,6.645,6.363666667,6.728911403533334,6.579192690177778,609.0,,,609.0,6.9,4.0,6.666,5.855333333333334,9.6,8.1,6.839473684333334,8.179824561444445,7.5,2.52,6.885,5.635000000000001,4.3,7.3,4.833333333333333,5.477777777777778,3.7,6.3,7.0,5.666666666666667,5.0,8.3,5.0,6.1000000000000005,,,2.5,2.5,5.0,5.0,10.0,6.666666666666667,Fase 3 (7º e 8º ano),Fase 3 (7° e 8° ano),Fase 3 (7° e 8° ano)
RA-402,2010,15,Feminino,13-15 anos,2021,Veterano,Escola Pública | Pública,2.0,3.0,4.0,Quartzo,Agata,Quartzo,5.261,6.632716667,5.683064814833333,5.858927160611111,806.0,,,806.0,9.0,9.2,7.5,8.566666666666666,3.7,7.3,3.074074074,4.691358024666667,5.0,2.52,6.26,4.593333333333333,3.0,4.2,4.166666666666667,3.788888888888889,4.3,4.7,3.0,4.0,1.7,4.0,3.5,3.0666666666666664,,4.0,6.0,6.0,5.0,10.0,10.0,8.333333333333334,Fase 3 (7º e 8º ano),Fase 3 (7° e 8° ano),Fase 4 (9° ano)
RA-403,2010,15,Masculino,13-15 anos,2021,Veterano,Escola Pública | Pública,2.0,2.0,3.0,Ametista,Ametista,Topázio,7.455,7.716366667,8.008488888833334,7.726618518611112,334.0,,,334.0,9.5,8.5,8.751,8.917,9.3,8.8,7.361111111,8.487037037,7.5,6.27,7.51,7.093333333333334,6.3,7.8,7.666666666666667,7.2555555555555555,6.5,6.8,6.0,6.433333333333334,6.2,8.8,8.0,7.666666666666667,,,9.0,9.0,5.0,5.0,10.0,6.666666666666667,Fase 3 (7º e 8º ano),Fase 3 (7° e 8° ano),Fase 3 (7° e 8° ano)
RA-404,2010,15,Feminino,13-15 anos,2021,Veterano,Escola Pública | Pública,2.0,2.0,3.0,Ágata,Agata,Agata,6.658,6.7093,6.624588235266668,6.663962745088889,602.0,,,602.0,9.0,7.9,8.334,8.411333333333333,7.3,8.3,6.286274509666666,7.295424836555555,7.5,5.02,2.51,5.01,5.3,6.0,5.666666666666667,5.655555555555556,4.0,4.7,6.0,4.8999999999999995,6.5,7.2,5.0,6.233333333333333,,,6.0,6.0,5.0,5.0,10.0,6.666666666666667,Fase 3 (7º e 8º ano),Fase 3 (7° e 8° ano),Fase 3 (7° e 8° ano)
RA-405,2009,16,Menino,16-17 anos,2016,Veterano,Escola Pública,2.0,,,Quartzo,,,5.661,,,5.661,769.0,,,769.0,9.5,,,9.5,6.2,,,6.2,5.0,,,5.0,3.3,,,3.3,2.7,,,2.7,3.8,,,3.8,,,,,5.0,,,5.0,Fase 3 (7º e 8º ano),,
RA-406,2009,16,Feminino,16-17 anos,2019,Veterano,Escola Pública,2.0,,,Ametista,,,7.496,,,7.496,314.0,,,314.0,9.5,,,9.5,9.5,,,9.5,7.5,,,7.5,6.6,,,6.6,5.4,,,5.4,7.8,,,7.8,,,,,5.0,,,5.0,Fase 3 (7º e 8º ano),,
RA-407,2009,16,Masculino,16-17 anos,2022,Veterano,Escola Pública | Pública,2.0,3.0,4.0,Ametista,Ametista,Ametista,7.195,7.665083333,7.0875128168,7.315865383266666,431.0,,,431.0,8.5,9.6,8.334,8.811333333333334,9.3,8.6,7.614522417333333,8.504840805777777,7.5,7.52,6.26,7.093333333333334,6.0,7.3,3.6666666666666665,5.655555555555556,4.0,7.3,2.0,4.433333333333334,8.0,7.2,5.0,6.733333333333333,,7.3,4.0,4.0,5.0,5.0,10.0,6.666666666666667,Fase 3 (7º e 8º ano),Fase 4 (9° ano),Fase 4 (9° ano)
RA-408,2010,15,Feminino,13-15 anos,2022,Veterano,Escola Pública | Pública,2.0,2.0,3.0,Ágata,Ametista,Agata,6.725,7.242133333,6.5276296297,6.831587654233334,578.0,,,578.0,8.0,7.9,7.5,7.8,9.7,8.5,4.981481481666667,7.7271604938888885,7.5,3.77,7.51,6.260000000000001,3.3,6.8,4.833333333333333,4.977777777777778,1.0,6.0,3.0,3.3333333333333335,5.5,7.5,5.5,6.166666666666667,,,6.0,6.0,5.0,5.0,10.0,6.666666666666667,Fase 3 (7º e 8º ano),Fase 3 (7° e 8° ano),Fase 3 (7° e 8° ano)
RA-409,2011,14,Feminino,13-15 anos,2022,Veterano,Escola Pública | Pública,2.0,2.0,3.0,Topázio,Ametista,Topázio,8.15,7.621466667,8.225462962900002,7.9989765433,99.0,,,99.0,7.9,8.4,9.585,8.628333333333334,9.7,9.5,9.231481481333333,9.477160493777777,7.5,2.52,7.51,5.843333333333334,7.8,8.0,7.166666666666667,7.655555555555556,6.0,6.2,7.0,6.3999999999999995,9.5,9.7,7.5,8.9,,,7.0,7.0,10.0,5.0,10.0,8.333333333333334,Fase 2 (5º e 6º ano),Fase 3 (7° e 8° ano),Fase 3 (7° e 8° ano)
RA-410,2008,17,Masculino,16-17 anos,2018,Veterano,Escola Pública | Pública,2.0,3.0,,Quartzo,Agata,,5.675,6.140808333,,6.140808333,763.0,,,763.0,7.4,8.8,,8.8,6.5,5.8,,5.8,6.3,7.52,,7.52,2.0,4.9,,4.9,2.0,5.0,,5.0,2.0,4.8,,4.8,,4.8,,4.8,5.0,5.0,,5.0,Fase 4 (9º ano),Fase 4 (9° ano),
RA-411,2010,15,Feminino,13-15 anos,2021,Veterano,Escola Pública | Privada,2.0,3.0,4.0,Ametista,Ametista,Ametista,7.232,7.779983333,7.279762962966667,7.430582098655556,415.0,,,415.0,6.4,6.2,7.083,6.561,8.6,9.0,9.148148147999999,8.916049382666666,7.5,7.52,5.635,6.885000000000001,7.1,6.6,4.833333333333333,6.177777777777777,6.7,5.7,3.5,5.3,7.5,6.7,7.0,7.066666666666666,,7.3,4.0,4.0,5.0,10.0,10.0,8.333333333333334,Fase 3 (7º e 8º ano),Fase 3 (7° e 8° ano),Fase 4 (9° ano)
RA-412,2010,15,Feminino,13-15 anos,2021,Veterano,Escola Pública | Pública,2.0,3.0,4.0,Ametista,Ametista,Topázio,7.556,7.373891667,8.044378070166667,7.658089912388888,292.0,,,292.0,8.5,8.8,8.334,8.544666666666666,9.0,8.9,8.456140351,8.785380117,7.5,2.52,6.26,5.426666666666667,7.3,6.2,7.333333333333333,6.944444444444444,6.5,5.8,8.0,6.766666666666667,8.2,5.2,6.0,6.466666666666666,,7.7,8.0,8.0,5.0,10.0,10.0,8.333333333333334,Fase 3 (7º e 8º ano),Fase 3 (7° e 8° ano),Fase 4 (9° ano)
RA-413,2010,15,Feminino,13-15 anos,2022,Veterano,Escola Pública | Pública,2.0,2.0,,Ágata,Agata,,6.408,6.803633333,,6.803633333,660.0,,,660.0,6.4,7.9,,7.9,8.7,8.9,,8.9,5.6,2.52,,2.52,4.7,6.3,,6.3,4.2,5.8,,5.8,5.2,6.7,,6.7,,,,,5.0,5.0,,5.0,Fase 3 (7º e 8º ano),Fase 3 (7° e 8° ano),
RA-414,2010,15,Feminino,13-15 anos,2021,Veterano,Escola Pública | Pública,2.0,3.0,3.0,Ametista,Ametista,Ametista,7.284,7.25025,7.187625925933334,7.240625308644444,399.0,,,399.0,8.0,0.0,7.917,5.305666666666666,9.3,9.5,8.429629629666666,9.07654320988889,7.5,7.52,7.51,7.510000000000001,5.9,6.5,6.0,6.133333333333333,5.7,6.0,9.0,6.8999999999999995,6.2,7.0,3.0,5.3999999999999995,,6.5,6.0,6.0,5.0,10.0,10.0,8.333333333333334,Fase 3 (7º e 8º ano),Fase 3 (7° e 8° ano),Fase 3 (7° e 8° ano)
RA-415,2011,14,Feminino,13-15 anos,2019,Veterano,Escola Pública | Pública,2.0,3.0,,Ametista,Ametista,,7.695,7.18805,,7.18805,235.0,,,235.0,8.0,7.1,,7.1,8.3,8.2,,8.2,7.5,7.52,,7.52,6.2,3.7,,3.7,4.8,2.8,,2.8,7.5,4.0,,4.0,,4.3,,4.3,10.0,10.0,,10.0,Fase 2 (5º e 6º ano),Fase 3 (7° e 8° ano),
RA-416,2010,15,Masculino,13-15 anos,2021,Veterano,Rede Decisão | Privada - Programa de Apadrinhamento,2.0,3.0,4.0,Ametista,Topázio,Topázio,7.913,8.144425,8.700808577033333,8.252744525677778,164.0,,,164.0,9.5,9.2,8.751,9.150333333333334,9.3,9.8,8.972709551666666,9.357569850555556,8.8,2.52,7.51,6.276666666666666,7.2,7.6,8.0,7.6000000000000005,6.7,7.0,8.0,7.233333333333333,7.7,7.0,7.5,7.3999999999999995,,8.8,8.5,8.5,5.0,10.0,10.0,8.333333333333334,Fase 3 (7º e 8º ano),Fase 3 (7° e 8° ano),Fase 3 (7° e 8° ano)
RA-417,2009,16,Feminino,16-17 anos,2022,Veterano,Escola Pública | Pública,2.0,3.0,4.0,Topázio,Topázio,Topázio,8.428,8.257658333,8.533628557533333,8.406428963511111,43.0,,,43.0,10.0,5.4,8.334,7.911333333333334,10.0,9.7,8.401559454333333,9.367186484777777,7.5,7.52,7.51,7.510000000000001,8.0,7.8,8.833333333333334,8.21111111111111,6.0,6.7,9.0,7.233333333333333,10.0,8.3,10.0,9.433333333333334,,8.3,7.5,7.5,5.0,10.0,10.0,8.333333333333334,Fase 3 (7º e 8º ano),Fase 3 (7° e 8° ano),Fase 4 (9° ano)
RA-418,2012,13,Feminino,13-15 anos,2021,Veterano,Rede Decisão | Privada - Programa de Apadrinhamento,2.0,3.0,4.0,Topázio,Topázio,Topázio,8.175,8.1686,9.125183333366667,8.489594444455557,93.0,,,93.0,8.0,8.8,8.751,8.517000000000001,9.4,10.0,10.0,9.799999999999999,7.5,2.52,7.51,5.843333333333334,7.5,8.1,9.333333333333334,8.311111111111112,6.5,6.7,9.5,7.566666666666666,8.5,8.3,8.5,8.433333333333334,,9.3,10.0,10.0,10.0,10.0,10.0,10.0,Fase 2 (5º e 6º ano),Fase 2 (5° e 6° ano),Fase 3 (7° e 8° ano)
RA-419,2010,15,Feminino,13-15 anos,2021,Veterano,Rede Decisão | Privada - Programa de Apadrinhamento,2.0,3.0,4.0,Ametista,Ametista,Topázio,7.359,7.7261,8.355707894766669,7.81360263158889,375.0,,,375.0,7.5,6.7,7.083,7.094333333333334,9.2,9.5,9.382456140666667,9.360818713555554,5.6,2.52,6.26,4.793333333333333,6.9,7.6,8.166666666666666,7.5555555555555545,5.3,7.0,6.5,6.266666666666667,8.5,7.3,8.0,7.933333333333334,,8.5,10.0,10.0,5.0,10.0,10.0,8.333333333333334,Fase 3 (7º e 8º ano),Fase 3 (7° e 8° ano),Fase 3 (7° e 8° ano)
RA-420,2011,14,Feminino,13-15 anos,2021,Veterano,Rede Decisão | Privada - Programa de Apadrinhamento,2.0,3.0,4.0,Ametista,Ametista,Ametista,7.461,7.356358333,7.544228947400001,7.453862426800001,331.0,,,331.0,9.5,8.3,8.334,8.711333333333334,9.0,9.3,9.557894737,9.285964912333334,5.6,2.52,6.26,4.793333333333333,4.5,5.3,4.0,4.6000000000000005,1.3,5.7,3.0,3.3333333333333335,7.7,5.8,4.5,6.0,,4.3,4.5,4.5,10.0,10.0,10.0,10.0,Fase 2 (5º e 6º ano),Fase 3 (7° e 8° ano),Fase 3 (7° e 8° ano)
RA-421,2011,14,Masculino,13-15 anos,2021,Veterano,Escola Pública | Pública,2.0,3.0,4.0,Topázio,Topázio,Topázio,8.717,8.030716667,8.488232329,8.411982998666666,14.0,,,14.0,8.5,9.2,8.751,8.817,9.3,9.9,9.540744978333334,9.580248326111112,7.5,2.52,7.51,5.843333333333334,8.8,7.3,6.666666666666667,7.5888888888888895,9.2,8.0,5.0,7.3999999999999995,8.5,6.2,6.0,6.8999999999999995,,7.8,9.0,9.0,10.0,10.0,10.0,10.0,Fase 2 (5º e 6º ano),Fase 3 (7° e 8° ano),Fase 3 (7° e 8° ano)
RA-422,2010,15,Masculino,13-15 anos,2022,Veterano,Escola Pública | Pública,2.0,2.0,3.0,Ágata,Quartzo,Quartzo,6.746,5.57,5.544981481433334,5.953660493811111,569.0,,,569.0,8.5,0.0,7.5,5.333333333333333,10.0,7.8,6.157407407333333,7.985802469111111,7.5,7.52,7.51,7.510000000000001,2.5,4.4,2.8333333333333335,3.244444444444445,1.0,3.0,3.0,2.3333333333333335,4.0,5.7,4.5,4.733333333333333,,,1.0,1.0,5.0,5.0,5.0,5.0,Fase 3 (7º e 8º ano),Fase 3 (7° e 8° ano),Fase 4 (9° ano)
RA-423,2010,15,Feminino,13-15 anos,2022,Veterano,Escola Pública | Pública,2.0,2.0,3.0,Ágata,Agata,Agata,6.647,6.607533333,6.616193704866666,6.62357567928889,607.0,,,607.0,8.4,8.0,5.833,7.410999999999999,9.6,8.7,6.501135191,8.267045063666666,7.5,6.89,8.13,7.506666666666668,2.3,3.4,4.333333333333333,3.3444444444444437,0.5,2.3,6.0,2.9333333333333336,4.0,4.5,3.5,4.0,,,3.5,3.5,5.0,5.0,10.0,6.666666666666667,Fase 3 (7º e 8º ano),Fase 3 (7° e 8° ano),Fase 3 (7° e 8° ano)
RA-424,2010,15,Feminino,13-15 anos,2022,Veterano,Escola Pública | Pública,2.0,3.0,4.0,Ametista,Ametista,Ametista,7.94,7.72685,7.341187280733334,7.669345760244444,159.0,,,159.0,9.0,8.8,8.334,8.711333333333334,10.0,9.9,9.616228070333333,9.838742690111111,7.5,2.52,7.51,5.843333333333334,7.5,6.4,3.3333333333333335,5.7444444444444445,10.0,5.0,2.0,5.666666666666667,5.0,6.7,6.0,5.8999999999999995,,7.5,2.0,2.0,5.0,10.0,10.0,8.333333333333334,Fase 3 (7º e 8º ano),Fase 3 (7° e 8° ano),Fase 4 (9° ano)
RA-425,2010,15,Masculino,13-15 anos,2022,Veterano,Escola Pública | Pública,2.0,3.0,4.0,Topázio,Topázio,Topázio,8.117,8.10555,9.016616666700001,8.413055555566666,110.0,,,110.0,9.0,9.2,10.002,9.400666666666666,10.0,9.9,10.0,9.966666666666667,7.5,2.52,6.26,5.426666666666667,9.0,7.5,9.0,8.5,9.0,6.7,10.0,8.566666666666666,9.0,7.3,7.5,7.933333333333334,,8.5,9.5,9.5,5.0,10.0,10.0,8.333333333333334,Fase 3 (7º e 8º ano),Fase 3 (7° e 8° ano),Fase 4 (9° ano)
RA-426,2008,17,Feminino,16-17 anos,2022,Veterano,Escola Pública | Pública,2.0,3.0,4.0,Ágata,Agata,Agata,6.35,6.329158333,6.6430030186,6.440720450533334,668.0,,,668.0,9.0,5.4,7.917,7.439,6.5,7.6,7.9050567596666665,7.335018919888888,7.5,5.0,4.38,5.626666666666666,4.6,5.0,4.833333333333333,4.811111111111111,2.3,4.7,3.5,3.5,6.8,5.2,7.0,6.333333333333333,,5.0,4.0,4.0,5.0,5.0,5.0,5.0,Fase 4 (9º ano),Fase 4 (9° ano),Fase 5 (1° EM)
RA-427,2009,16,Menino,16-17 anos,2022,Veterano,Escola Pública,2.0,,,Ágata,,,6.245,,,6.245,696.0,,,696.0,8.0,,,8.0,8.5,,,8.5,7.5,,,7.5,2.5,,,2.5,3.0,,,3.0,2.0,,,2.0,,,,,5.0,,,5.0,Fase 3 (7º e 8º ano),,
RA-428,2009,16,Masculino,16-17 anos,2022,Veterano,Escola Pública | Pública,2.0,3.0,4.0,Ametista,Ametista,Ametista,7.683,7.821816667,7.534949122800001,7.679921929933333,238.0,,,238.0,6.8,8.3,9.168,8.089333333333334,8.7,9.5,8.898245614,9.032748538,7.5,2.52,5.635,5.218333333333333,9.5,7.2,5.0,7.233333333333333,10.0,9.3,3.0,7.433333333333334,9.0,4.7,4.0,5.8999999999999995,,7.7,8.0,8.0,5.0,10.0,10.0,8.333333333333334,Fase 3 (7º e 8º ano),Fase 3 (7° e 8° ano),Fase 4 (9° ano)
RA-429,2009,16,Menino,16-17 anos,2019,Veterano,Escola Pública,2.0,,,Quartzo,,,5.811,,,5.811,749.0,,,749.0,10.0,,,10.0,5.3,,,5.3,7.5,,,7.5,2.7,,,2.7,2.8,,,2.8,2.5,,,2.5,,,,,5.0,,,5.0,Fase 3 (7º e 8º ano),,
RA-430,2009,16,Masculino,16-17 anos,2022,Veterano,Escola Pública | Pública,2.0,3.0,,Ametista,Ametista,,7.585,7.146716667,,7.146716667,281.0,,,281.0,9.5,9.2,,9.2,8.6,9.3,,9.3,7.5,2.52,,2.52,8.5,6.4,,6.4,7.5,7.3,,7.3,9.5,5.5,,5.5,,6.5,,6.5,5.0,5.0,,5.0,Fase 3 (7º e 8º ano),Fase 4 (9° ano),
RA-431,2011,14,Menino,13-15 anos,2022,Veterano,Escola Pública,2.0,,,Ametista,,,7.175,,,7.175,439.0,,,439.0,9.0,,,9.0,8.1,,,8.1,7.5,,,7.5,4.5,,,4.5,5.0,,,5.0,4.0,,,4.0,,,,,10.0,,,10.0,Fase 2 (5º e 6º ano),,
RA-432,2008,17,Feminino,16-17 anos,2021,Veterano,Escola Pública | Pública,2.0,3.0,4.0,Ágata,Agata,Ametista,6.34,6.850183333,7.167975,6.786052777666666,672.0,,,672.0,10.0,8.8,7.501,8.767000000000001,6.8,9.0,10.0,8.6,5.0,2.52,6.26,4.593333333333333,5.1,5.2,5.5,5.266666666666667,5.7,5.0,5.0,5.233333333333333,4.5,6.3,6.0,5.6000000000000005,,4.2,5.5,5.5,5.0,5.0,5.0,5.0,Fase 4 (9º ano),Fase 5 (1° EM),Fase 5 (1° EM)
RA-433,2010,15,Masculino,13-15 anos,2022,Veterano,Escola Pública | Pública,2.0,2.0,3.0,Quartzo,Agata,Ametista,5.557,6.5982,7.218157142866668,6.45778571428889,780.0,,,780.0,8.5,8.5,7.918,8.306,7.3,7.2,8.380952381,7.626984127,5.0,7.52,8.13,6.883333333333333,2.6,4.8,4.833333333333333,4.077777777777778,2.2,1.8,6.5,3.5,3.0,7.7,4.0,4.8999999999999995,,,4.0,4.0,5.0,5.0,10.0,6.666666666666667,Fase 3 (7º e 8º ano),Fase 3 (7° e 8° ano),Fase 3 (7° e 8° ano)
RA-434,2011,14,Masculino,13-15 anos,2022,Veterano,Escola Pública | Pública,2.0,2.0,3.0,Ametista,Ametista,Agata,7.403,7.069766667,6.610947619100001,7.027904762033333,360.0,,,360.0,9.0,6.3,7.084,7.461333333333333,8.1,8.0,5.061904762,7.053968254000001,7.5,7.52,7.51,7.510000000000001,5.7,6.6,5.5,5.933333333333334,4.8,5.2,5.5,5.166666666666667,6.5,8.0,5.5,6.666666666666667,,,5.5,5.5,10.0,5.0,10.0,8.333333333333334,Fase 2 (5º e 6º ano),Fase 3 (7° e 8° ano),Fase 3 (7° e 8° ano)
RA-435,2012,13,Feminino,13-15 anos,2022,Veterano,Escola Pública,2.0,,,Ágata,,,6.599,,,6.599,627.0,,,627.0,7.9,,,7.9,6.2,,,6.2,7.5,,,7.5,4.7,,,4.7,3.7,,,3.7,5.7,,,5.7,,,,,10.0,,,10.0,Fase 2 (5º e 6º ano),,
RA-436,2011,14,Masculino,13-15 anos,2022,Veterano,Escola Pública | Pública,2.0,2.0,,Ágata,Quartzo,,6.687,5.322366667,,5.322366667,592.0,,,592.0,9.5,7.5,,7.5,8.1,4.7,,4.7,7.5,2.52,,2.52,2.0,3.4,,3.4,4.0,3.7,,3.7,0.0,3.0,,3.0,,,,,10.0,5.0,,5.0,Fase 2 (5º e 6º ano),Fase 3 (7° e 8° ano),
RA-437,2009,16,Masculino,16-17 anos,2022,Veterano,Escola Pública | Pública,2.0,2.0,,Ágata,Agata,,6.875,6.947366667,,6.947366667,531.0,,,531.0,8.5,8.0,,8.0,8.3,8.4,,8.4,7.5,7.52,,7.52,5.8,4.7,,4.7,6.0,2.5,,2.5,5.5,6.8,,6.8,,,,,5.0,5.0,,5.0,Fase 3 (7º e 8º ano),Fase 4 (9° ano),
RA-438,2012,13,Masculino,13-15 anos,2022,Veterano,Escola Pública | Pública,2.0,2.0,2.0,Ametista,Agata,Ametista,7.764,6.9883,7.930283695700001,7.5608612319,213.0,,,213.0,8.0,6.9,9.168,8.022666666666666,8.7,7.5,8.6630434785,8.2876811595,7.5,6.26,7.51,7.09,7.3,5.4,8.25,6.983333333333333,6.5,3.5,7.0,5.666666666666667,8.0,7.3,9.5,8.266666666666667,,,,,10.0,10.0,5.0,8.333333333333334,Fase 2 (5º e 6º ano),Fase 2 (5° e 6° ano),Fase 3 (7° e 8° ano)
RA-439,2010,15,Menino,13-15 anos,2022,Veterano,Escola Pública,2.0,,,Quartzo,,,5.519,,,5.519,789.0,,,789.0,9.0,,,9.0,4.9,,,4.9,7.5,,,7.5,2.3,,,2.3,3.2,,,3.2,1.3,,,1.3,,,,,5.0,,,5.0,Fase 3 (7º e 8º ano),,
RA-440,2011,14,Masculino,13-15 anos,2022,Veterano,Escola Pública | Pública,2.0,3.0,,Ametista,Agata,,7.329,6.989208333,,6.989208333,382.0,,,382.0,9.5,0.0,,0.0,9.0,8.2,,8.2,6.9,7.52,,7.52,5.5,6.2,,6.2,6.0,7.3,,7.3,5.0,7.0,,7.0,,4.2,,4.2,10.0,10.0,,10.0,Fase 2 (5º e 6º ano),Fase 3 (7° e 8° ano),
RA-441,2011,14,Feminino,13-15 anos,2019,Veterano,Escola Pública,2.0,,,Topázio,,,8.188,,,8.188,87.0,,,87.0,9.0,,,9.0,7.9,,,7.9,7.5,,,7.5,8.0,,,8.0,8.0,,,8.0,8.0,,,8.0,,,,,10.0,,,10.0,Fase 2 (5º e 6º ano),,
RA-442,2011,14,Feminino,13-15 anos,2022,Veterano,Escola Pública | Pública,2.0,3.0,4.0,Topázio,Agata,Agata,8.226,6.814166667,6.905439215666667,7.315201960888889,78.0,,,78.0,10.0,0.0,8.334,6.1113333333333335,8.2,7.6,5.9151960783333335,7.2383986927777775,7.5,7.52,5.635,6.885000000000001,7.5,5.8,5.0,6.1000000000000005,9.0,6.7,4.5,6.733333333333333,6.0,6.5,7.0,6.5,,4.3,3.5,3.5,10.0,10.0,10.0,10.0,Fase 2 (5º e 6º ano),Fase 3 (7° e 8° ano),Fase 3 (7° e 8° ano)
RA-443,2009,16,Feminino,16-17 anos,2019,Veterano,Escola Pública | Pública,2.0,3.0,,Ametista,Agata,,7.482,6.895508333,,6.895508333,321.0,,,321.0,9.0,7.1,,7.1,9.1,7.5,,7.5,7.5,2.52,,2.52,5.6,7.6,,7.6,8.0,7.0,,7.0,3.2,8.7,,8.7,,7.0,,7.0,5.0,5.0,,5.0,Fase 3 (7º e 8º ano),Fase 4 (9° ano),
RA-444,2009,16,Masculino,16-17 anos,2021,Veterano,Escola Pública | Pública,2.0,3.0,3.0,Ágata,Quartzo,Quartzo,6.665,5.958791667,5.410188638266668,6.011326768422222,601.0,,,601.0,9.0,0.0,8.334,5.778,7.2,7.9,6.377276524666667,7.159092174888889,5.0,5.0,2.51,4.17,3.1,4.7,3.6666666666666665,3.8222222222222224,1.5,4.7,2.0,2.733333333333333,4.7,5.8,5.0,5.166666666666667,,3.7,4.0,4.0,10.0,10.0,5.0,8.333333333333334,Fase 2 (5º e 6º ano),Fase 2 (5° e 6° ano),Fase 4 (9° ano)
RA-445,2010,15,Masculino,13-15 anos,2022,Veterano,Escola Pública | Pública,2.0,2.0,3.0,Ágata,Ametista,Ametista,6.924,7.9087,7.3416246032,7.391441534399999,518.0,,,518.0,9.0,8.0,7.917,8.305666666666667,9.4,8.8,8.715873016,8.971957672,7.5,6.89,7.51,7.3,3.8,8.4,4.0,5.3999999999999995,0.0,7.7,3.0,3.5666666666666664,7.5,9.0,6.0,7.5,,,3.0,3.0,5.0,5.0,10.0,6.666666666666667,Fase 3 (7º e 8º ano),Fase 3 (7° e 8° ano),Fase 3 (7° e 8° ano)
RA-446,2009,16,Feminino,16-17 anos,2018,Veterano,Escola Pública,2.0,,,Ametista,,,7.367,,,7.367,373.0,,,373.0,9.5,,,9.5,8.9,,,8.9,5.0,,,5.0,6.9,,,6.9,6.3,,,6.3,7.5,,,7.5,,,,,5.0,,,5.0,Fase 3 (7º e 8º ano),,
RA-447,2012,13,Feminino,13-15 anos,2022,Veterano,Escola Pública,2.0,,,Quartzo,,,5.607,,,5.607,773.0,,,773.0,0.0,,,0.0,7.0,,,7.0,7.5,,,7.5,3.5,,,3.5,7.0,,,7.0,0.0,,,0.0,,,,,10.0,,,10.0,Fase 2 (5º e 6º ano),,
RA-448,2011,14,Feminino,13-15 anos,2022,Veterano,Escola Pública,2.0,,,Ametista,,,7.972,,,7.972,150.0,,,150.0,9.0,,,9.0,9.7,,,9.7,7.5,,,7.5,5.5,,,5.5,5.0,,,5.0,6.0,,,6.0,,,,,10.0,,,10.0,Fase 2 (5º e 6º ano),,
RA-449,2010,15,Feminino,13-15 anos,2022,Veterano,Escola Pública | Pública,2.0,3.0,,Ágata,Ametista,,6.143,7.396508333,,7.396508333,703.0,,,703.0,0.0,7.1,,7.1,6.0,7.2,,7.2,7.5,7.52,,7.52,7.0,7.0,,7.0,6.0,5.5,,5.5,8.0,7.7,,7.7,,7.7,,7.7,5.0,10.0,,10.0,Fase 3 (7º e 8º ano),Fase 3 (7° e 8° ano),
RA-450,2009,16,Masculino,16-17 anos,2021,Veterano,Escola Pública | Pública,2.0,3.0,4.0,Ametista,Agata,Ametista,7.843,6.819625,7.526188206666666,7.396271068888889,188.0,,,188.0,10.0,9.6,8.751,9.450333333333333,9.1,8.4,8.954191033333332,8.818063677777777,7.5,2.52,5.63,5.216666666666666,7.5,5.4,7.5,6.8,6.8,7.0,8.0,7.266666666666667,8.2,6.5,8.5,7.733333333333333,,2.7,6.0,6.0,5.0,5.0,5.0,5.0,Fase 3 (7º e 8º ano),Fase 4 (9° ano),Fase 5 (1° EM)
RA-451,2009,16,Feminino,16-17 anos,2019,Veterano,Escola Pública | Pública,2.0,2.0,,Ágata,Topázio,,6.434,8.386033333,,8.386033333,654.0,,,654.0,9.0,8.5,,8.5,6.0,9.5,,9.5,6.3,4.39,,4.39,6.1,8.9,,8.9,3.1,7.8,,7.8,9.2,10.0,,10.0,,,,,5.0,5.0,,5.0,Fase 3 (7º e 8º ano),Fase 4 (9° ano),
RA-452,2009,16,Feminino,16-17 anos,2021,Veterano,Escola Pública,2.0,,,Ágata,,,6.287,,,6.287,690.0,,,690.0,9.0,,,9.0,5.6,,,5.6,7.5,,,7.5,4.8,,,4.8,5.0,,,5.0,4.5,,,4.5,,,,,5.0,,,5.0,Fase 3 (7º e 8º ano),,
RA-453,2009,16,Feminino,16-17 anos,2022,Veterano,Escola Pública,2.0,,,Ametista,,,7.845,,,7.845,187.0,,,187.0,9.0,,,9.0,8.7,,,8.7,7.5,,,7.5,8.8,,,8.8,8.0,,,8.0,9.5,,,9.5,,,,,5.0,,,5.0,Fase 3 (7º e 8º ano),,
RA-454,2007,18,Masculino,18+ anos,2021,Veterano,Escola Pública | Pública,2.0,3.0,4.0,Quartzo,Quartzo,Quartzo,5.561,4.603416667,5.8522943469666675,5.338903671322224,779.0,,,779.0,9.5,0.0,9.585,6.361666666666667,8.6,7.5,6.633138401666667,7.577712800555556,5.0,5.0,6.255,5.418333333333333,2.3,2.6,3.6666666666666665,2.8555555555555556,0.0,4.2,3.0,2.4,4.7,1.2,2.0,2.6333333333333333,,2.5,6.0,6.0,5.0,5.0,5.0,5.0,Fase 4 (9º ano),Fase 5 (1° EM),Fase 6 (2° EM)
RA-455,2010,15,Feminino,13-15 anos,2022,Veterano,Escola Pública | Pública,2.0,,3.0,Ágata,,Ametista,6.876,,7.098988888900001,7.098988888900001,529.0,,,529.0,7.0,,8.751,8.751,7.9,,6.111111111,6.111111111,7.5,,8.13,8.13,6.3,,4.5,4.5,6.0,,3.0,3.0,6.5,,6.5,6.5,,,4.0,4.0,5.0,,10.0,10.0,Fase 3 (7º e 8º ano),,Fase 3 (7° e 8° ano)
RA-456,2010,15,Feminino,13-15 anos,2022,Veterano,Escola Pública | Pública,2.0,2.0,3.0,Ametista,Ametista,Topázio,7.193,7.518,8.331124561366668,7.680708187122222,432.0,,,432.0,6.4,0.0,7.083,4.4943333333333335,8.2,8.3,9.382456140333334,8.62748538011111,6.3,4.39,7.51,6.066666666666666,7.3,9.9,6.5,7.8999999999999995,6.0,9.7,9.0,8.233333333333333,8.7,10.0,6.0,8.233333333333333,,,4.5,4.5,5.0,5.0,10.0,6.666666666666667,Fase 3 (7º e 8º ano),Fase 3 (7° e 8° ano),Fase 3 (7° e 8° ano)
RA-457,2010,15,Feminino,13-15 anos,2022,Veterano,Escola Pública | Pública,2.0,3.0,4.0,Ametista,Topázio,Topázio,7.68,8.256833333,8.5892756038,8.1753696456,240.0,,,240.0,8.0,7.5,8.334,7.9446666666666665,8.8,8.6,8.743961352333335,8.714653784111112,7.5,7.52,7.51,7.510000000000001,8.5,8.1,8.666666666666666,8.422222222222222,7.0,6.7,8.0,7.233333333333333,10.0,8.5,8.0,8.833333333333334,,9.0,10.0,10.0,5.0,10.0,10.0,8.333333333333334,Fase 3 (7º e 8º ano),Fase 3 (7° e 8° ano),Fase 3 (7° e 8° ano)
RA-458,2009,16,Masculino,16-17 anos,2021,Veterano,Escola Pública | Pública,2.0,3.0,3.0,Ágata,Agata,Quartzo,6.512,6.312083333,5.680161507933333,6.168081613644444,642.0,,,642.0,8.0,9.6,8.751,8.783666666666667,7.7,6.9,3.7396825396666666,6.113227513222223,7.5,7.52,6.88,7.3,5.6,3.8,4.0,4.466666666666666,4.7,4.3,3.0,4.0,6.5,4.8,4.0,5.1000000000000005,,2.2,5.0,5.0,5.0,5.0,5.0,5.0,Fase 3 (7º e 8º ano),Fase 4 (9° ano),Fase 4 (9° ano)
RA-459,2010,15,Masculino,13-15 anos,2021,Veterano,Escola Pública | Pública,2.0,3.0,4.0,Ametista,Topázio,Ametista,7.28,8.240016667,7.233804589400001,7.584607085466668,401.0,,,401.0,7.0,6.7,7.917,7.205666666666666,9.1,9.3,8.454106280333333,8.95136876011111,8.1,7.52,5.635,7.085,7.3,8.3,4.666666666666667,6.755555555555556,5.3,8.3,0.0,4.533333333333334,9.2,9.2,6.0,8.133333333333333,,7.5,8.0,8.0,5.0,10.0,10.0,8.333333333333334,Fase 3 (7º e 8º ano),Fase 3 (7° e 8° ano),Fase 4 (9° ano)
RA-460,2010,15,Menino,13-15 anos,2022,Veterano,Escola Pública,2.0,,,Quartzo,,,5.711,,,5.711,758.0,,,758.0,6.8,,,6.8,8.1,,,8.1,7.5,,,7.5,3.3,,,3.3,0.5,,,0.5,6.0,,,6.0,,,,,5.0,,,5.0,Fase 3 (7º e 8º ano),,
RA-461,2010,15,Feminino,13-15 anos,2021,Veterano,Escola Pública | Pública,2.0,2.0,3.0,Quartzo,Ametista,Ametista,5.451,7.2379,7.5447559291,6.744551976366666,792.0,,,792.0,0.0,7.3,8.751,5.3503333333333325,6.7,7.9,9.182446312,7.927482104,7.5,3.77,7.51,6.260000000000001,3.8,7.4,4.5,5.233333333333333,1.5,5.7,3.0,3.4,6.2,9.0,4.5,6.566666666666666,,,6.0,6.0,5.0,5.0,10.0,6.666666666666667,Fase 3 (7º e 8º ano),Fase 3 (7° e 8° ano),Fase 3 (7° e 8° ano)
RA-462,2008,17,Feminino,16-17 anos,2022,Veterano,Escola Pública | Pública,2.0,3.0,,Ágata,Agata,,6.626,6.2267,,6.2267,616.0,,,616.0,10.0,10.0,,10.0,8.5,8.1,,8.1,7.5,5.0,,5.0,3.6,2.7,,2.7,2.0,4.0,,4.0,5.2,2.8,,2.8,,1.3,,1.3,5.0,5.0,,5.0,Fase 4 (9º ano),Fase 5 (1° EM),
RA-463,2010,15,Feminino,13-15 anos,2020,Veterano,Escola Pública | Pública,2.0,3.0,,Ágata,Agata,,6.41,6.382383333,,6.382383333,658.0,,,658.0,10.0,9.2,,9.2,7.8,5.4,,5.4,7.5,2.52,,2.52,2.5,4.0,,4.0,2.0,6.3,,6.3,3.0,4.3,,4.3,,1.3,,1.3,5.0,10.0,,10.0,Fase 3 (7º e 8º ano),Fase 3 (7° e 8° ano),
RA-464,2009,16,Feminino,16-17 anos,2022,Veterano,Escola Pública | Pública,2.0,3.0,3.0,Ágata,Agata,Agata,6.745,6.081675,6.872009064333334,6.566228021444445,570.0,,,570.0,7.5,9.2,9.168,8.622666666666666,8.0,7.7,7.851461988333334,7.850487329444444,7.5,2.52,8.76,6.260000000000001,4.8,3.0,4.333333333333333,4.044444444444444,2.7,4.8,3.0,3.5,7.0,3.7,3.5,4.733333333333333,,0.5,6.5,6.5,5.0,5.0,5.0,5.0,Fase 3 (7º e 8º ano),Fase 4 (9° ano),Fase 4 (9° ano)
RA-465,2011,14,Masculino,13-15 anos,2019,Veterano,Escola Pública | Pública,2.0,3.0,,Ametista,Topázio,,8.012,8.012875,,8.012875,139.0,,,139.0,8.0,7.5,,7.5,7.9,9.4,,9.4,7.5,2.52,,2.52,7.8,8.5,,8.5,9.3,8.3,,8.3,6.3,8.2,,8.2,,9.0,,9.0,10.0,10.0,,10.0,Fase 2 (5º e 6º ano),Fase 3 (7° e 8° ano),
RA-466,2009,16,Masculino,16-17 anos,2022,Veterano,Escola Pública | Pública,2.0,2.0,3.0,Ágata,Agata,Agata,6.826,6.595533333,6.778749122800001,6.733427485266667,546.0,,,546.0,8.5,9.5,8.751,8.917,9.7,7.6,7.223245614,8.174415204666666,7.5,6.89,8.76,7.716666666666666,3.3,4.5,4.0,3.9333333333333336,0.5,2.5,3.0,2.0,6.0,6.5,6.5,6.333333333333333,,,2.5,2.5,5.0,5.0,5.0,5.0,Fase 3 (7º e 8º ano),Fase 4 (9° ano),Fase 4 (9° ano)
RA-467,2009,16,Feminino,16-17 anos,2022,Veterano,Escola Pública | Pública,2.0,3.0,4.0,Ágata,Agata,Ametista,6.38,6.552916667,7.7298118421333335,6.887576169711111,664.0,,,664.0,5.8,6.3,7.917,6.6723333333333334,8.4,9.2,9.140350877333333,8.913450292444445,5.0,3.14,5.01,4.383333333333334,5.5,5.2,6.833333333333333,5.844444444444444,5.0,6.0,5.5,5.5,6.0,6.0,9.0,7.0,,3.7,6.0,6.0,5.0,5.0,10.0,6.666666666666667,Fase 3 (7º e 8º ano),Fase 4 (9° ano),Fase 4 (9° ano)
RA-468,2009,16,Masculino,16-17 anos,2022,Veterano,Escola Pública | Pública,2.0,3.0,,Ágata,Quartzo,,6.313,5.911108333,,5.911108333,682.0,,,682.0,9.5,8.3,,8.3,6.7,6.0,,6.0,7.5,6.27,,6.27,4.1,3.4,,3.4,4.5,4.8,,4.8,3.7,3.0,,3.0,,2.3,,2.3,5.0,5.0,,5.0,Fase 3 (7º e 8º ano),Fase 4 (9° ano),
RA-469,2011,14,Feminino,13-15 anos,2022,Veterano,Escola Pública | Pública,2.0,2.0,3.0,Ametista,Ametista,Ametista,7.624,7.482533333,7.684639869300001,7.597057734100001,263.0,,,263.0,9.0,7.5,9.168,8.556,9.6,9.3,9.498366013,9.466122004333334,5.0,2.52,7.51,5.01,5.7,7.8,5.0,6.166666666666667,6.2,6.8,6.0,6.333333333333333,5.2,8.8,4.0,6.0,,,5.0,5.0,10.0,5.0,10.0,8.333333333333334,Fase 2 (5º e 6º ano),Fase 3 (7° e 8° ano),Fase 3 (7° e 8° ano)
RA-470,2009,16,Feminino,16-17 anos,2021,Veterano,Escola Pública | Pública,2.0,3.0,4.0,Ametista,Agata,Agata,7.378,6.993766667,6.981130848,7.1176325049999996,369.0,,,369.0,8.0,8.8,9.585,8.795,9.7,9.2,8.011695906666667,8.970565302222221,7.5,5.0,7.51,6.669999999999999,6.3,4.9,3.3333333333333335,4.844444444444444,5.3,6.0,3.5,4.933333333333334,7.3,4.3,4.0,5.2,,4.5,2.5,2.5,5.0,5.0,10.0,6.666666666666667,Fase 3 (7º e 8º ano),Fase 4 (9° ano),Fase 4 (9° ano)
RA-471,2009,16,Feminino,16-17 anos,2021,Veterano,Escola Pública | Pública,2.0,3.0,4.0,Ágata,Agata,Agata,6.535,6.855541667,6.635847117766667,6.6754629282555555,639.0,,,639.0,3.5,0.0,0.0,1.1666666666666667,8.5,9.0,7.027568922333333,8.175856307444445,5.0,6.27,7.51,6.260000000000001,6.3,5.0,5.5,5.6000000000000005,5.7,6.3,4.0,5.333333333333333,6.8,4.0,5.5,5.433333333333334,,4.8,7.0,7.0,5.0,10.0,10.0,8.333333333333334,Fase 3 (7º e 8º ano),Fase 3 (7° e 8° ano),Fase 4 (9° ano)
RA-472,2010,15,Feminino,13-15 anos,2022,Veterano,Escola Pública | Pública,2.0,2.0,2.0,Quartzo,Agata,Agata,5.93,6.6858,6.6397610766,6.418520358866666,735.0,,,735.0,9.0,5.1,7.502,7.200666666666667,7.0,7.1,7.48447205,7.194824016666666,7.5,7.52,7.51,7.510000000000001,2.0,5.5,6.25,4.583333333333333,1.8,3.7,4.0,3.1666666666666665,2.2,7.2,8.5,5.966666666666666,,,,,5.0,5.0,5.0,5.0,Fase 3 (7º e 8º ano),Fase 3 (7° e 8° ano),Fase 3 (7° e 8° ano)
RA-473,2010,15,Menino,13-15 anos,2019,Veterano,Escola Pública,2.0,,,Quartzo,,,5.915,,,5.915,737.0,,,737.0,8.0,,,8.0,6.1,,,6.1,7.5,,,7.5,4.3,,,4.3,4.5,,,4.5,4.0,,,4.0,,,,,5.0,,,5.0,Fase 3 (7º e 8º ano),,
RA-474,2009,16,Masculino,16-17 anos,2021,Veterano,Escola Pública | Pública,2.0,3.0,3.0,Ágata,Quartzo,Agata,6.446,5.283583333,6.024753703733333,5.918112345577778,650.0,,,650.0,9.5,0.0,9.168,6.222666666666666,9.1,7.8,5.818518518666667,7.5728395062222225,7.5,5.0,7.51,6.669999999999999,3.0,3.3,3.0,3.1,1.3,4.8,4.0,3.3666666666666667,4.7,3.8,3.0,3.8333333333333335,,1.2,2.0,2.0,5.0,5.0,5.0,5.0,Fase 3 (7º e 8º ano),Fase 4 (9° ano),Fase 4 (9° ano)
RA-475,2010,15,Feminino,13-15 anos,2022,Veterano,Escola Pública,2.0,,,Ametista,,,7.199,,,7.199,430.0,,,430.0,8.5,,,8.5,9.2,,,9.2,7.5,,,7.5,5.8,,,5.8,3.3,,,3.3,8.3,,,8.3,,,,,5.0,,,5.0,Fase 3 (7º e 8º ano),,
RA-476,2010,15,Feminino,13-15 anos,2021,Veterano,Escola Pública | Pública,2.0,3.0,3.0,Ágata,Agata,Agata,6.931,6.492408333,6.7359982456,6.719802192866667,513.0,,,513.0,9.0,7.9,7.917,8.272333333333334,9.3,7.0,6.5964912280000005,7.632163742666667,4.4,2.52,7.51,4.81,5.5,4.1,4.5,4.7,5.0,5.0,7.0,5.666666666666667,6.0,4.5,4.0,4.833333333333333,,2.7,2.5,2.5,5.0,10.0,10.0,8.333333333333334,Fase 3 (7º e 8º ano),Fase 3 (7° e 8° ano),Fase 3 (7° e 8° ano)
RA-477,2009,16,Menino,16-17 anos,2022,Veterano,Escola Pública,2.0,,,Quartzo,,,3.633,,,3.633,860.0,,,860.0,0.0,,,0.0,5.0,,,5.0,5.6,,,5.6,0.7,,,0.7,0.3,,,0.3,1.0,,,1.0,,,,,5.0,,,5.0,Fase 3 (7º e 8º ano),,
RA-478,2010,15,Feminino,13-15 anos,2019,Veterano,Escola Pública | Pública,2.0,3.0,,Ágata,Agata,,6.709,6.443616667,,6.443616667,588.0,,,588.0,8.5,6.7,,6.7,9.1,7.3,,7.3,5.6,2.52,,2.52,4.9,4.4,,4.4,3.8,4.3,,4.3,6.0,4.7,,4.7,,4.3,,4.3,5.0,10.0,,10.0,Fase 3 (7º e 8º ano),Fase 3 (7° e 8° ano),
RA-479,2012,13,Masculino,13-15 anos,2021,Veterano,Rede Decisão | Privada - Programa de Apadrinhamento,1.0,2.0,3.0,Topázio,Topázio,Topázio,8.465,8.988866667,8.901966666666668,8.785277777888888,40.0,,,40.0,8.0,9.0,9.168,8.722666666666667,9.2,10.0,9.866666666666667,9.688888888888888,7.5,2.52,2.51,4.176666666666667,9.8,9.7,9.666666666666666,9.722222222222221,10.0,9.3,10.0,9.766666666666667,9.7,10.0,9.0,9.566666666666666,,,10.0,10.0,5.0,10.0,10.0,8.333333333333334,Fase 2 (5º e 6º ano),Fase 2 (5° e 6° ano),Fase 2 (5° e 6° ano)
RA-480,2012,13,Feminino,13-15 anos,2021,Veterano,Escola Pública | Pública,1.0,1.0,2.0,Ametista,Topázio,Ametista,7.502,8.226408333,7.260202380900001,7.6628702379666676,309.0,,,309.0,9.0,10.0,6.25,8.416666666666666,8.8,9.7,8.0714285715,8.857142857166666,7.5,7.52,7.51,7.510000000000001,6.3,7.9,5.0,6.3999999999999995,6.8,7.2,2.5,5.5,5.7,8.5,7.5,7.233333333333333,,,,,5.0,5.0,10.0,6.666666666666667,Fase 2 (5º e 6º ano),Fase 2 (5° e 6° ano),Fase 2 (5° e 6° ano)
RA-481,2013,12,Menino,10-12 anos,2021,Veterano,Escola Pública,1.0,,,Ametista,,,7.21,,,7.21,424.0,,,424.0,9.0,,,9.0,8.0,,,8.0,7.5,,,7.5,5.2,,,5.2,5.7,,,5.7,4.7,,,4.7,,,,,10.0,,,10.0,Fase 1 (4º ano),,
RA-482,2011,14,Menino,13-15 anos,2021,Veterano,Escola Pública,1.0,,,Ágata,,,6.866,,,6.866,532.0,,,532.0,10.0,,,10.0,7.9,,,7.9,7.5,,,7.5,5.5,,,5.5,4.3,,,4.3,6.7,,,6.7,,,,,5.0,,,5.0,Fase 2 (5º e 6º ano),,
RA-483,2011,14,Feminino,13-15 anos,2021,Veterano,Escola Pública | Pública,1.0,1.0,2.0,Quartzo,Agata,Agata,5.263,6.3972,6.578604762,6.079601587333333,805.0,,,805.0,9.0,9.0,8.502,8.834000000000001,4.8,6.0,5.6428571430000005,5.480952381000001,5.0,2.52,6.26,4.593333333333333,2.4,5.6,5.25,4.416666666666667,2.0,5.0,2.0,3.0,2.8,6.2,8.5,5.833333333333333,,,,,5.0,5.0,5.0,5.0,Fase 2 (5º e 6º ano),Fase 3 (7° e 8° ano),Fase 3 (7° e 8° ano)
RA-484,2011,14,Masculino,13-15 anos,2022,Veterano,Escola Pública | Pública,1.0,2.0,3.0,Ágata,Quartzo,Quartzo,6.71,5.515466667,3.8354776573333336,5.353648108111112,587.0,,,587.0,9.5,6.4,8.334,8.078000000000001,8.7,7.5,3.9141382866666667,6.704712762222222,5.0,2.52,2.51,3.3433333333333333,6.5,3.6,0.0,3.3666666666666667,8.0,3.2,0.0,3.733333333333333,5.0,4.0,0.0,3.0,,,0.0,0.0,5.0,5.0,10.0,6.666666666666667,Fase 2 (5º e 6º ano),Fase 3 (7° e 8° ano),Fase 3 (7° e 8° ano)
RA-485,2012,13,Menino,13-15 anos,2020,Veterano,Escola Pública,1.0,,,Quartzo,,,4.742,,,4.742,837.0,,,837.0,9.5,,,9.5,4.0,,,4.0,7.5,,,7.5,1.2,,,1.2,1.0,,,1.0,1.3,,,1.3,,,,,5.0,,,5.0,Fase 2 (5º e 6º ano),,
RA-486,2012,13,Feminino,13-15 anos,2020,Veterano,Escola Pública | Privada,1.0,2.0,,Ametista,Ametista,,7.621,7.1043,,7.1043,264.0,,,264.0,10.0,8.4,,8.4,9.9,6.4,,6.4,7.5,2.52,,2.52,7.3,6.2,,6.2,6.7,3.3,,3.3,7.8,9.0,,9.0,,,,,5.0,10.0,,10.0,Fase 2 (5º e 6º ano),Fase 2 (5° e 6° ano),
RA-487,2012,13,Feminino,13-15 anos,2021,Veterano,Rede Decisão | Privada - Programa de Apadrinhamento,1.0,2.0,3.0,Topázio,Topázio,Topázio,8.417,8.988866667,9.4171373016,8.941001322866667,45.0,,,45.0,7.5,8.5,9.168,8.389333333333333,9.7,9.9,9.441269841333334,9.680423280444446,7.5,5.0,9.38,7.293333333333334,9.6,9.5,9.666666666666666,9.588888888888889,9.7,9.2,10.0,9.633333333333333,9.5,9.7,9.0,9.4,,,10.0,10.0,5.0,10.0,10.0,8.333333333333334,Fase 2 (5º e 6º ano),Fase 2 (5° e 6° ano),Fase 3 (7° e 8° ano)
RA-488,2012,13,Feminino,13-15 anos,2022,Veterano,Escola Pública,1.0,,,Ametista,,,7.413,,,7.413,351.0,,,351.0,8.5,,,8.5,8.8,,,8.8,7.5,,,7.5,7.3,,,7.3,6.0,,,6.0,8.5,,,8.5,,,,,5.0,,,5.0,Fase 2 (5º e 6º ano),,
RA-489,2013,12,Feminino,10-12 anos,2022,Veterano,Escola Pública,1.0,,,Quartzo,,,5.853,,,5.853,743.0,,,743.0,9.0,,,9.0,7.2,,,7.2,7.5,,,7.5,0.0,,,0.0,0.0,,,0.0,0.0,,,0.0,,,,,10.0,,,10.0,Fase 1 (4º ano),,
RA-490,2012,13,Feminino,13-15 anos,2022,Veterano,Escola Pública | Privada,1.0,2.0,3.0,Ametista,Ametista,Ametista,7.576,7.429466667,7.368084290266667,7.457850319088888,283.0,,,283.0,7.9,7.9,9.168,8.322666666666667,8.2,7.9,5.5110047846666665,7.203668261555556,7.5,2.52,8.755,6.258333333333333,7.7,5.8,6.166666666666667,6.555555555555556,6.0,2.8,5.5,4.766666666666667,9.3,8.7,6.0,8.0,,,7.0,7.0,5.0,10.0,10.0,8.333333333333334,Fase 2 (5º e 6º ano),Fase 2 (5° e 6° ano),Fase 2 (5° e 6° ano)
RA-491,2011,14,Masculino,13-15 anos,2022,Veterano,Escola Pública | Pública,1.0,2.0,2.0,Ametista,Ametista,Agata,7.461,7.560533333,6.995247619100001,7.338926984033333,329.0,,,329.0,7.5,9.5,7.502,8.167333333333334,9.7,9.6,9.011904762,9.437301587333332,7.5,2.52,7.51,5.843333333333334,7.0,5.0,5.25,5.75,6.0,3.3,1.5,3.6,8.0,6.7,9.0,7.8999999999999995,,,,,5.0,10.0,5.0,6.666666666666667,Fase 2 (5º e 6º ano),Fase 2 (5° e 6° ano),Fase 3 (7° e 8° ano)
RA-492,2011,14,Feminino,13-15 anos,2022,Veterano,Escola Pública,1.0,,,Ametista,,,7.678,,,7.678,242.0,,,242.0,10.0,,,10.0,8.8,,,8.8,7.5,,,7.5,7.1,,,7.1,8.2,,,8.2,6.0,,,6.0,,,,,5.0,,,5.0,Fase 2 (5º e 6º ano),,
RA-493,2013,12,Feminino,10-12 anos,2021,Veterano,Escola Pública | Pública,1.0,2.0,3.0,Topázio,Ametista,Ametista,8.306,7.934366667,7.4643250000000005,7.901563888999999,61.0,,,61.0,10.0,9.5,10.002,9.834000000000001,9.4,9.6,8.933333333333334,9.311111111111112,7.5,2.52,10.0,6.673333333333333,7.2,6.0,3.1666666666666665,5.455555555555556,7.3,4.7,3.0,5.0,7.0,7.2,4.0,6.066666666666666,,,2.5,2.5,10.0,10.0,10.0,10.0,Fase 1 (4º ano),Fase 2 (5° e 6° ano),Fase 2 (5° e 6° ano)
RA-494,2011,14,Feminino,13-15 anos,2022,Veterano,Escola Pública | Privada,1.0,2.0,3.0,Ágata,Ametista,Ametista,6.407,7.116633333,7.922281328333334,7.148638220444444,661.0,,,661.0,6.4,6.9,7.5,6.933333333333334,8.3,9.0,7.329323308333333,8.209774436111111,5.0,2.52,8.755,5.425,5.8,6.8,6.333333333333333,6.311111111111111,6.3,6.3,6.0,6.2,5.2,7.3,5.5,6.0,,,7.5,7.5,5.0,5.0,10.0,6.666666666666667,Fase 2 (5º e 6º ano),Fase 3 (7° e 8° ano),Fase 3 (7° e 8° ano)
RA-495,2011,14,Masculino,13-15 anos,2022,Veterano,Escola Pública | Privada,1.0,2.0,,Ametista,Ametista,,7.857,7.417366667,,7.417366667,184.0,,,184.0,9.0,9.0,,9.0,8.9,8.4,,8.4,7.5,2.52,,2.52,8.4,7.4,,7.4,8.0,6.0,,6.0,8.8,8.8,,8.8,,,,,5.0,5.0,,5.0,Fase 2 (5º e 6º ano),Fase 3 (7° e 8° ano),
RA-496,2011,14,Masculino,13-15 anos,2021,Veterano,Escola Pública | Privada,1.0,2.0,3.0,Ágata,Agata,Agata,6.683,6.603666667,6.726607507733334,6.671091391577778,595.0,,,595.0,8.5,0.0,10.002,6.1673333333333344,6.8,7.1,5.315995871999999,6.405331957333332,7.5,5.0,6.255,6.251666666666666,5.7,8.3,5.666666666666667,6.555555555555556,5.8,7.5,5.0,6.1000000000000005,5.5,9.0,4.5,6.333333333333333,,,7.5,7.5,5.0,5.0,10.0,6.666666666666667,Fase 2 (5º e 6º ano),Fase 3 (7° e 8° ano),Fase 3 (7° e 8° ano)
RA-497,2009,16,Feminino,16-17 anos,2021,Veterano,Rede Decisão | Privada - Programa de apadrinhamento,1.0,2.0,2.0,Ágata,Quartzo,Quartzo,6.323,5.7191,4.4960809524,5.512726984133334,678.0,,,678.0,6.9,5.3,7.502,6.567333333333333,9.2,8.7,6.095238095,7.998412698333333,5.0,2.52,5.63,4.383333333333333,5.1,3.5,1.0,3.1999999999999997,4.2,1.7,0.0,1.9666666666666668,6.0,5.3,2.0,4.433333333333334,,,,,5.0,5.0,5.0,5.0,Fase 3 (7º e 8º ano),Fase 4 (9° ano),Fase 3 (7° e 8° ano)
RA-498,2011,14,Feminino,13-15 anos,2018,Veterano,Escola Pública,1.0,,,Ametista,,,7.7,,,7.7,234.0,,,234.0,8.5,,,8.5,8.8,,,8.8,7.5,,,7.5,8.8,,,8.8,8.0,,,8.0,9.5,,,9.5,,,,,5.0,,,5.0,Fase 2 (5º e 6º ano),,
RA-499,2012,13,Masculino,13-15 anos,2021,Veterano,Escola Pública | Pública,1.0,2.0,2.0,Ametista,Ametista,Ametista,7.826,7.8883,7.5794738095000005,7.764591269833333,196.0,,,196.0,8.5,7.9,8.502,8.300666666666666,10.0,10.0,9.0476190475,9.6825396825,7.5,2.52,7.51,5.843333333333334,8.2,6.6,4.75,6.516666666666666,8.2,5.3,2.0,5.166666666666667,8.2,7.8,7.5,7.833333333333333,,,,,5.0,10.0,10.0,8.333333333333334,Fase 2 (5º e 6º ano),Fase 2 (5° e 6° ano),Fase 2 (5° e 6° ano)
RA-500,2012,13,Feminino,13-15 anos,2021,Veterano,Escola Pública | Pública | Privada - Programa de Apadrinhamento,1.0,2.0,3.0,Topázio,Topázio,Topázio,8.232,8.427533333,8.077708333333334,8.245747222111111,75.0,,,75.0,9.0,9.5,9.585,9.361666666666666,10.0,10.0,10.0,10.0,7.5,2.52,2.51,4.176666666666667,9.5,7.9,6.666666666666667,8.022222222222222,9.5,8.5,6.0,8.0,9.5,7.2,6.0,7.566666666666666,,,8.0,8.0,5.0,10.0,10.0,8.333333333333334,Fase 2 (5º e 6º ano),Fase 2 (5° e 6° ano),Fase 3 (7° e 8° ano)
RA-501,2013,12,Masculino,10-12 anos,2021,Veterano,Escola Pública | Pública | Privada,1.0,1.0,2.0,Ametista,Topázio,Topázio,7.794,8.1357,8.2779474937,8.069215831233334,201.0,,,201.0,8.5,7.0,7.002,7.500666666666667,8.8,8.4,7.9949874685,8.398329156166668,7.5,7.52,7.51,7.510000000000001,6.8,8.9,8.75,8.15,8.0,9.2,8.5,8.566666666666666,5.7,8.5,9.0,7.733333333333333,,,,,10.0,5.0,10.0,8.333333333333334,Fase 1 (4º ano),Fase 2 (5° e 6° ano),Fase 2 (5° e 6° ano)
RA-502,2014,11,Feminino,10-12 anos,2021,Veterano,Rede Decisão | Privada - Programa de Apadrinhamento,1.0,1.0,2.0,Topázio,Topázio,Topázio,8.287,8.749075,8.5023309524,8.512801984133333,62.0,,,62.0,9.5,8.5,9.002,9.000666666666667,9.7,9.8,9.761904762,9.753968254,7.5,7.52,3.755,6.258333333333333,7.4,8.0,8.0,7.8,6.7,6.7,6.0,6.466666666666666,8.2,9.3,10.0,9.166666666666666,,,,,10.0,10.0,10.0,10.0,ALFA  (2º e 3º ano),Fase 1 (3° e 4° ano),Fase 2 (5° e 6° ano)
RA-503,2012,13,Masculino,13-15 anos,2021,Veterano,Escola Pública | Pública,1.0,2.0,3.0,Ametista,Topázio,Topázio,7.95,8.4682,8.547495614066667,8.321898538022223,155.0,,,155.0,8.5,9.5,9.585,9.195,10.0,10.0,9.824561403666666,9.941520467888887,7.5,2.52,7.51,5.843333333333334,8.8,8.7,7.666666666666667,8.38888888888889,8.7,8.7,6.0,7.8,9.0,8.7,8.0,8.566666666666666,,,9.0,9.0,5.0,10.0,10.0,8.333333333333334,Fase 2 (5º e 6º ano),Fase 2 (5° e 6° ano),Fase 2 (5° e 6° ano)
RA-504,2013,12,Feminino,10-12 anos,2021,Veterano,Escola Pública | Pública,1.0,1.0,,Topázio,Topázio,,8.072,8.299533333,,8.299533333,124.0,,,124.0,8.5,8.0,,8.0,8.9,8.3,,8.3,7.5,7.52,,7.52,8.0,7.9,,7.9,7.8,6.5,,6.5,8.2,9.2,,9.2,,,,,10.0,10.0,,10.0,Fase 1 (4º ano),Fase 1 (3° e 4° ano),
RA-505,2011,14,Feminino,13-15 anos,2019,Veterano,Escola Pública,1.0,,,Ametista,,,7.591,,,7.591,276.0,,,276.0,9.5,,,9.5,8.0,,,8.0,7.5,,,7.5,8.4,,,8.4,8.2,,,8.2,8.7,,,8.7,,,,,5.0,,,5.0,Fase 2 (5º e 6º ano),,
RA-506,2010,15,Masculino,13-15 anos,2020,Veterano,Escola Pública | Pública,1.0,2.0,,Ametista,Ametista,,7.132,7.750033333,,7.750033333,446.0,,,446.0,9.5,9.5,,9.5,7.3,8.1,,8.1,7.5,5.0,,5.0,7.2,8.5,,8.5,8.3,7.3,,7.3,6.0,9.7,,9.7,,,,,5.0,5.0,,5.0,Fase 3 (7º e 8º ano),Fase 3 (7° e 8° ano),
RA-507,2011,14,Feminino,13-15 anos,2021,Veterano,Escola Pública,1.0,,,Ametista,,,7.653,,,7.653,254.0,,,254.0,8.5,,,8.5,10.0,,,10.0,7.5,,,7.5,7.4,,,7.4,7.3,,,7.3,7.5,,,7.5,,,,,5.0,,,5.0,Fase 2 (5º e 6º ano),,
RA-508,2012,13,Masculino,13-15 anos,2022,Veterano,Escola Pública | Pública,1.0,2.0,3.0,Ágata,Ametista,Agata,6.575,7.671633333,6.771708625733333,7.006113986244444,636.0,,,636.0,8.0,6.4,7.083,7.1610000000000005,7.4,8.6,5.567251461999999,7.189083820666666,7.5,2.52,7.51,5.843333333333334,4.5,7.5,4.666666666666667,5.555555555555556,0.0,6.2,0.0,2.066666666666667,9.0,8.7,7.0,8.233333333333333,,,7.0,7.0,5.0,10.0,10.0,8.333333333333334,Fase 2 (5º e 6º ano),Fase 2 (5° e 6° ano),Fase 2 (5° e 6° ano)
RA-509,2010,15,Feminino,13-15 anos,2021,Veterano,Escola Pública | Pública,1.0,2.0,3.0,Ametista,Ametista,Agata,7.808,7.606033333,6.918152272733334,7.444061868577777,199.0,,,199.0,9.0,8.5,9.168,8.889333333333333,8.2,8.1,6.363636363666667,7.554545454555555,7.5,2.52,2.51,4.176666666666667,9.2,8.6,6.0,7.933333333333333,9.3,8.2,6.0,7.833333333333333,9.0,9.0,4.5,7.5,,,7.5,7.5,5.0,5.0,10.0,6.666666666666667,Fase 3 (7º e 8º ano),Fase 3 (7° e 8° ano),Fase 3 (7° e 8° ano)
RA-510,2010,15,Menino,13-15 anos,2022,Veterano,Escola Pública,1.0,,,Ametista,,,7.336,,,7.336,379.0,,,379.0,8.0,,,8.0,9.3,,,9.3,7.5,,,7.5,7.1,,,7.1,5.8,,,5.8,8.3,,,8.3,,,,,5.0,,,5.0,Fase 3 (7º e 8º ano),,
RA-511,2012,13,Feminino,13-15 anos,2022,Veterano,Escola Pública,1.0,,,Ametista,,,7.094,,,7.094,458.0,,,458.0,8.0,,,8.0,10.0,,,10.0,7.5,,,7.5,5.3,,,5.3,2.0,,,2.0,8.5,,,8.5,,,,,5.0,,,5.0,Fase 2 (5º e 6º ano),,
RA-512,2012,13,Feminino,13-15 anos,2022,Veterano,Escola Pública,1.0,,,Ametista,,,7.365,,,7.365,374.0,,,374.0,9.0,,,9.0,9.3,,,9.3,7.5,,,7.5,6.2,,,6.2,5.3,,,5.3,7.0,,,7.0,,,,,5.0,,,5.0,Fase 2 (5º e 6º ano),,
RA-513,2013,12,Masculino,10-12 anos,2021,Veterano,Escola Pública | Privada,1.0,2.0,3.0,Topázio,Topázio,Topázio,8.229,8.297866667,8.728632539666668,8.418499735555557,77.0,,,77.0,9.0,9.5,10.002,9.500666666666667,9.6,9.7,8.831746031666666,9.377248677222221,5.6,2.52,8.135,5.418333333333333,8.3,7.5,7.666666666666667,7.822222222222223,8.2,7.2,9.0,8.133333333333333,8.5,7.8,5.5,7.266666666666667,,,8.5,8.5,10.0,10.0,10.0,10.0,Fase 1 (4º ano),Fase 2 (5° e 6° ano),Fase 2 (5° e 6° ano)
RA-514,2013,12,Feminino,10-12 anos,2022,Veterano,Escola Pública | Pública,1.0,1.0,2.0,Ametista,Quartzo,Agata,7.039,5.823133333,6.219580952400001,6.360571428466667,476.0,,,476.0,8.0,7.9,9.002,8.300666666666666,9.7,7.5,7.595238095,8.265079365,7.5,2.52,4.385,4.801666666666667,4.8,5.5,3.0,4.433333333333334,2.0,4.2,3.0,3.0666666666666664,7.5,6.8,3.0,5.766666666666667,,,,,10.0,5.0,10.0,8.333333333333334,Fase 1 (4º ano),Fase 2 (5° e 6° ano),Fase 2 (5° e 6° ano)
RA-515,2010,15,Menino,13-15 anos,2022,Veterano,Escola Pública,1.0,,,Ágata,,,6.582,,,6.582,631.0,,,631.0,8.0,,,8.0,6.3,,,6.3,7.5,,,7.5,5.8,,,5.8,8.5,,,8.5,3.2,,,3.2,,,,,5.0,,,5.0,Fase 3 (7º e 8º ano),,
RA-516,2013,12,Masculino,10-12 anos,2021,Veterano,Rede Decisão | Privada - Programa de Apadrinhamento,1.0,2.0,3.0,Topázio,Topázio,Topázio,8.903,8.6807,8.384033333366668,8.655911111122222,8.0,,,8.0,10.0,10.0,10.002,10.000666666666667,9.7,9.8,10.0,9.833333333333334,7.5,2.52,2.51,4.176666666666667,9.9,9.3,8.833333333333334,9.344444444444447,10.0,9.0,8.0,9.0,9.8,9.5,8.5,9.266666666666667,,,10.0,10.0,10.0,10.0,10.0,10.0,Fase 1 (4º ano),Fase 2 (5° e 6° ano),Fase 2 (5° e 6° ano)
RA-517,2010,15,Feminino,13-15 anos,2021,Veterano,Escola Pública | Pública,1.0,2.0,3.0,Ametista,Agata,Quartzo,7.604,6.3104,5.880466583166668,6.598288861055557,271.0,,,271.0,6.9,4.1,7.5,6.166666666666667,9.5,9.0,5.266499582333334,7.922166527444445,7.5,2.52,2.51,4.176666666666667,7.7,6.6,5.0,6.433333333333334,7.8,4.5,4.5,5.6000000000000005,7.5,8.7,4.0,6.733333333333333,,,6.5,6.5,5.0,5.0,10.0,6.666666666666667,Fase 3 (7º e 8º ano),Fase 3 (7° e 8° ano),Fase 3 (7° e 8° ano)
RA-518,2012,13,Masculino,13-15 anos,2022,Veterano,Escola Pública | Pública,1.0,2.0,3.0,Ametista,Ametista,Agata,7.661,7.5762,6.3467483709,7.194649456966666,251.0,,,251.0,9.0,8.5,8.334,8.611333333333333,9.4,8.5,6.8300751879999995,8.243358396,7.5,5.0,2.51,5.003333333333333,7.5,6.7,4.0,6.066666666666666,6.0,5.5,7.5,6.333333333333333,9.0,7.8,3.5,6.766666666666667,,,1.0,1.0,5.0,10.0,10.0,8.333333333333334,Fase 2 (5º e 6º ano),Fase 2 (5° e 6° ano),Fase 3 (7° e 8° ano)
RA-519,2013,12,Masculino,10-12 anos,2022,Veterano,Escola Pública | Pública,1.0,1.0,,Ametista,Topázio,,8.0,8.0177,,8.0177,144.0,,,144.0,7.4,9.0,,9.0,9.6,9.9,,9.9,7.5,7.52,,7.52,7.5,7.4,,7.4,7.0,7.5,,7.5,8.0,7.2,,7.2,,,,,10.0,5.0,,5.0,Fase 1 (4º ano),Fase 2 (5° e 6° ano),
RA-520,2011,14,Feminino,13-15 anos,2022,Veterano,Escola Pública,1.0,,,Ametista,,,7.035,,,7.035,478.0,,,478.0,10.0,,,10.0,6.8,,,6.8,7.5,,,7.5,6.8,,,6.8,5.0,,,5.0,8.5,,,8.5,,,,,5.0,,,5.0,Fase 2 (5º e 6º ano),,
RA-521,2013,12,Masculino,10-12 anos,2022,Veterano,Escola Pública | Pública | Privada,1.0,1.0,2.0,Ametista,Agata,Ametista,7.725,6.768666667,7.4798428571999995,7.324503174733333,228.0,,,228.0,9.0,0.0,8.002,5.6673333333333344,10.0,9.9,9.0357142855,9.645238095166667,5.0,3.77,5.005,4.591666666666666,6.0,7.9,6.25,6.716666666666666,5.0,7.0,7.0,6.333333333333333,7.0,8.7,5.5,7.066666666666666,,,,,10.0,5.0,10.0,8.333333333333334,Fase 1 (4º ano),Fase 2 (5° e 6° ano),Fase 2 (5° e 6° ano)
RA-522,2013,12,Masculino,10-12 anos,2021,Veterano,Escola Pública | Pública,1.0,1.0,2.0,Topázio,Ametista,Topázio,8.306,7.890533333,8.6777119048,8.291415079266665,60.0,,,60.0,9.5,7.5,8.002,8.334000000000001,9.1,9.2,9.523809524,9.274603174666666,7.5,7.52,7.51,7.510000000000001,7.5,8.3,9.0,8.266666666666667,7.0,8.3,9.5,8.266666666666667,8.0,8.2,8.5,8.233333333333333,,,,,10.0,5.0,10.0,8.333333333333334,Fase 1 (4º ano),Fase 2 (5° e 6° ano),Fase 2 (5° e 6° ano)
RA-523,2011,14,Feminino,13-15 anos,2022,Veterano,Escola Pública,1.0,,,Ametista,,,7.591,,,7.591,278.0,,,278.0,10.0,,,10.0,9.5,,,9.5,7.5,,,7.5,6.5,,,6.5,5.0,,,5.0,8.0,,,8.0,,,,,5.0,,,5.0,Fase 2 (5º e 6º ano),,
RA-524,2011,14,Masculino,13-15 anos,2021,Veterano,Escola Pública | Pública,1.0,2.0,3.0,Ágata,Ametista,Ametista,6.947,7.331133333,7.026322556366667,7.101485296455555,507.0,,,507.0,0.0,6.4,7.083,4.4943333333333335,9.4,9.2,5.111779448666667,7.903926482888889,5.0,2.52,2.51,3.3433333333333333,9.1,8.9,8.666666666666666,8.888888888888888,9.0,9.0,8.5,8.833333333333334,9.2,8.8,7.5,8.5,,,10.0,10.0,5.0,5.0,10.0,6.666666666666667,Fase 2 (5º e 6º ano),Fase 3 (7° e 8° ano),Fase 3 (7° e 8° ano)
RA-525,2011,14,Feminino,13-15 anos,2021,Veterano,Escola Pública | Pública,1.0,2.0,,Ametista,Ametista,,8.013,7.911366667,,7.911366667,138.0,,,138.0,9.0,8.0,,8.0,9.3,8.6,,8.6,7.5,2.52,,2.52,8.6,9.2,,9.2,8.3,8.8,,8.8,8.8,9.5,,9.5,,,,,5.0,5.0,,5.0,Fase 2 (5º e 6º ano),Fase 3 (7° e 8° ano),
RA-526,2010,15,Masculino,13-15 anos,2022,Veterano,Escola Pública | Pública,1.0,2.0,3.0,Topázio,Topázio,Ametista,8.079,8.0957,7.843157894833334,8.00595263161111,123.0,,,123.0,10.0,9.5,9.585,9.695,9.9,9.8,9.382456140333334,9.694152046777779,7.5,5.0,8.13,6.876666666666668,8.0,8.8,7.333333333333333,8.044444444444444,7.7,8.3,8.5,8.166666666666666,8.3,9.3,3.5,7.033333333333334,,,10.0,10.0,5.0,5.0,5.0,5.0,Fase 3 (7º e 8º ano),Fase 3 (7° e 8° ano),Fase 4 (9° ano)
RA-527,2013,12,Feminino,10-12 anos,2022,Veterano,Escola Pública | Pública,1.0,1.0,2.0,Ametista,Ametista,Topázio,8.025,7.5682,8.1403666666,7.911188888866666,135.0,,,135.0,8.5,9.0,9.002,8.834000000000001,10.0,9.1,10.0,9.700000000000001,7.5,7.52,7.51,7.510000000000001,6.5,6.5,6.0,6.333333333333333,5.0,5.7,6.5,5.733333333333333,8.0,7.2,5.5,6.8999999999999995,,,,,10.0,5.0,10.0,8.333333333333334,Fase 1 (4º ano),Fase 2 (5° e 6° ano),Fase 2 (5° e 6° ano)
RA-528,2011,14,Masculino,13-15 anos,2021,Veterano,Escola Pública | Pública,1.0,2.0,3.0,Quartzo,Ametista,Ametista,5.335,7.6892,7.276330075300001,6.766843358433334,798.0,,,798.0,0.0,9.0,9.168,6.056,6.2,8.5,5.793483709333334,6.831161236444444,7.5,5.0,7.51,6.669999999999999,4.0,8.2,6.666666666666667,6.288888888888889,5.3,7.5,8.5,7.1000000000000005,2.7,8.8,4.5,5.333333333333333,,,7.0,7.0,5.0,5.0,10.0,6.666666666666667,Fase 2 (5º e 6º ano),Fase 3 (7° e 8° ano),Fase 3 (7° e 8° ano)
RA-529,2010,15,Masculino,13-15 anos,2021,Veterano,Escola Pública | Pública,1.0,1.0,2.0,Ágata,Ametista,Quartzo,6.51,7.278991667,5.2661285715,6.351706746166666,643.0,,,643.0,8.5,8.0,7.002,7.834,8.9,9.6,6.6071428569999995,8.369047619,5.0,7.52,4.38,5.633333333333333,5.2,6.8,4.25,5.416666666666667,3.3,4.8,2.5,3.533333333333333,7.0,8.7,6.0,7.233333333333333,,,,,5.0,5.0,5.0,5.0,Fase 3 (7º e 8º ano),Fase 3 (7° e 8° ano),Fase 3 (7° e 8° ano)
RA-530,2012,13,Masculino,13-15 anos,2021,Veterano,Escola Pública | Pública,1.0,2.0,3.0,Topázio,Ametista,Ametista,8.338,7.653033333,7.214534419433333,7.735189250811111,56.0,,,56.0,10.0,10.0,8.751,9.583666666666666,9.0,8.8,6.468838763666667,8.089612921222223,7.5,5.0,9.38,7.293333333333334,8.9,5.7,4.5,6.366666666666667,9.0,5.8,4.0,6.266666666666667,8.8,5.5,6.0,6.766666666666667,,,3.5,3.5,5.0,10.0,10.0,8.333333333333334,Fase 2 (5º e 6º ano),Fase 2 (5° e 6° ano),Fase 3 (7° e 8° ano)
RA-531,2012,13,Masculino,13-15 anos,2022,Veterano,Escola Pública | Pública,1.0,2.0,3.0,Ametista,Topázio,Ametista,8.057,8.3252,7.9127926470666665,8.098330882355556,132.0,,,132.0,9.5,9.5,9.168,9.389333333333333,9.8,10.0,9.803921568666667,9.867973856222223,7.5,2.52,4.38,4.8,7.8,7.7,6.666666666666667,7.388888888888889,8.7,6.3,6.5,7.166666666666667,7.0,9.0,4.5,6.833333333333333,,,9.0,9.0,5.0,10.0,10.0,8.333333333333334,Fase 2 (5º e 6º ano),Fase 2 (5° e 6° ano),Fase 3 (7° e 8° ano)
RA-532,2013,12,Feminino,10-12 anos,2022,Veterano,Escola Pública,1.0,,,Ametista,,,7.792,,,7.792,203.0,,,203.0,9.5,,,9.5,9.7,,,9.7,7.5,,,7.5,5.5,,,5.5,4.0,,,4.0,7.0,,,7.0,,,,,10.0,,,10.0,Fase 1 (4º ano),,
RA-533,2012,13,Masculino,13-15 anos,2022,Veterano,Escola Pública | Pública,1.0,1.0,,Ágata,Ametista,,6.962,7.434866667,,7.434866667,499.0,,,499.0,8.5,9.0,,9.0,8.8,9.3,,9.3,5.6,7.52,,7.52,6.0,5.8,,5.8,5.0,4.8,,4.8,7.0,6.7,,6.7,,,,,5.0,5.0,,5.0,Fase 2 (5º e 6º ano),Fase 2 (5° e 6° ano),
RA-534,2010,15,Masculino,13-15 anos,2021,Veterano,Escola Pública | Pública,1.0,2.0,3.0,Ametista,Quartzo,Ametista,7.131,5.8385,7.088855054266667,6.686118351422222,447.0,,,447.0,9.0,0.0,9.585,6.195,7.4,8.1,6.043441938333333,7.181147312777778,7.5,2.52,7.51,5.843333333333334,7.1,5.4,5.0,5.833333333333333,6.5,3.7,4.0,4.733333333333333,7.7,7.0,4.0,6.233333333333333,,,7.0,7.0,5.0,5.0,10.0,6.666666666666667,Fase 3 (7º e 8º ano),Fase 3 (7° e 8° ano),Fase 3 (7° e 8° ano)
RA-535,2012,13,Feminino,13-15 anos,2021,Veterano,Escola Pública | Pública,1.0,2.0,3.0,Ágata,Topázio,Ametista,6.953,8.0027,7.659555952400001,7.538418650800001,504.0,,,504.0,9.0,9.0,9.168,9.056,9.2,9.4,7.161904762,8.587301587333334,7.5,5.0,8.135,6.878333333333333,5.1,5.6,6.0,5.566666666666666,4.7,4.7,7.0,5.466666666666666,5.5,6.5,5.5,5.833333333333333,,,5.5,5.5,5.0,10.0,10.0,8.333333333333334,Fase 2 (5º e 6º ano),Fase 2 (5° e 6° ano),Fase 3 (7° e 8° ano)
RA-536,2012,13,Feminino,13-15 anos,2021,Veterano,Escola Pública | Pública,1.0,2.0,3.0,Ametista,Ametista,Ametista,7.106,7.759533333,7.7704681818,7.545333838266667,454.0,,,454.0,9.5,8.0,8.334,8.611333333333333,8.9,9.3,9.109090909,9.103030303000002,5.6,2.52,8.135,5.418333333333333,6.0,5.9,5.5,5.8,6.3,5.0,6.5,5.933333333333334,5.7,6.8,4.5,5.666666666666667,,,5.5,5.5,5.0,10.0,10.0,8.333333333333334,Fase 2 (5º e 6º ano),Fase 2 (5° e 6° ano),Fase 2 (5° e 6° ano)
RA-537,2012,13,Menino,13-15 anos,2022,Veterano,Escola Pública,1.0,,,Ágata,,,6.641,,,6.641,612.0,,,612.0,9.5,,,9.5,9.0,,,9.0,4.4,,,4.4,4.8,,,4.8,2.5,,,2.5,7.0,,,7.0,,,,,5.0,,,5.0,Fase 2 (5º e 6º ano),,
RA-538,2009,16,Masculino,16-17 anos,2022,Veterano,Escola Pública | Pública,1.0,2.0,3.0,Ágata,Agata,Agata,6.309,6.413466667,6.514094017066666,6.412186894688889,684.0,,,684.0,8.5,7.4,8.751,8.217,7.5,8.6,7.668803418666666,7.9229344728888895,5.6,2.52,7.51,5.21,6.8,4.7,6.166666666666667,5.888888888888889,4.5,3.5,10.0,6.0,9.0,5.8,4.5,6.433333333333334,,,4.0,4.0,5.0,5.0,5.0,5.0,Fase 3 (7º e 8º ano),Fase 3 (7° e 8° ano),Fase 4 (9° ano)
RA-539,2011,14,Feminino,13-15 anos,2022,Veterano,Escola Pública | Pública | Privada - Programa de Apadrinhamento,1.0,2.0,3.0,Ametista,Ametista,Topázio,7.665,7.796866667,8.465533333333335,7.975800000111112,249.0,,,249.0,8.5,9.5,10.002,9.334000000000001,9.3,8.6,9.233333333333333,9.044444444444444,6.9,2.52,7.51,5.6433333333333335,7.5,8.5,5.833333333333333,7.277777777777778,6.8,7.2,5.0,6.333333333333333,8.2,9.7,3.5,7.133333333333333,,,9.0,9.0,5.0,5.0,10.0,6.666666666666667,Fase 2 (5º e 6º ano),Fase 3 (7° e 8° ano),Fase 3 (7° e 8° ano)
RA-540,2012,13,Feminino,13-15 anos,2019,Veterano,Escola Pública | Pública,1.0,2.0,,Ametista,Topázio,,7.303,8.216033333,,8.216033333,390.0,,,390.0,8.5,8.5,,8.5,9.5,8.8,,8.8,5.6,5.0,,5.0,7.0,7.1,,7.1,6.8,6.5,,6.5,7.2,7.7,,7.7,,,,,5.0,10.0,,10.0,Fase 2 (5º e 6º ano),Fase 2 (5° e 6° ano),
RA-541,2008,17,Menino,16-17 anos,2022,Veterano,Escola Pública,1.0,,,Quartzo,,,5.427,,,5.427,793.0,,,793.0,10.0,,,10.0,7.8,,,7.8,6.9,,,6.9,2.5,,,2.5,0.0,,,0.0,5.0,,,5.0,,,,,2.5,,,2.5,Fase 4 (9º ano),,
RA-542,2011,14,Feminino,13-15 anos,2021,Veterano,Escola Pública | Pública,1.0,2.0,3.0,Ametista,Ametista,Agata,7.221,7.816533333,6.7205649586,7.252699430533333,419.0,,,419.0,8.0,9.5,8.751,8.750333333333332,9.8,9.7,6.481366459666667,8.660455486555556,6.3,5.0,8.13,6.476666666666667,6.5,6.3,3.9333333333333336,5.577777777777778,5.3,5.2,1.5,4.0,7.7,7.3,5.0,6.666666666666667,,,5.3,5.3,5.0,5.0,10.0,6.666666666666667,Fase 2 (5º e 6º ano),Fase 3 (7° e 8° ano),Fase 3 (7° e 8° ano)
RA-543,2012,13,Feminino,13-15 anos,2022,Veterano,Escola Pública | Pública,1.0,2.0,3.0,Ametista,Ametista,Topázio,7.05,7.971833333,8.0467871118,7.6895401482666665,471.0,,,471.0,8.5,7.8,8.751,8.350333333333333,9.8,9.8,9.616977225666666,9.738992408555555,4.4,2.52,2.51,3.143333333333333,6.5,6.5,6.833333333333333,6.611111111111111,5.0,5.5,7.0,5.833333333333333,8.0,7.5,6.5,7.333333333333333,,,7.0,7.0,5.0,10.0,10.0,8.333333333333334,Fase 2 (5º e 6º ano),Fase 2 (5° e 6° ano),Fase 2 (5° e 6° ano)
RA-544,2012,13,Menino,13-15 anos,2022,Veterano,Escola Pública,1.0,,,Ágata,,,6.307,,,6.307,686.0,,,686.0,9.5,,,9.5,9.7,,,9.7,5.6,,,5.6,3.3,,,3.3,1.0,,,1.0,5.5,,,5.5,,,,,5.0,,,5.0,Fase 2 (5º e 6º ano),,
RA-545,2009,16,Menino,16-17 anos,2018,Veterano,Escola Pública,1.0,,,Ágata,,,6.723,,,6.723,580.0,,,580.0,9.5,,,9.5,6.6,,,6.6,7.5,,,7.5,5.5,,,5.5,4.3,,,4.3,6.7,,,6.7,,,,,5.0,,,5.0,Fase 3 (7º e 8º ano),,
RA-546,2011,14,Feminino,13-15 anos,2021,Veterano,Escola Pública | Pública,1.0,2.0,3.0,Ágata,Agata,Quartzo,6.77,6.031666667,5.702426010066667,6.168030892355556,564.0,,,564.0,9.0,0.0,5.832,4.944,7.9,7.2,3.7838383836666662,6.2946127945555554,5.0,2.52,8.135,5.218333333333333,5.6,5.7,4.666666666666667,5.322222222222223,3.3,3.5,0.0,2.2666666666666666,7.8,7.8,4.0,6.533333333333334,,,10.0,10.0,5.0,5.0,10.0,6.666666666666667,Fase 2 (5º e 6º ano),Fase 3 (7° e 8° ano),Fase 3 (7° e 8° ano)
RA-547,2011,14,Feminino,13-15 anos,2021,Veterano,Escola Pública | Pública,1.0,2.0,3.0,Ametista,Agata,Ametista,7.745,6.467,7.2102906723333335,7.140763557444444,218.0,,,218.0,9.5,0.0,8.751,6.083666666666666,9.7,9.1,7.030620028333334,8.61020667611111,5.0,2.52,8.135,5.218333333333333,7.6,6.2,6.833333333333333,6.877777777777777,7.3,5.0,9.0,7.1000000000000005,7.8,7.3,4.5,6.533333333333334,,,7.0,7.0,5.0,5.0,10.0,6.666666666666667,Fase 2 (5º e 6º ano),Fase 3 (7° e 8° ano),Fase 3 (7° e 8° ano)
RA-548,2010,15,Masculino,13-15 anos,2021,Veterano,Escola Pública | Pública,1.0,2.0,3.0,Ametista,Ametista,Ametista,7.292,7.4322,7.240168803466668,7.3214562678222235,396.0,,,396.0,8.0,9.0,9.168,8.722666666666667,9.1,9.1,7.600427350666667,8.600142450222222,6.9,2.52,7.51,5.6433333333333335,7.2,7.4,6.666666666666667,7.0888888888888895,5.7,6.2,9.0,6.966666666666666,8.7,8.5,5.0,7.3999999999999995,,,6.0,6.0,5.0,5.0,10.0,6.666666666666667,Fase 3 (7º e 8º ano),Fase 3 (7° e 8° ano),Fase 3 (7° e 8° ano)
RA-549,2012,13,Masculino,13-15 anos,2021,Veterano,Escola Pública | Pública,1.0,1.0,2.0,Ágata,Ametista,Agata,6.301,7.0297,6.5398187888,6.623506262933333,688.0,,,688.0,10.0,9.5,10.002,9.834000000000001,7.9,8.1,7.204968943999999,7.734989648,6.9,5.02,6.255,6.058333333333334,4.2,6.4,5.75,5.45,2.2,5.5,5.0,4.233333333333333,6.2,7.2,6.5,6.633333333333333,,,,,5.0,5.0,5.0,5.0,Fase 2 (5º e 6º ano),Fase 2 (5° e 6° ano),Fase 3 (7° e 8° ano)
RA-550,2010,15,Feminino,13-15 anos,2022,Veterano,Escola Pública,1.0,,,Ágata,,,6.026,,,6.026,724.0,,,724.0,9.0,,,9.0,9.0,,,9.0,6.9,,,6.9,1.9,,,1.9,2.0,,,2.0,1.8,,,1.8,,,,,5.0,,,5.0,Fase 3 (7º e 8º ano),,
RA-551,2010,15,Feminino,13-15 anos,2018,Veterano,Escola Pública | Pública,1.0,2.0,,Ágata,Ametista,,6.853,7.075033333,,7.075033333,539.0,,,539.0,8.5,10.0,,10.0,7.3,8.6,,8.6,6.9,2.52,,2.52,6.6,5.4,,5.4,5.0,4.5,,4.5,8.2,6.2,,6.2,,,,,5.0,5.0,,5.0,Fase 3 (7º e 8º ano),Fase 3 (7° e 8° ano),
RA-552,2011,14,Masculino,13-15 anos,2022,Veterano,Escola Pública | Pública,1.0,1.0,,Ágata,Quartzo,,6.625,5.248666667,,5.248666667,617.0,,,617.0,9.5,0.0,,0.0,8.8,5.6,,5.6,5.0,3.14,,3.14,5.5,6.4,,6.4,6.0,6.5,,6.5,5.0,6.2,,6.2,,,,,5.0,5.0,,5.0,Fase 2 (5º e 6º ano),Fase 3 (7° e 8° ano),
RA-553,2011,14,Feminino,13-15 anos,2019,Veterano,Escola Pública,1.0,,,Ágata,,,6.39,,,6.39,663.0,,,663.0,9.5,,,9.5,6.9,,,6.9,6.9,,,6.9,3.3,,,3.3,1.0,,,1.0,5.7,,,5.7,,,,,5.0,,,5.0,Fase 2 (5º e 6º ano),,
RA-554,2010,15,Menino,13-15 anos,2017,Veterano,Escola Pública,1.0,,,Quartzo,,,5.588,,,5.588,776.0,,,776.0,7.9,,,7.9,6.0,,,6.0,6.9,,,6.9,4.0,,,4.0,1.7,,,1.7,6.3,,,6.3,,,,,5.0,,,5.0,Fase 3 (7º e 8º ano),,
RA-555,2010,15,Masculino,13-15 anos,2021,Veterano,Escola Pública | Pública,1.0,2.0,3.0,Quartzo,Quartzo,Quartzo,5.949,5.898133333,5.111470186333333,5.652867839777777,732.0,,,732.0,9.5,7.4,10.002,8.967333333333334,8.1,8.1,2.7505175983333334,6.316839199444445,5.0,2.52,6.885,4.801666666666667,4.4,3.9,4.333333333333333,4.211111111111111,1.8,1.5,5.0,2.766666666666667,7.0,6.2,4.0,5.733333333333333,,,4.0,4.0,5.0,5.0,5.0,5.0,Fase 3 (7º e 8º ano),Fase 3 (7° e 8° ano),Fase 4 (9° ano)
RA-556,2011,14,Feminino,13-15 anos,2021,Veterano,Escola Pública | Pública,1.0,2.0,3.0,Ametista,Ametista,Quartzo,7.181,7.7482,5.833377380933333,6.920859126977778,436.0,,,436.0,9.0,8.5,7.083,8.194333333333333,8.8,9.6,6.171428571333333,8.190476190444445,5.0,2.52,2.51,3.3433333333333333,6.4,7.2,3.8333333333333335,5.811111111111111,4.8,6.5,1.5,4.266666666666667,8.0,7.8,4.5,6.766666666666667,,,5.5,5.5,5.0,5.0,10.0,6.666666666666667,Fase 2 (5º e 6º ano),Fase 3 (7° e 8° ano),Fase 3 (7° e 8° ano)
RA-557,2012,13,Masculino,13-15 anos,2021,Veterano,Escola Pública | Pública | Privada - Programa de Apadrinhamento,1.0,2.0,3.0,Topázio,Topázio,Topázio,8.334,8.7717,9.350986466133334,8.818895488711112,57.0,,,57.0,10.0,10.0,10.002,10.000666666666667,8.4,8.2,8.756265663999999,8.452088554666666,7.5,5.0,7.51,6.669999999999999,9.4,8.9,9.666666666666666,9.322222222222223,10.0,8.0,10.0,9.333333333333334,8.8,9.7,9.0,9.166666666666666,,,10.0,10.0,5.0,10.0,10.0,8.333333333333334,Fase 2 (5º e 6º ano),Fase 2 (5° e 6° ano),Fase 3 (7° e 8° ano)
RA-558,2008,17,Masculino,16-17 anos,2022,Veterano,Escola Pública | Pública,1.0,2.0,3.0,Quartzo,Agata,Quartzo,5.539,6.615333333,5.048054503133334,5.734129278711111,786.0,,,786.0,9.0,7.8,9.168,8.656,8.5,9.4,3.7763975156666674,7.225465838555555,5.0,5.0,8.13,6.043333333333334,4.3,6.0,3.0,4.433333333333334,0.5,5.7,2.5,2.9,8.0,6.3,4.0,6.1000000000000005,,,2.5,2.5,2.5,2.5,5.0,3.3333333333333335,Fase 4 (9º ano),Fase 5 (1° EM),Fase 5 (1° EM)
RA-559,2011,14,Masculino,13-15 anos,2021,Veterano,Escola Pública | Pública,1.0,2.0,3.0,Ametista,Ametista,Agata,7.634,7.947366667,6.158158974333333,7.2465085471111115,260.0,,,260.0,9.5,10.0,10.002,9.834000000000001,9.2,9.4,5.705128205,8.101709401666668,7.5,5.0,8.13,6.876666666666668,7.1,7.4,3.1666666666666665,5.888888888888889,7.2,6.5,1.0,4.8999999999999995,7.0,8.2,2.5,5.8999999999999995,,,6.0,6.0,5.0,5.0,10.0,6.666666666666667,Fase 2 (5º e 6º ano),Fase 3 (7° e 8° ano),Fase 3 (7° e 8° ano)
RA-560,2011,14,Masculino,13-15 anos,2020,Veterano,Escola Pública | Pública,1.0,2.0,,Quartzo,Quartzo,,4.949,4.932,,4.932,826.0,,,826.0,6.9,0.0,,0.0,7.2,8.4,,8.4,5.0,2.52,,2.52,3.8,4.0,,4.0,3.2,2.3,,2.3,4.3,5.7,,5.7,,,,,5.0,5.0,,5.0,Fase 2 (5º e 6º ano),Fase 3 (7° e 8° ano),
RA-561,2011,14,Menino,13-15 anos,2022,Veterano,Escola Pública,1.0,,,Ametista,,,7.856,,,7.856,185.0,,,185.0,9.0,,,9.0,9.0,,,9.0,7.5,,,7.5,7.4,,,7.4,9.5,,,9.5,5.3,,,5.3,,,,,5.0,,,5.0,Fase 2 (5º e 6º ano),,
RA-562,2011,14,Feminino,13-15 anos,2021,Veterano,Escola Pública | Pública,1.0,2.0,3.0,Ametista,Agata,Topázio,7.855,6.824833333,8.392733333333334,7.690855555444446,186.0,,,186.0,8.0,0.0,8.334,5.4446666666666665,9.0,8.5,9.833333333333334,9.111111111111112,7.5,2.52,8.135,6.051666666666667,8.0,8.7,7.833333333333333,8.177777777777777,8.3,7.7,7.5,7.833333333333333,7.7,9.7,7.5,8.299999999999999,,,8.5,8.5,5.0,5.0,10.0,6.666666666666667,Fase 2 (5º e 6º ano),Fase 3 (7° e 8° ano),Fase 3 (7° e 8° ano)
RA-563,2011,14,Feminino,13-15 anos,2021,Veterano,Escola Pública | Pública,1.0,2.0,3.0,Topázio,Ametista,Topázio,8.22,7.684133333,8.595447619066668,8.166526984022223,81.0,,,81.0,10.0,6.4,9.168,8.522666666666666,9.2,9.7,9.461904762000001,9.453968254000001,7.5,2.52,8.135,6.051666666666667,8.5,6.2,8.333333333333334,7.677777777777777,9.0,6.0,10.0,8.333333333333334,8.0,6.3,9.0,7.766666666666667,,,6.0,6.0,5.0,10.0,10.0,8.333333333333334,Fase 2 (5º e 6º ano),Fase 2 (5° e 6° ano),Fase 3 (7° e 8° ano)
RA-564,2009,16,Menino,16-17 anos,2019,Veterano,Escola Pública,1.0,,,Quartzo,,,4.972,,,4.972,822.0,,,822.0,9.5,,,9.5,3.8,,,3.8,5.0,,,5.0,2.3,,,2.3,2.5,,,2.5,2.0,,,2.0,,,,,5.0,,,5.0,Fase 3 (7º e 8º ano),,
RA-565,2009,16,Menino,16-17 anos,2022,Veterano,Escola Pública,1.0,,,Quartzo,,,5.233,,,5.233,809.0,,,809.0,9.0,,,9.0,4.1,,,4.1,7.5,,,7.5,2.9,,,2.9,4.0,,,4.0,1.8,,,1.8,,,,,5.0,,,5.0,Fase 3 (7º e 8º ano),,
RA-566,2010,15,Feminino,13-15 anos,2022,Veterano,Escola Pública | Pública,1.0,2.0,,Ametista,Ametista,,7.729,7.7227,,7.7227,226.0,,,226.0,9.5,9.0,,9.0,8.4,8.8,,8.8,7.5,2.52,,2.52,8.5,8.4,,8.4,9.5,8.8,,8.8,7.5,8.0,,8.0,,,,,5.0,5.0,,5.0,Fase 3 (7º e 8º ano),Fase 3 (7° e 8° ano),
RA-567,2011,14,Menino,13-15 anos,2019,Veterano,Escola Pública,1.0,,,Ágata,,,6.281,,,6.281,691.0,,,691.0,9.5,,,9.5,6.0,,,6.0,7.5,,,7.5,4.8,,,4.8,4.3,,,4.3,5.2,,,5.2,,,,,5.0,,,5.0,Fase 2 (5º e 6º ano),,
RA-568,2008,17,Masculino,16-17 anos,2021,Veterano,Escola Pública | Pública,1.0,2.0,3.0,Ametista,Agata,Quartzo,7.306,6.9647,5.545864285733334,6.605521428577778,385.0,,,385.0,8.0,7.0,7.917,7.639,8.6,7.9,3.2619047620000003,6.587301587333333,6.9,5.0,8.13,6.676666666666667,8.3,7.6,5.166666666666667,7.022222222222222,8.0,8.5,5.0,7.166666666666667,8.5,6.7,5.5,6.8999999999999995,,,5.0,5.0,2.5,2.5,5.0,3.3333333333333335,Fase 4 (9º ano),Fase 5 (1° EM),Fase 5 (1° EM)
RA-569,2010,15,Feminino,13-15 anos,2020,Veterano,Escola Pública,1.0,,,Ametista,,,7.074,,,7.074,464.0,,,464.0,9.5,,,9.5,8.7,,,8.7,5.0,,,5.0,6.8,,,6.8,6.3,,,6.3,7.3,,,7.3,,,,,5.0,,,5.0,Fase 3 (7º e 8º ano),,
RA-570,2012,13,Feminino,13-15 anos,2021,Veterano,Escola Pública | Pública,1.0,1.0,2.0,Quartzo,Agata,Agata,5.722,6.781033333,6.8133640787,6.438799137233334,755.0,,,755.0,9.0,8.5,8.002,8.500666666666667,7.0,7.3,8.0020703935,7.434023464500001,7.5,3.77,5.625,5.631666666666667,1.3,5.9,6.75,4.6499999999999995,0.7,5.7,6.0,4.133333333333334,2.0,6.0,7.5,5.166666666666667,,,,,5.0,5.0,5.0,5.0,Fase 2 (5º e 6º ano),Fase 2 (5° e 6° ano),Fase 3 (7° e 8° ano)
RA-571,2011,14,Feminino,13-15 anos,2021,Veterano,Escola Pública | Privada | Pública,1.0,1.0,2.0,Ágata,Agata,Agata,6.589,6.6097,6.2964554347999995,6.498385144933334,630.0,,,630.0,8.5,9.0,7.002,8.167333333333334,8.8,7.9,8.695652174,8.465217391333335,7.5,3.77,4.375,5.215,3.7,5.0,5.25,4.6499999999999995,3.3,3.8,5.0,4.033333333333333,4.0,6.2,5.5,5.233333333333333,,,,,5.0,5.0,5.0,5.0,Fase 2 (5º e 6º ano),Fase 3 (7° e 8° ano),Fase 3 (7° e 8° ano)
RA-572,2013,12,Menino,10-12 anos,2022,Veterano,Escola Pública,1.0,,,Ametista,,,7.48,,,7.48,322.0,,,322.0,8.5,,,8.5,8.0,,,8.0,7.5,,,7.5,6.8,,,6.8,4.5,,,4.5,9.0,,,9.0,,,,,10.0,,,10.0,Fase 1 (4º ano),,
RA-573,2011,14,Masculino,13-15 anos,2021,Veterano,Escola Pública | Pública,1.0,2.0,3.0,Topázio,Ametista,Ametista,8.261,7.774366667,7.839050000000001,7.958138889,70.0,,,70.0,9.5,9.5,9.168,9.389333333333333,9.9,9.8,9.5,9.733333333333334,7.5,5.0,8.755,7.085000000000001,8.2,6.6,5.0,6.599999999999999,8.3,5.7,6.0,6.666666666666667,8.0,7.5,3.5,6.333333333333333,,,5.5,5.5,5.0,5.0,10.0,6.666666666666667,Fase 2 (5º e 6º ano),Fase 3 (7° e 8° ano),Fase 3 (7° e 8° ano)
RA-574,2012,13,Masculino,13-15 anos,2022,Veterano,Escola Pública | Pública,1.0,2.0,,Ágata,Ametista,,6.86,7.878133333,,7.878133333,534.0,,,534.0,9.5,6.9,,6.9,7.2,8.2,,8.2,5.0,5.0,,5.0,7.5,8.1,,8.1,5.5,7.7,,7.7,9.5,8.5,,8.5,,,,,5.0,10.0,,10.0,Fase 2 (5º e 6º ano),Fase 2 (5° e 6° ano),
RA-575,2010,15,Menino,13-15 anos,2019,Veterano,Escola Pública,1.0,,,Quartzo,,,5.889,,,5.889,739.0,,,739.0,8.0,,,8.0,6.1,,,6.1,7.5,,,7.5,2.8,,,2.8,2.7,,,2.7,3.0,,,3.0,,,,,5.0,,,5.0,Fase 3 (7º e 8º ano),,
RA-576,2012,13,Feminino,13-15 anos,2022,Veterano,Escola Pública | Pública,1.0,1.0,2.0,Ametista,Ametista,Topázio,7.59,7.984741667,8.93195,8.168897222333333,279.0,,,279.0,9.5,9.0,8.502,9.000666666666667,9.1,9.3,10.0,9.466666666666667,7.5,5.02,7.51,6.676666666666667,7.8,8.0,9.25,8.35,7.5,6.5,9.0,7.666666666666667,8.0,9.5,9.5,9.0,,,,,5.0,5.0,10.0,6.666666666666667,Fase 2 (5º e 6º ano),Fase 2 (5° e 6° ano),Fase 2 (5° e 6° ano)
RA-577,2012,13,Feminino,13-15 anos,2022,Veterano,Escola Pública | Pública,1.0,1.0,2.0,Ametista,Ametista,Agata,7.862,7.219366667,6.629159109700001,7.236841925566668,182.0,,,182.0,9.5,10.0,8.502,9.334000000000001,9.3,8.2,5.7660455485,7.755348516166666,7.5,3.77,5.625,5.631666666666667,9.0,7.4,8.0,8.133333333333333,8.3,6.5,7.0,7.266666666666667,9.7,8.3,9.0,9.0,,,,,5.0,5.0,5.0,5.0,Fase 2 (5º e 6º ano),Fase 2 (5° e 6° ano),Fase 3 (7° e 8° ano)
RA-578,2012,13,Masculino,13-15 anos,2021,Veterano,Escola Pública | Privada - Programa de Apadrinhamento,1.0,2.0,3.0,Topázio,Topázio,Topázio,8.814,9.013866667,9.066199999966669,8.96468888898889,11.0,,,11.0,9.5,9.0,10.002,9.500666666666667,10.0,10.0,10.0,10.0,8.8,2.52,2.51,4.61,9.5,9.7,9.833333333333334,9.677777777777777,9.3,9.8,10.0,9.700000000000001,9.7,9.5,9.5,9.566666666666666,,,10.0,10.0,5.0,10.0,10.0,8.333333333333334,Fase 2 (5º e 6º ano),Fase 2 (5° e 6° ano),Fase 2 (5° e 6° ano)
RA-579,2012,13,Feminino,13-15 anos,2022,Veterano,Escola Pública,1.0,,,Ágata,,,6.067,,,6.067,715.0,,,715.0,8.5,,,8.5,5.8,,,5.8,7.5,,,7.5,3.8,,,3.8,0.0,,,0.0,7.5,,,7.5,,,,,5.0,,,5.0,Fase 2 (5º e 6º ano),,
RA-580,2012,13,Feminino,13-15 anos,2021,Veterano,Escola Pública | Pública,1.0,1.0,2.0,Ametista,Topázio,Ametista,7.525,8.4712,7.9281521222,7.974784040733333,299.0,,,299.0,8.0,8.5,9.002,8.500666666666667,9.6,9.8,8.871635610999999,9.423878536999998,7.5,7.52,7.51,7.510000000000001,7.6,9.0,9.25,8.616666666666667,6.3,8.7,10.0,8.333333333333334,8.8,9.3,8.5,8.866666666666667,,,,,5.0,5.0,5.0,5.0,Fase 2 (5º e 6º ano),Fase 2 (5° e 6° ano),Fase 3 (7° e 8° ano)
RA-581,2012,13,Masculino,13-15 anos,2021,Veterano,Escola Pública | Pública,1.0,1.0,2.0,Ágata,Ametista,Ametista,6.464,7.7167,7.0833015528,7.088000517600001,648.0,,,648.0,7.5,8.0,7.418,7.639333333333333,8.9,9.8,8.198757764,8.966252588000001,7.5,7.52,5.625,6.881666666666667,5.0,7.9,8.75,7.216666666666666,5.3,7.0,8.0,6.766666666666667,4.7,8.8,9.5,7.666666666666667,,,,,5.0,5.0,5.0,5.0,Fase 2 (5º e 6º ano),Fase 2 (5° e 6° ano),Fase 3 (7° e 8° ano)
RA-582,2012,13,Feminino,13-15 anos,2022,Veterano,Escola Pública,1.0,,,Ametista,,,7.064,,,7.064,466.0,,,466.0,10.0,,,10.0,9.0,,,9.0,7.5,,,7.5,4.9,,,4.9,4.3,,,4.3,5.5,,,5.5,,,,,5.0,,,5.0,Fase 2 (5º e 6º ano),,
RA-583,2010,15,Feminino,13-15 anos,2021,Veterano,Escola Pública | Pública,1.0,2.0,3.0,Ametista,Ametista,Ametista,7.456,7.838866667,7.447591035933334,7.580819234311112,333.0,,,333.0,8.5,9.0,7.917,8.472333333333333,9.4,9.4,8.904455179666668,9.234818393222222,7.5,7.52,8.135,7.718333333333334,7.1,6.3,5.0,6.133333333333333,6.2,5.5,6.5,6.066666666666666,8.0,7.0,4.5,6.5,,,4.0,4.0,5.0,5.0,10.0,6.666666666666667,Fase 3 (7º e 8º ano),Fase 3 (7° e 8° ano),Fase 3 (7° e 8° ano)
RA-584,2012,13,Feminino,13-15 anos,2021,Veterano,Escola Pública | Pública,1.0,2.0,3.0,Ágata,Ametista,Agata,6.714,7.697533333,6.752914393933334,7.054815908977779,585.0,,,585.0,8.0,9.5,8.751,8.750333333333332,8.5,9.0,5.636363636333333,7.712121212111111,7.5,2.52,8.755,6.258333333333333,4.6,5.8,4.333333333333333,4.9111111111111105,4.5,5.0,2.0,3.8333333333333335,4.7,6.5,5.0,5.3999999999999995,,,6.0,6.0,5.0,10.0,10.0,8.333333333333334,Fase 2 (5º e 6º ano),Fase 2 (5° e 6° ano),Fase 3 (7° e 8° ano)
RA-585,2013,12,Feminino,10-12 anos,2020,Veterano,Escola Pública,1.0,,,Ametista,,,7.398,,,7.398,362.0,,,362.0,8.5,,,8.5,9.1,,,9.1,7.5,,,7.5,5.0,,,5.0,3.7,,,3.7,6.3,,,6.3,,,,,10.0,,,10.0,Fase 1 (4º ano),,
RA-586,2012,13,Feminino,13-15 anos,2021,Veterano,Rede Decisão | Privada - Programa de Apadrinhamento,1.0,2.0,3.0,Ametista,Topázio,Topázio,7.988,8.4242,8.702387301666668,8.371529100555557,146.0,,,146.0,10.0,8.0,9.168,9.056,9.6,10.0,9.241269841333333,9.61375661377778,5.6,2.52,7.51,5.21,8.2,8.4,8.5,8.366666666666667,8.2,7.5,7.5,7.733333333333333,8.2,9.2,8.0,8.466666666666667,,,10.0,10.0,5.0,10.0,10.0,8.333333333333334,Fase 2 (5º e 6º ano),Fase 2 (5° e 6° ano),Fase 2 (5° e 6° ano)
RA-587,2012,13,Masculino,13-15 anos,2022,Veterano,Escola Pública | Pública,1.0,1.0,1.0,Ágata,Agata,Agata,6.632,6.032033333,6.817057142900001,6.4936968253,615.0,,,615.0,9.5,8.5,9.002,9.000666666666667,9.3,7.0,7.380952381,7.893650793666667,7.5,7.52,7.51,7.510000000000001,3.8,2.7,6.25,4.25,1.0,2.2,6.5,3.233333333333333,6.5,3.2,6.0,5.233333333333333,,,,,5.0,5.0,5.0,5.0,Fase 2 (5º e 6º ano),Fase 2 (5° e 6° ano),Fase 3 (7° e 8° ano)
RA-588,2013,12,Feminino,10-12 anos,2021,Veterano,Rede Decisão | Privada - Programa de Apadrinhamento,1.0,2.0,3.0,Topázio,Topázio,Topázio,8.622,8.3527,8.676133333333334,8.550277777777778,26.0,,,26.0,9.5,8.0,9.168,8.889333333333333,10.0,9.6,9.833333333333334,9.811111111111112,5.6,2.52,7.51,5.21,9.3,7.8,7.833333333333333,8.311111111111112,9.3,7.5,8.5,8.433333333333334,9.2,8.0,8.0,8.4,,,7.0,7.0,10.0,10.0,10.0,10.0,Fase 1 (4º ano),Fase 2 (5° e 6° ano),Fase 2 (5° e 6° ano)
RA-589,2013,12,Feminino,10-12 anos,2022,Veterano,Escola Pública,1.0,,,Ametista,,,7.744,,,7.744,219.0,,,219.0,9.5,,,9.5,9.4,,,9.4,7.5,,,7.5,5.8,,,5.8,3.0,,,3.0,8.5,,,8.5,,,,,10.0,,,10.0,Fase 1 (4º ano),,
RA-590,2012,13,Feminino,13-15 anos,2021,Veterano,Escola Pública | Privada,1.0,2.0,2.0,Ametista,Ametista,Agata,7.435,7.647666667,6.712378053800001,7.265014906933334,341.0,,,341.0,8.5,6.3,8.002,7.600666666666666,8.6,9.7,8.457556936,8.919185645333332,7.5,3.77,6.26,5.843333333333334,7.4,6.5,4.0,5.966666666666666,5.7,5.7,8.0,6.466666666666666,9.2,7.3,0.0,5.5,,,,,5.0,10.0,5.0,6.666666666666667,Fase 2 (5º e 6º ano),Fase 2 (5° e 6° ano),Fase 3 (7° e 8° ano)
RA-591,2011,14,Masculino,13-15 anos,2021,Veterano,Escola Pública | Pública,1.0,2.0,2.0,Ametista,Ametista,Agata,7.507,7.1472,6.8360336957,7.1634112319,305.0,,,305.0,9.5,9.0,7.418,8.639333333333333,9.3,8.5,7.913043478500001,8.571014492833333,7.5,6.27,6.255,6.675,7.1,6.9,7.5,7.166666666666667,7.8,6.2,6.0,6.666666666666667,6.3,7.5,9.0,7.6000000000000005,,,,,5.0,5.0,5.0,5.0,Fase 2 (5º e 6º ano),Fase 3 (7° e 8° ano),Fase 3 (7° e 8° ano)
RA-592,2012,13,Feminino,13-15 anos,2021,Veterano,Escola Pública | Privada,1.0,2.0,3.0,Ametista,Ametista,Ametista,7.381,7.935466667,7.121622213600001,7.4793629602000005,368.0,,,368.0,8.0,6.2,7.917,7.372333333333333,8.5,9.2,6.108152734666667,7.936050911555555,5.6,3.77,2.51,3.9599999999999995,8.4,7.6,7.833333333333333,7.944444444444444,7.2,5.5,7.0,6.566666666666666,9.7,9.7,8.0,9.133333333333333,,,8.5,8.5,5.0,10.0,10.0,8.333333333333334,Fase 2 (5º e 6º ano),Fase 2 (5° e 6° ano),Fase 2 (5° e 6° ano)
RA-593,2012,13,Feminino,13-15 anos,2021,Veterano,Escola Pública,1.0,,,Ágata,,,6.254,,,6.254,694.0,,,694.0,7.5,,,7.5,7.4,,,7.4,7.5,,,7.5,4.6,,,4.6,3.0,,,3.0,6.2,,,6.2,,,,,5.0,,,5.0,Fase 2 (5º e 6º ano),,
RA-594,2012,13,Masculino,13-15 anos,2022,Veterano,Escola Pública | Pública,1.0,1.0,2.0,Ametista,Agata,Agata,7.392,6.702033333,6.890966666600001,6.994999999866667,364.0,,,364.0,8.0,8.5,6.918,7.806,9.4,7.1,5.75,7.416666666666667,7.5,6.27,6.26,6.676666666666667,7.8,5.8,7.0,6.866666666666667,6.0,6.2,6.5,6.233333333333333,9.5,5.3,7.5,7.433333333333334,,,,,5.0,5.0,10.0,6.666666666666667,Fase 2 (5º e 6º ano),Fase 2 (5° e 6° ano),Fase 2 (5° e 6° ano)
RA-595,2010,15,Masculino,13-15 anos,2018,Veterano,Escola Pública | Pública,1.0,2.0,,Quartzo,Quartzo,,5.18,5.078666667,,5.078666667,813.0,,,813.0,8.5,0.0,,0.0,5.5,7.0,,7.0,7.5,7.52,,7.52,1.0,3.3,,3.3,2.0,3.2,,3.2,0.0,3.3,,3.3,,,,,5.0,5.0,,5.0,Fase 3 (7º e 8º ano),Fase 3 (7° e 8° ano),
RA-596,2013,12,Feminino,10-12 anos,2021,Veterano,Escola Pública,1.0,,,Topázio,,,8.971,,,8.971,4.0,,,4.0,9.5,,,9.5,10.0,,,10.0,7.5,,,7.5,9.3,,,9.3,8.8,,,8.8,9.8,,,9.8,,,,,10.0,,,10.0,Fase 1 (4º ano),,
RA-597,2013,12,Masculino,10-12 anos,2022,Veterano,Escola Pública | Pública,1.0,1.0,2.0,Topázio,Topázio,Ametista,8.265,8.49045,7.843291097300001,8.199580365766666,67.0,,,67.0,9.0,10.0,9.002,9.334000000000001,10.0,9.6,9.3271221535,9.642374051166668,7.5,7.52,7.51,7.510000000000001,8.0,8.5,6.0,7.5,6.5,7.8,5.0,6.433333333333334,9.5,9.2,7.0,8.566666666666666,,,,,10.0,5.0,10.0,8.333333333333334,Fase 1 (4º ano),Fase 2 (5° e 6° ano),Fase 2 (5° e 6° ano)
RA-598,2011,14,Feminino,13-15 anos,2022,Veterano,Escola Pública,1.0,,,Ágata,,,6.35,,,6.35,669.0,,,669.0,9.5,,,9.5,7.2,,,7.2,7.5,,,7.5,3.7,,,3.7,4.7,,,4.7,2.7,,,2.7,,,,,5.0,,,5.0,Fase 2 (5º e 6º ano),,
RA-599,2012,13,Masculino,13-15 anos,2022,Veterano,Escola Pública | Pública,1.0,2.0,3.0,Topázio,Topázio,Topázio,8.2,8.532866667,8.3569352941,8.363267320366667,85.0,,,85.0,9.5,10.0,10.002,9.834000000000001,9.2,9.5,8.607843137333333,9.102614379111111,7.5,2.52,9.375,6.465,9.1,8.5,7.666666666666667,8.422222222222222,8.3,8.2,8.0,8.166666666666666,9.8,8.7,7.0,8.5,,,8.0,8.0,5.0,10.0,10.0,8.333333333333334,Fase 2 (5º e 6º ano),Fase 2 (5° e 6° ano),Fase 2 (5° e 6° ano)
RA-600,2013,12,Feminino,10-12 anos,2021,Veterano,Escola Pública | Pública,1.0,1.0,2.0,Ágata,Ametista,Ametista,7.011,7.651658333,7.847373913,7.503344082000001,483.0,,,483.0,8.5,8.5,8.002,8.334000000000001,8.4,8.4,8.010869565,8.270289855,7.5,7.52,7.51,7.510000000000001,3.9,7.2,7.5,6.2,2.8,6.5,8.0,5.766666666666667,5.0,7.8,7.0,6.6000000000000005,,,,,10.0,5.0,10.0,8.333333333333334,Fase 1 (4º ano),Fase 2 (5° e 6° ano),Fase 2 (5° e 6° ano)
RA-601,2014,11,Masculino,10-12 anos,2021,Veterano,Escola Pública | Pública,1.0,1.0,1.0,Ametista,Topázio,Topázio,7.713,8.955783333,8.5107,8.393161111,231.0,,,231.0,9.0,9.0,9.502,9.167333333333334,9.7,10.0,10.0,9.9,7.5,7.52,7.505,7.508333333333333,5.7,8.7,8.75,7.716666666666666,5.3,8.0,9.5,7.6000000000000005,6.0,9.3,8.0,7.766666666666667,,,,,10.0,10.0,5.0,8.333333333333334,ALFA  (2º e 3º ano),Fase 1 (3° e 4° ano),Fase 2 (5° e 6° ano)
RA-602,2011,14,Masculino,13-15 anos,2021,Veterano,Escola Pública | Pública,1.0,2.0,3.0,Ametista,Topázio,Topázio,8.041,8.5592,8.647409313733334,8.415869771244445,134.0,,,134.0,10.0,10.0,9.585,9.861666666666666,9.7,9.6,9.670588235333334,9.65686274511111,7.5,7.52,7.51,7.510000000000001,8.6,8.1,7.333333333333333,8.011111111111111,8.3,7.3,9.0,8.200000000000001,8.8,8.8,5.0,7.533333333333334,,,8.0,8.0,5.0,5.0,10.0,6.666666666666667,Fase 2 (5º e 6º ano),Fase 3 (7° e 8° ano),Fase 3 (7° e 8° ano)
RA-603,2011,14,Masculino,13-15 anos,2022,Veterano,Escola Pública | Pública,1.0,2.0,3.0,Ametista,Agata,Agata,7.78,6.748833333,6.942277777866667,7.157037036955557,209.0,,,209.0,9.0,0.0,9.585,6.195,9.5,8.9,7.155555555666666,8.518518518555554,7.5,2.52,6.885,5.635000000000001,7.5,7.0,4.666666666666667,6.388888888888889,6.7,5.7,4.5,5.633333333333333,8.3,8.2,5.5,7.333333333333333,,,4.0,4.0,5.0,10.0,10.0,8.333333333333334,Fase 2 (5º e 6º ano),Fase 2 (5° e 6° ano),Fase 3 (7° e 8° ano)
RA-604,2012,13,Feminino,13-15 anos,2021,Veterano,Escola Pública | Pública,1.0,2.0,3.0,Ametista,Topázio,Ametista,8.018,8.548033333,7.429623555266667,7.998552296088889,136.0,,,136.0,9.0,9.0,8.334,8.778,9.0,9.3,7.5029927763333335,8.600997592111112,7.5,7.52,8.13,7.716666666666666,8.8,7.5,7.0,7.766666666666667,8.0,6.0,8.0,7.333333333333333,9.7,9.0,5.5,8.066666666666666,,,7.5,7.5,5.0,10.0,10.0,8.333333333333334,Fase 2 (5º e 6º ano),Fase 2 (5° e 6° ano),Fase 2 (5° e 6° ano)
RA-605,2010,15,Feminino,13-15 anos,2021,Veterano,Escola Pública | Pública,1.0,2.0,3.0,Ametista,Ametista,Agata,7.276,7.709366667,6.0175222222,7.000962963066667,406.0,,,406.0,6.9,9.0,7.5,7.8,9.3,9.5,6.194444444333333,8.331481481444444,6.9,7.52,6.885,7.101666666666667,7.1,6.8,2.6666666666666665,5.522222222222222,6.2,4.8,1.5,4.166666666666667,8.0,8.8,3.5,6.766666666666667,,,3.0,3.0,5.0,5.0,10.0,6.666666666666667,Fase 3 (7º e 8º ano),Fase 3 (7° e 8° ano),Fase 3 (7° e 8° ano)
RA-606,2012,13,Masculino,13-15 anos,2022,Veterano,Escola Pública | Pública,1.0,1.0,2.0,Ágata,Ametista,Agata,6.127,7.402491667,6.645260606100001,6.724917424366666,704.0,,,704.0,9.5,8.5,8.502,8.834000000000001,9.0,8.5,7.6136363634999995,8.371212121166666,7.5,7.52,6.885,7.301666666666667,1.8,6.0,3.25,3.6833333333333336,2.0,4.7,3.5,3.4,1.5,7.2,3.0,3.9,,,,,5.0,5.0,10.0,6.666666666666667,Fase 2 (5º e 6º ano),Fase 2 (5° e 6° ano),Fase 2 (5° e 6° ano)
RA-607,2012,13,Masculino,13-15 anos,2022,Veterano,Escola Pública | Pública,1.0,1.0,2.0,Ágata,Ametista,Ametista,6.44,7.333075,7.6486021739000005,7.140559057966667,652.0,,,652.0,6.8,8.0,8.502,7.767333333333333,8.1,7.5,7.4782608695,7.692753623166666,7.5,7.52,7.51,7.510000000000001,4.0,6.8,7.0,5.933333333333334,3.0,4.8,7.0,4.933333333333334,5.0,8.7,7.0,6.8999999999999995,,,,,5.0,5.0,10.0,6.666666666666667,Fase 2 (5º e 6º ano),Fase 2 (5° e 6° ano),Fase 2 (5° e 6° ano)
RA-608,2012,13,Masculino,13-15 anos,2022,Veterano,Escola Pública | Pública,1.0,1.0,2.0,Ametista,Ametista,Quartzo,7.216,7.401741667,5.778986231800001,6.798909299600001,422.0,,,422.0,7.8,10.0,9.002,8.934,9.6,7.5,3.054347826,6.718115942000001,7.5,7.52,6.885,7.301666666666667,6.3,6.2,4.25,5.583333333333333,3.0,6.0,5.0,4.666666666666667,9.5,6.3,3.5,6.433333333333334,,,,,5.0,5.0,10.0,6.666666666666667,Fase 2 (5º e 6º ano),Fase 2 (5° e 6° ano),Fase 2 (5° e 6° ano)
RA-609,2011,14,Masculino,13-15 anos,2019,Veterano,Escola Pública | Pública,1.0,2.0,,Ágata,Agata,,6.794,6.463033333,,6.463033333,557.0,,,557.0,8.5,9.5,,9.5,7.6,6.4,,6.4,7.5,7.52,,7.52,6.0,5.3,,5.3,6.5,3.2,,3.2,5.5,7.3,,7.3,,,,,5.0,5.0,,5.0,Fase 2 (5º e 6º ano),Fase 3 (7° e 8° ano),
RA-610,2013,12,Feminino,10-12 anos,2022,Veterano,Escola Pública | Pública,1.0,2.0,3.0,Topázio,Topázio,Ametista,8.18,8.2857,7.894888888933334,8.12019629631111,91.0,,,91.0,9.0,10.0,9.585,9.528333333333334,9.6,10.0,9.694444444333334,9.764814814777779,7.5,2.52,3.76,4.593333333333333,6.5,7.0,6.333333333333333,6.611111111111111,6.0,6.3,8.0,6.766666666666667,7.0,7.7,5.0,6.566666666666666,,,6.0,6.0,10.0,10.0,10.0,10.0,Fase 1 (4º ano),Fase 2 (5° e 6° ano),Fase 2 (5° e 6° ano)
RA-611,2010,15,Menino,13-15 anos,2021,Veterano,Escola Pública,1.0,,,Ametista,,,7.756,,,7.756,214.0,,,214.0,9.5,,,9.5,7.6,,,7.6,7.5,,,7.5,9.5,,,9.5,10.0,,,10.0,9.0,,,9.0,,,,,5.0,,,5.0,Fase 3 (7º e 8º ano),,
RA-612,2012,13,Feminino,13-15 anos,2021,Veterano,Escola Pública | Privada - Programa de Apadrinhamento,1.0,1.0,2.0,Ametista,Topázio,Topázio,7.594,8.410783333,9.134040909100001,8.3796080807,273.0,,,273.0,9.0,9.0,8.002,8.667333333333334,9.2,9.7,9.5454545455,9.481818181833333,7.5,3.77,6.26,5.843333333333334,7.9,9.7,9.75,9.116666666666667,9.7,9.3,9.5,9.5,6.2,10.0,10.0,8.733333333333333,,,,,5.0,5.0,10.0,6.666666666666667,Fase 2 (5º e 6º ano),Fase 2 (5° e 6° ano),Fase 2 (5° e 6° ano)
RA-613,2009,16,Masculino,16-17 anos,2021,Veterano,Escola Pública | Pública,1.0,3.0,3.0,Topázio,Agata,Ametista,8.121,6.864508333,7.4019,7.462469444333333,108.0,,,108.0,9.0,9.2,8.334,8.844666666666667,9.2,9.4,9.566666666666666,9.38888888888889,7.5,5.0,7.51,6.669999999999999,9.2,4.8,7.333333333333333,7.111111111111111,9.2,4.3,8.0,7.166666666666667,9.2,6.2,6.0,7.133333333333333,,3.8,8.0,8.0,5.0,5.0,5.0,5.0,Fase 3 (7º e 8º ano),Fase 4 (9° ano),Fase 4 (9° ano)
RA-614,2010,15,Masculino,13-15 anos,2021,Veterano,Escola Pública | Pública,1.0,2.0,3.0,Topázio,Topázio,Ametista,8.339,8.2282,7.8284999999666685,8.131899999988889,55.0,,,55.0,9.5,9.0,9.585,9.361666666666666,9.7,9.1,9.700000000000001,9.5,7.5,7.52,7.51,7.510000000000001,9.6,8.6,6.833333333333333,8.344444444444443,9.8,8.8,8.0,8.866666666666667,9.3,8.3,4.5,7.366666666666667,,,8.0,8.0,5.0,5.0,5.0,5.0,Fase 3 (7º e 8º ano),Fase 3 (7° e 8° ano),Fase 4 (9° ano)
RA-615,2013,12,Feminino,10-12 anos,2020,Veterano,Escola Pública | Pública,1.0,1.0,,Topázio,Ametista,,8.086,7.815658333,,7.815658333,120.0,,,120.0,9.5,10.0,,10.0,9.7,9.7,,9.7,7.5,3.14,,3.14,7.3,7.6,,7.6,7.8,6.8,,6.8,6.7,8.3,,8.3,,,,,10.0,5.0,,5.0,Fase 1 (4º ano),Fase 2 (5° e 6° ano),
RA-616,2010,15,Masculino,13-15 anos,2021,Veterano,Escola Pública | Pública,1.0,2.0,3.0,Ametista,Quartzo,Quartzo,7.303,5.612,5.457877193033333,6.1242923976777774,391.0,,,391.0,7.4,0.0,7.5,4.966666666666667,7.4,6.6,3.087719298333333,5.695906432777778,7.5,5.02,6.885,6.468333333333334,8.8,6.8,3.8333333333333335,6.477777777777778,9.2,5.5,3.0,5.8999999999999995,8.5,8.0,3.5,6.666666666666667,,,5.0,5.0,5.0,5.0,10.0,6.666666666666667,Fase 3 (7º e 8º ano),Fase 3 (7° e 8° ano),Fase 3 (7° e 8° ano)
RA-617,2011,14,Feminino,13-15 anos,2021,Veterano,Escola Pública | Pública,1.0,1.0,,Ametista,Agata,,7.107,6.816166667,,6.816166667,453.0,,,453.0,8.5,0.0,,0.0,8.9,9.0,,9.0,7.5,7.52,,7.52,6.3,6.9,,6.9,4.5,5.5,,5.5,8.0,8.2,,8.2,,,,,5.0,5.0,,5.0,Fase 2 (5º e 6º ano),Fase 2 (5° e 6° ano),
RA-618,2009,16,Masculino,16-17 anos,2021,Veterano,Escola Pública | Pública,1.0,2.0,3.0,Ametista,Agata,Agata,7.18,6.4745,6.718348148233334,6.790949382744444,438.0,,,438.0,8.9,0.0,10.002,6.300666666666667,8.3,9.2,8.324074074,8.608024691333334,7.5,5.02,6.88,6.466666666666666,6.7,6.2,4.166666666666667,5.688888888888889,6.8,4.5,5.0,5.433333333333334,6.5,7.8,4.5,6.266666666666667,,,3.0,3.0,5.0,5.0,5.0,5.0,Fase 3 (7º e 8º ano),Fase 4 (9° ano),Fase 5 (1° EM)
RA-619,2011,14,Feminino,13-15 anos,2021,Veterano,Escola Pública | Pública,1.0,2.0,,Ametista,Ametista,,7.693,7.891366667,,7.891366667,236.0,,,236.0,9.5,9.0,,9.0,8.0,7.1,,7.1,7.5,3.77,,3.77,9.0,9.0,,9.0,9.2,8.5,,8.5,8.8,9.5,,9.5,,,,,5.0,10.0,,10.0,Fase 2 (5º e 6º ano),Fase 2 (5° e 6° ano),
RA-620,2010,15,Masculino,13-15 anos,2021,Veterano,Escola Pública | Pública,1.0,2.0,3.0,Ágata,Ametista,Quartzo,6.018,7.043666667,5.766892063566667,6.276186243522223,726.0,,,726.0,0.0,6.8,8.334,5.044666666666667,7.5,8.4,3.9841269843333333,6.628042328111111,7.5,7.52,7.51,7.510000000000001,6.8,6.2,2.5,5.166666666666667,8.5,5.2,3.5,5.733333333333333,5.0,7.2,2.5,4.8999999999999995,,,1.5,1.5,5.0,5.0,10.0,6.666666666666667,Fase 3 (7º e 8º ano),Fase 3 (7° e 8° ano),Fase 3 (7° e 8° ano)
RA-621,2012,13,Menino,13-15 anos,2020,Veterano,Escola Pública,1.0,,,Ametista,,,7.448,,,7.448,337.0,,,337.0,9.5,,,9.5,7.7,,,7.7,7.5,,,7.5,7.5,,,7.5,6.8,,,6.8,8.2,,,8.2,,,,,5.0,,,5.0,Fase 2 (5º e 6º ano),,
RA-622,2010,15,Feminino,13-15 anos,2019,Veterano,Escola Pública,1.0,,,Quartzo,,,4.934,,,4.934,828.0,,,828.0,3.5,,,3.5,3.8,,,3.8,7.5,,,7.5,3.8,,,3.8,4.8,,,4.8,2.7,,,2.7,,,,,5.0,,,5.0,Fase 3 (7º e 8º ano),,
RA-623,2009,16,Masculino,16-17 anos,2022,Veterano,Escola Pública | Pública,1.0,2.0,3.0,Ametista,Ametista,Agata,7.524,7.8307,6.357733333300001,7.237477777766667,300.0,,,300.0,7.5,10.0,8.334,8.611333333333333,9.0,9.5,7.3999999999999995,8.633333333333333,7.5,7.52,6.885,7.301666666666667,8.3,7.3,4.0,6.533333333333334,9.3,5.8,3.5,6.2,7.2,8.8,2.5,6.166666666666667,,,6.0,6.0,5.0,5.0,5.0,5.0,Fase 3 (7º e 8º ano),Fase 4 (9° ano),Fase 4 (9° ano)
RA-624,2012,13,Masculino,13-15 anos,2022,Veterano,Escola Pública | Pública,1.0,1.0,2.0,Ametista,Topázio,Ametista,7.425,8.270825,7.229425672900001,7.6417502243,346.0,,,346.0,9.0,9.0,8.002,8.667333333333334,8.9,9.2,8.219461698,8.773153899333334,7.5,7.52,7.51,7.510000000000001,6.8,8.6,4.0,6.466666666666666,8.0,8.3,8.0,8.1,5.5,8.8,0.0,4.766666666666667,,,,,5.0,5.0,10.0,6.666666666666667,Fase 2 (5º e 6º ano),Fase 2 (5° e 6° ano),Fase 2 (5° e 6° ano)
RA-625,2011,14,Menino,13-15 anos,2022,Veterano,Escola Pública,1.0,,,Ametista,,,7.483,,,7.483,319.0,,,319.0,8.0,,,8.0,9.2,,,9.2,7.5,,,7.5,7.8,,,7.8,8.5,,,8.5,7.0,,,7.0,,,,,5.0,,,5.0,Fase 2 (5º e 6º ano),,
RA-626,2011,14,Masculino,13-15 anos,2021,Veterano,Escola Pública | Pública,1.0,2.0,3.0,Quartzo,Ametista,Agata,5.818,7.231033333,6.407590225500001,6.485541186166667,748.0,,,748.0,7.4,9.0,9.585,8.661666666666667,7.6,9.2,3.380451127666667,6.726817042555555,7.5,4.39,6.885,6.258333333333333,1.3,6.5,5.333333333333333,4.377777777777777,2.5,4.7,5.5,4.233333333333333,0.0,8.3,3.5,3.9333333333333336,,,7.0,7.0,5.0,5.0,10.0,6.666666666666667,Fase 2 (5º e 6º ano),Fase 3 (7° e 8° ano),Fase 3 (7° e 8° ano)
RA-627,2012,13,Feminino,13-15 anos,2022,Veterano,Escola Pública,1.0,,,Ágata,,,6.621,,,6.621,619.0,,,619.0,7.0,,,7.0,6.7,,,6.7,7.5,,,7.5,6.5,,,6.5,6.2,,,6.2,6.8,,,6.8,,,,,5.0,,,5.0,Fase 2 (5º e 6º ano),,
RA-628,2011,14,Masculino,13-15 anos,2022,Veterano,Escola Pública | Pública,1.0,1.0,2.0,Ametista,Topázio,Topázio,7.577,8.370325,8.2366166666,8.061313888866666,282.0,,,282.0,9.5,9.5,9.002,9.334000000000001,7.6,8.9,10.0,8.833333333333334,7.5,7.52,7.51,7.510000000000001,9.2,9.4,9.0,9.200000000000001,9.3,9.0,8.0,8.766666666666667,9.0,9.7,10.0,9.566666666666666,,,,,5.0,5.0,5.0,5.0,Fase 2 (5º e 6º ano),Fase 3 (7° e 8° ano),Fase 3 (7° e 8° ano)
RA-629,2013,12,Feminino,10-12 anos,2022,Veterano,Escola Pública | Pública,1.0,1.0,2.0,Topázio,Topázio,Topázio,8.11,8.013866667,8.061295238200001,8.061720635066669,112.0,,,112.0,9.0,10.0,10.002,9.667333333333334,10.0,9.4,9.523809524,9.641269841333333,7.5,7.52,7.51,7.510000000000001,7.0,7.5,6.0,6.833333333333333,5.0,7.0,6.0,6.0,9.0,8.0,6.0,7.666666666666667,,,,,10.0,5.0,10.0,8.333333333333334,Fase 1 (4º ano),Fase 2 (5° e 6° ano),Fase 2 (5° e 6° ano)
RA-630,2013,12,Masculino,10-12 anos,2022,Veterano,Escola Pública | Pública,1.0,1.0,2.0,Topázio,Ametista,Agata,8.064,7.199991667,6.879985507300001,7.381325724766666,127.0,,,127.0,9.5,9.0,0.0,6.166666666666667,9.2,8.6,8.4782608695,8.759420289833331,7.5,3.77,7.51,6.260000000000001,7.3,5.7,5.75,6.25,6.5,4.2,6.0,5.566666666666666,8.0,7.2,5.5,6.8999999999999995,,,,,10.0,5.0,10.0,8.333333333333334,Fase 1 (4º ano),Fase 2 (5° e 6° ano),Fase 2 (5° e 6° ano)
RA-631,2010,15,Masculino,13-15 anos,2022,Veterano,Escola Pública | Pública,1.0,2.0,3.0,Ágata,Quartzo,Agata,6.928,5.954666667,6.795673420466667,6.5594466958222215,515.0,,,515.0,8.5,0.0,8.334,5.6113333333333335,6.8,6.4,7.2122004356666665,6.804066811888888,7.5,6.27,8.75,7.506666666666667,7.0,7.0,4.166666666666667,6.055555555555556,7.3,6.0,7.0,6.766666666666667,6.7,8.0,3.5,6.066666666666666,,,2.0,2.0,5.0,5.0,10.0,6.666666666666667,Fase 3 (7º e 8º ano),Fase 3 (7° e 8° ano),Fase 3 (7° e 8° ano)
RA-632,2012,13,Feminino,13-15 anos,2022,Veterano,Escola Pública | Pública,1.0,2.0,3.0,Ágata,Ametista,Ametista,6.996,7.8768,7.515491249000001,7.462763749666667,489.0,,,489.0,8.5,4.7,7.917,7.038999999999999,9.3,9.1,8.999164578333334,9.133054859444444,6.9,5.64,6.875,6.471666666666667,6.3,7.4,4.166666666666667,5.955555555555556,5.5,6.8,0.0,4.1000000000000005,7.2,8.0,6.0,7.066666666666666,,,6.5,6.5,5.0,10.0,10.0,8.333333333333334,Fase 2 (5º e 6º ano),Fase 2 (5° e 6° ano),Fase 3 (7° e 8° ano)
RA-633,2011,14,Feminino,13-15 anos,2021,Veterano,Escola Pública | Pública,1.0,2.0,3.0,Ametista,Agata,Quartzo,7.476,6.6552,5.228470175466667,6.453223391822223,325.0,,,325.0,7.3,1.7,4.584,4.528,8.9,8.1,4.707017544,7.235672514666667,7.5,6.27,2.51,5.426666666666667,7.7,7.2,3.3333333333333335,6.077777777777778,6.8,5.3,4.0,5.366666666666667,8.5,9.0,6.0,7.833333333333333,,,0.0,0.0,5.0,5.0,10.0,6.666666666666667,Fase 2 (5º e 6º ano),Fase 3 (7° e 8° ano),Fase 3 (7° e 8° ano)
RA-634,2011,14,Feminino,13-15 anos,2022,Veterano,Escola Pública,1.0,,,Ametista,,,7.619,,,7.619,267.0,,,267.0,9.5,,,9.5,9.4,,,9.4,7.5,,,7.5,6.5,,,6.5,8.0,,,8.0,5.0,,,5.0,,,,,5.0,,,5.0,Fase 2 (5º e 6º ano),,
RA-635,2012,13,Menino,13-15 anos,2022,Veterano,Escola Pública,1.0,,,Quartzo,,,5.313,,,5.313,802.0,,,802.0,10.0,,,10.0,4.9,,,4.9,6.9,,,6.9,1.5,,,1.5,0.5,,,0.5,2.5,,,2.5,,,,,5.0,,,5.0,Fase 2 (5º e 6º ano),,
RA-636,2012,13,Masculino,13-15 anos,2022,Veterano,Escola Pública | Pública,1.0,1.0,2.0,Ametista,Agata,Agata,7.189,6.836666667,6.3802279106,6.801964859200001,434.0,,,434.0,8.5,0.0,8.002,5.5006666666666675,8.0,8.3,4.9043062200000005,7.068102073333333,6.9,5.64,7.51,6.683333333333333,7.3,9.0,5.25,7.183333333333334,7.3,9.2,4.0,6.833333333333333,7.3,8.7,6.5,7.5,,,,,5.0,5.0,10.0,6.666666666666667,Fase 2 (5º e 6º ano),Fase 2 (5° e 6° ano),Fase 2 (5° e 6° ano)
RA-637,2012,13,Feminino,13-15 anos,2021,Veterano,Escola Pública | Pública,1.0,1.0,2.0,Ametista,Topázio,Ametista,7.039,8.109533333,7.6853212122,7.6112848483999995,477.0,,,477.0,8.5,8.0,7.502,8.000666666666666,9.0,9.5,6.2272727275,8.2424242425,7.5,7.52,7.51,7.510000000000001,5.8,8.5,7.75,7.3500000000000005,4.8,8.7,6.5,6.666666666666667,6.8,8.2,9.0,8.0,,,,,5.0,5.0,10.0,6.666666666666667,Fase 2 (5º e 6º ano),Fase 2 (5° e 6° ano),Fase 2 (5° e 6° ano)
RA-638,2013,12,Feminino,10-12 anos,2021,Veterano,Escola Pública | Pública,1.0,1.0,2.0,Ametista,Ametista,Agata,7.059,7.754866667,6.7464878789,7.186784848633333,467.0,,,467.0,8.5,9.0,8.502,8.667333333333334,9.3,9.4,5.7272727275,8.1424242425,7.5,7.52,7.51,7.510000000000001,3.9,6.5,5.0,5.133333333333334,2.0,6.8,4.0,4.266666666666667,5.8,6.2,6.0,6.0,,,,,10.0,5.0,10.0,8.333333333333334,Fase 1 (4º ano),Fase 2 (5° e 6° ano),Fase 2 (5° e 6° ano)
RA-639,2012,13,Feminino,13-15 anos,2021,Veterano,Escola Pública | Pública,1.0,2.0,3.0,Ágata,Ametista,Quartzo,6.613,7.5853,5.7693807644,6.655893588133334,622.0,,,622.0,8.5,7.4,7.917,7.939,7.4,8.1,5.278195488666667,6.926065162888889,7.5,6.27,2.51,5.426666666666667,5.5,6.3,3.8333333333333335,5.211111111111111,3.2,4.8,1.0,3.0,7.8,7.8,4.5,6.7,,,6.0,6.0,5.0,10.0,10.0,8.333333333333334,Fase 2 (5º e 6º ano),Fase 2 (5° e 6° ano),Fase 3 (7° e 8° ano)
RA-640,2011,14,Feminino,13-15 anos,2022,Veterano,Escola Pública | Pública,1.0,1.0,,Ágata,Agata,,6.73,6.1105,,6.1105,577.0,,,577.0,9.0,0.0,,0.0,8.4,7.3,,7.3,7.5,7.52,,7.52,4.8,4.9,,4.9,2.5,4.0,,4.0,7.0,5.8,,5.8,,,,,5.0,5.0,,5.0,Fase 2 (5º e 6º ano),Fase 3 (7° e 8° ano),
RA-641,2013,12,Feminino,10-12 anos,2022,Veterano,Escola Pública,1.0,,,Ametista,,,7.776,,,7.776,210.0,,,210.0,9.0,,,9.0,9.3,,,9.3,7.5,,,7.5,6.5,,,6.5,4.5,,,4.5,8.5,,,8.5,,,,,10.0,,,10.0,Fase 1 (4º ano),,
RA-642,2012,13,Feminino,13-15 anos,2021,Veterano,Escola Pública | Pública,1.0,2.0,3.0,Ametista,Topázio,Ametista,7.75,8.416866667,7.082591269866667,7.749819312288889,216.0,,,216.0,10.0,9.5,9.585,9.695,9.7,9.2,9.149206349333333,9.349735449777777,6.9,6.27,3.76,5.6433333333333335,7.3,6.5,4.0,5.933333333333334,7.0,5.7,2.0,4.8999999999999995,7.7,7.2,5.0,6.633333333333333,,,5.0,5.0,5.0,10.0,10.0,8.333333333333334,Fase 2 (5º e 6º ano),Fase 2 (5° e 6° ano),Fase 3 (7° e 8° ano)
RA-643,2012,13,Masculino,13-15 anos,2022,Veterano,Escola Pública | Pública,1.0,1.0,2.0,Ágata,Ametista,Agata,6.763,7.389033333,6.402239075100001,6.851424136033334,565.0,,,565.0,9.0,9.5,9.002,9.167333333333334,8.0,8.2,6.8660287085,7.688676236166667,7.5,7.52,7.51,7.510000000000001,6.2,7.1,4.5,5.933333333333334,6.3,7.0,3.0,5.433333333333334,6.0,7.2,6.0,6.3999999999999995,,,,,5.0,5.0,5.0,5.0,Fase 2 (5º e 6º ano),Fase 2 (5° e 6° ano),Fase 3 (7° e 8° ano)
RA-644,2011,14,Feminino,13-15 anos,2021,Veterano,Escola Pública | Pública,1.0,2.0,,Ametista,Agata,,7.83,6.897033333,,6.897033333,195.0,,,195.0,9.5,10.0,,10.0,8.0,5.6,,5.6,7.5,7.52,,7.52,8.8,5.9,,5.9,9.7,4.0,,4.0,8.0,7.7,,7.7,,,,,5.0,5.0,,5.0,Fase 2 (5º e 6º ano),Fase 3 (7° e 8° ano),
RA-645,2012,13,Feminino,13-15 anos,2022,Veterano,Escola Pública | Pública,1.0,1.0,2.0,Ágata,Ametista,Ametista,6.086,7.613033333,7.502239394,7.067090909,711.0,,,711.0,8.5,9.0,7.418,8.306,8.1,8.5,8.3863636365,8.328787878833333,7.5,6.27,7.51,7.093333333333334,2.0,7.3,5.25,4.8500000000000005,4.0,6.5,3.0,4.5,0.0,8.0,7.5,5.166666666666667,,,,,5.0,5.0,10.0,6.666666666666667,Fase 2 (5º e 6º ano),Fase 2 (5° e 6° ano),Fase 2 (5° e 6° ano)
RA-646,2009,16,Masculino,16-17 anos,2021,Veterano,Escola Pública | Pública,1.0,2.0,3.0,Topázio,Topázio,Ametista,8.181,8.3547,7.715491666666668,8.083730555555556,90.0,,,90.0,8.5,10.0,10.002,9.500666666666667,9.8,8.9,9.266666666666667,9.322222222222223,8.1,7.52,7.51,7.71,8.4,8.4,6.166666666666667,7.655555555555556,8.8,8.2,9.0,8.666666666666666,8.0,8.5,4.5,7.0,,,5.0,5.0,5.0,5.0,5.0,5.0,Fase 3 (7º e 8º ano),Fase 3 (7° e 8° ano),Fase 4 (9° ano)
RA-647,2012,13,Feminino,13-15 anos,2022,Veterano,Escola Pública | Privada - Programa de Apadrinhamento,1.0,1.0,,Ágata,Ametista,,6.606,7.100566667,,7.100566667,624.0,,,624.0,9.5,7.3,,7.3,8.6,8.7,,8.7,7.5,6.27,,6.27,3.3,5.2,,5.2,1.5,4.7,,4.7,5.2,5.7,,5.7,,,,,5.0,5.0,,5.0,Fase 2 (5º e 6º ano),Fase 2 (5° e 6° ano),
RA-648,2010,15,Menino,13-15 anos,2019,Veterano,Escola Pública,1.0,,,Ágata,,,6.736,,,6.736,574.0,,,574.0,9.0,,,9.0,7.5,,,7.5,6.9,,,6.9,5.3,,,5.3,5.0,,,5.0,5.5,,,5.5,,,,,5.0,,,5.0,Fase 3 (7º e 8º ano),,
RA-649,2010,15,Feminino,13-15 anos,2021,Veterano,Escola Pública | Pública,1.0,2.0,3.0,Ametista,Ametista,Agata,7.302,7.579533333,6.985329691766667,7.288954341588888,393.0,,,393.0,8.5,9.0,8.751,8.750333333333332,8.9,9.3,6.004481792666667,8.068160597555556,5.6,3.77,8.76,6.043333333333333,7.4,6.5,3.6666666666666665,5.855555555555555,6.3,3.8,5.5,5.2,8.5,9.2,4.0,7.233333333333333,,,1.5,1.5,5.0,5.0,10.0,6.666666666666667,Fase 3 (7º e 8º ano),Fase 3 (7° e 8° ano),Fase 3 (7° e 8° ano)
RA-650,2011,14,Feminino,13-15 anos,2021,Veterano,Escola Pública,1.0,,,Ágata,,,7.004,,,7.004,486.0,,,486.0,6.9,,,6.9,8.7,,,8.7,5.6,,,5.6,6.9,,,6.9,5.5,,,5.5,8.3,,,8.3,,,,,5.0,,,5.0,Fase 2 (5º e 6º ano),,
RA-651,2012,13,Feminino,13-15 anos,2022,Veterano,Escola Pública | Pública,1.0,2.0,3.0,Ametista,Ametista,Topázio,7.866,7.332,8.689300000100001,7.9624333333666675,180.0,,,180.0,8.5,0.0,9.168,5.889333333333333,9.3,8.2,10.0,9.166666666666666,7.5,3.77,7.51,6.260000000000001,7.8,9.3,7.5,8.200000000000001,7.7,9.8,10.0,9.166666666666666,7.8,8.7,6.0,7.5,,,6.5,6.5,5.0,10.0,10.0,8.333333333333334,Fase 2 (5º e 6º ano),Fase 2 (5° e 6° ano),Fase 2 (5° e 6° ano)
RA-652,2013,12,Feminino,10-12 anos,2022,Veterano,Escola Pública | Pública,1.0,1.0,2.0,Topázio,Ametista,Ametista,8.151,7.871033333,7.361896969700001,7.7946434342333335,98.0,,,98.0,8.0,9.0,8.002,8.334000000000001,9.6,9.4,6.931818182000001,8.643939394,7.5,6.89,7.51,7.3,7.8,7.0,5.5,6.766666666666667,7.0,6.2,4.5,5.8999999999999995,8.5,7.8,6.5,7.6000000000000005,,,,,10.0,5.0,10.0,8.333333333333334,Fase 1 (4º ano),Fase 2 (5° e 6° ano),Fase 2 (5° e 6° ano)
RA-653,2011,14,Feminino,13-15 anos,2022,Veterano,Escola Pública | Pública,1.0,2.0,3.0,Topázio,Ametista,Topázio,8.101,7.385666667,8.103217647033333,7.863294771344445,115.0,,,115.0,9.5,0.0,8.751,6.083666666666666,9.6,9.8,9.537254901999999,9.645751634,7.5,6.27,8.76,7.510000000000001,9.3,7.9,5.166666666666667,7.455555555555557,9.5,7.7,6.5,7.8999999999999995,9.0,8.0,4.5,7.166666666666667,,,4.5,4.5,5.0,5.0,10.0,6.666666666666667,Fase 2 (5º e 6º ano),Fase 3 (7° e 8° ano),Fase 3 (7° e 8° ano)
RA-654,2010,15,Feminino,13-15 anos,2022,Veterano,Escola Pública,1.0,,,Ametista,,,7.308,,,7.308,384.0,,,384.0,8.5,,,8.5,8.6,,,8.6,7.5,,,7.5,6.8,,,6.8,5.5,,,5.5,8.0,,,8.0,,,,,5.0,,,5.0,Fase 3 (7º e 8º ano),,
RA-655,2010,15,Feminino,13-15 anos,2021,Veterano,Escola Pública | Pública,1.0,2.0,3.0,Ametista,Topázio,Topázio,7.785,8.3198,8.238600000066668,8.11446666668889,206.0,,,206.0,7.5,7.4,7.501,7.467,9.2,9.9,10.0,9.700000000000001,7.5,7.52,8.76,7.926666666666667,8.3,8.3,6.833333333333333,7.811111111111111,8.3,7.2,8.0,7.833333333333333,8.2,9.3,4.0,7.166666666666667,,,8.5,8.5,5.0,5.0,10.0,6.666666666666667,Fase 3 (7º e 8º ano),Fase 3 (7° e 8° ano),Fase 3 (7° e 8° ano)
RA-656,2011,14,Feminino,13-15 anos,2021,Veterano,Escola Pública | Pública,1.0,2.0,3.0,Ágata,Agata,Agata,6.652,6.780833333,6.668152941266667,6.700328758088889,606.0,,,606.0,7.4,0.0,9.168,5.522666666666666,7.5,8.9,5.978431372666667,7.4594771242222215,5.6,7.52,7.51,6.876666666666666,6.3,7.3,4.166666666666667,5.922222222222222,5.0,5.8,5.0,5.266666666666667,7.5,8.8,3.5,6.6000000000000005,,,4.0,4.0,5.0,5.0,10.0,6.666666666666667,Fase 2 (5º e 6º ano),Fase 3 (7° e 8° ano),Fase 3 (7° e 8° ano)
RA-657,2010,15,Feminino,13-15 anos,2021,Veterano,Escola Pública | Pública,1.0,2.0,3.0,Topázio,Topázio,Topázio,8.093,8.3532,8.207433333400001,8.2178777778,117.0,,,117.0,9.5,8.5,8.751,8.917,9.8,10.0,9.6,9.799999999999999,7.5,7.52,6.885,7.301666666666667,9.0,8.2,7.5,8.233333333333333,9.0,7.0,8.0,8.0,9.0,9.3,4.5,7.6000000000000005,,,10.0,10.0,5.0,5.0,10.0,6.666666666666667,Fase 3 (7º e 8º ano),Fase 3 (7° e 8° ano),Fase 3 (7° e 8° ano)
RA-658,2012,13,Feminino,13-15 anos,2022,Veterano,Escola Pública | Pública,1.0,2.0,3.0,Ametista,Topázio,Ametista,7.407,8.438533333,7.507033333333333,7.784188888777778,357.0,,,357.0,10.0,9.5,8.751,9.417,9.3,9.5,10.0,9.6,7.5,7.52,8.135,7.718333333333334,5.6,6.1,3.6666666666666665,5.122222222222222,4.7,5.3,5.5,5.166666666666667,6.5,6.8,2.5,5.266666666666667,,,3.0,3.0,5.0,10.0,10.0,8.333333333333334,Fase 2 (5º e 6º ano),Fase 2 (5° e 6° ano),Fase 2 (5° e 6° ano)
RA-659,2012,13,Feminino,13-15 anos,2022,Veterano,Escola Pública,1.0,,,Ametista,,,7.783,,,7.783,208.0,,,208.0,8.0,,,8.0,7.8,,,7.8,7.5,,,7.5,9.3,,,9.3,9.5,,,9.5,9.0,,,9.0,,,,,5.0,,,5.0,Fase 2 (5º e 6º ano),,
RA-660,2013,12,Feminino,10-12 anos,2021,Veterano,Escola Pública,1.0,,,Topázio,,,8.363,,,8.363,50.0,,,50.0,9.5,,,9.5,9.0,,,9.0,7.5,,,7.5,6.9,,,6.9,5.8,,,5.8,8.0,,,8.0,,,,,10.0,,,10.0,Fase 1 (4º ano),,
RA-661,2011,14,Masculino,13-15 anos,2022,Veterano,Escola Pública | Pública,1.0,2.0,,Ametista,Agata,,7.593,6.846333333,,6.846333333,274.0,,,274.0,9.0,0.0,,0.0,8.3,7.7,,7.7,7.5,6.89,,6.89,7.8,6.5,,6.5,8.3,4.3,,4.3,7.3,8.7,,8.7,,,,,5.0,10.0,,10.0,Fase 2 (5º e 6º ano),Fase 2 (5° e 6° ano),
RA-662,2011,14,Feminino,13-15 anos,2022,Veterano,Escola Pública | Pública,1.0,2.0,3.0,Ametista,Agata,Ametista,7.044,6.733566667,7.1074778554666675,6.961681507488888,473.0,,,473.0,9.0,6.8,7.917,7.905666666666666,8.8,7.6,7.6107226106666666,8.003574203555555,7.5,6.27,7.51,7.093333333333334,6.8,6.7,4.166666666666667,5.888888888888889,5.7,4.3,4.5,4.833333333333333,7.8,9.0,5.0,7.266666666666667,,,3.0,3.0,5.0,5.0,10.0,6.666666666666667,Fase 2 (5º e 6º ano),Fase 3 (7° e 8° ano),Fase 3 (7° e 8° ano)
RA-663,2012,13,Masculino,13-15 anos,2022,Veterano,Escola Pública | Pública,1.0,1.0,2.0,Ágata,Agata,Agata,6.376,6.969133333,6.696419461700001,6.680517598233333,665.0,,,665.0,6.9,6.9,8.502,7.434,8.7,7.4,7.0910973085,7.7303657695000005,7.5,7.52,5.625,6.881666666666667,5.8,7.0,6.5,6.433333333333334,5.0,6.7,6.0,5.8999999999999995,6.5,7.3,7.0,6.933333333333334,,,,,5.0,5.0,5.0,5.0,Fase 2 (5º e 6º ano),Fase 2 (5° e 6° ano),Fase 3 (7° e 8° ano)
RA-664,2012,13,Feminino,13-15 anos,2022,Veterano,Escola Pública | Pública,1.0,1.0,2.0,Ametista,Topázio,Ametista,7.277,8.0872,7.5017244089,7.621974802966666,405.0,,,405.0,9.5,9.0,9.002,9.167333333333334,8.8,9.6,6.7734553775,8.391151792499999,7.5,7.52,7.51,7.510000000000001,6.3,8.0,5.75,6.683333333333334,5.0,8.0,3.0,5.333333333333333,7.5,8.0,8.5,8.0,,,,,5.0,5.0,10.0,6.666666666666667,Fase 2 (5º e 6º ano),Fase 2 (5° e 6° ano),Fase 2 (5° e 6° ano)
RA-665,2011,14,Feminino,13-15 anos,2022,Veterano,Escola Pública | Pública,1.0,1.0,2.0,Ágata,Agata,Quartzo,6.996,6.185658333,5.698703030200001,6.293453787733334,488.0,,,488.0,9.0,9.5,8.334,8.944666666666667,7.4,4.9,5.068181818,5.789393939333333,7.5,2.52,5.63,5.216666666666666,6.8,5.2,4.75,5.583333333333333,6.5,5.0,3.0,4.833333333333333,7.0,5.3,6.5,6.266666666666667,,,,,5.0,5.0,5.0,5.0,Fase 2 (5º e 6º ano),Fase 2 (5° e 6° ano),Fase 3 (7° e 8° ano)
RA-666,2012,13,Masculino,13-15 anos,2022,Veterano,Escola Pública | Pública,1.0,2.0,3.0,Ametista,Topázio,Topázio,7.929,8.720366667,8.185838802933334,8.278401823311112,160.0,,,160.0,9.5,9.5,10.002,9.667333333333334,9.1,9.1,7.881527348,8.693842449333333,7.5,7.52,7.51,7.510000000000001,7.8,7.1,7.166666666666667,7.355555555555555,8.0,6.7,10.0,8.233333333333333,7.5,7.5,5.5,6.833333333333333,,,6.0,6.0,5.0,10.0,10.0,8.333333333333334,Fase 2 (5º e 6º ano),Fase 2 (5° e 6° ano),Fase 3 (7° e 8° ano)
RA-667,2011,14,Masculino,13-15 anos,2021,Veterano,Escola Pública | Pública,1.0,2.0,3.0,Quartzo,Agata,Ametista,5.844,6.774866667,7.177130604266668,6.598665757088889,747.0,,,747.0,8.5,9.0,9.168,8.889333333333333,5.6,6.9,7.038986354666666,6.512995451555555,7.5,6.89,7.51,7.3,4.5,5.2,4.666666666666667,4.788888888888889,3.7,3.0,5.5,4.066666666666666,5.3,7.3,4.5,5.7,,,4.0,4.0,5.0,5.0,10.0,6.666666666666667,Fase 2 (5º e 6º ano),Fase 3 (7° e 8° ano),Fase 3 (7° e 8° ano)
RA-668,2011,14,Masculino,13-15 anos,2022,Veterano,Escola Pública | Pública,1.0,2.0,,Quartzo,Agata,,4.365,6.017933333,,6.017933333,845.0,,,845.0,6.9,6.3,,6.3,3.3,6.3,,6.3,7.5,7.52,,7.52,2.8,3.4,,3.4,2.8,2.7,,2.7,2.8,4.0,,4.0,,,,,5.0,5.0,,5.0,Fase 2 (5º e 6º ano),Fase 3 (7° e 8° ano),
RA-669,2011,14,Masculino,13-15 anos,2022,Veterano,Escola Pública | Pública,1.0,2.0,3.0,Ametista,Ametista,Agata,7.475,7.345033333,6.6438703703,7.154634567766666,326.0,,,326.0,9.0,8.5,7.5,8.333333333333334,9.7,7.8,4.851851851666666,7.450617283888889,7.5,7.52,7.51,7.510000000000001,6.0,5.0,5.333333333333333,5.444444444444444,5.0,3.3,5.0,4.433333333333334,7.0,6.7,6.0,6.566666666666666,,,5.0,5.0,5.0,10.0,10.0,8.333333333333334,Fase 2 (5º e 6º ano),Fase 2 (5° e 6° ano),Fase 3 (7° e 8° ano)
RA-670,2012,13,Feminino,13-15 anos,2022,Veterano,Escola Pública | Pública | Privada - Programa de Apadrinhamento,1.0,2.0,3.0,Ametista,Topázio,Topázio,7.451,8.6067,8.8602539683,8.3059846561,335.0,,,335.0,8.0,9.5,9.585,9.028333333333334,8.8,8.7,9.441269841333334,8.980423280444445,7.5,7.52,7.51,7.510000000000001,6.9,7.0,8.666666666666666,7.522222222222222,6.5,5.8,9.0,7.1000000000000005,7.3,8.2,7.0,7.5,,,10.0,10.0,5.0,10.0,10.0,8.333333333333334,Fase 2 (5º e 6º ano),Fase 2 (5° e 6° ano),Fase 2 (5° e 6° ano)
RA-671,2013,12,Masculino,10-12 anos,2021,Veterano,Escola Pública | Pública,0.0,,,Ametista,Agata,,7.617,6.5143,,6.5143,269.0,,,269.0,8.5,7.9,,7.9,8.2,8.3,,8.3,8.1,3.14,,3.14,8.8,7.8,,7.8,8.8,8.0,,8.0,8.8,7.5,,7.5,,,,,5.0,5.0,,5.0,Fase 1 (4º ano),Fase 2 (5° e 6° ano),
RA-672,2013,12,Feminino,10-12 anos,2021,Veterano,Escola Pública | Pública,0.0,,1.0,Ametista,Agata,Quartzo,7.48,6.5623,4.2118138341,6.084704611366667,323.0,,,323.0,8.5,7.9,7.918,8.106,8.5,9.5,3.9525691700000003,7.3175230566666665,8.1,2.52,6.26,5.626666666666666,8.8,6.4,0.0,5.066666666666667,8.5,6.0,0.0,4.833333333333333,9.1,6.7,0.0,5.266666666666667,,,,,5.0,5.0,5.0,5.0,Fase 1 (4º ano),Fase 2 (5° e 6° ano),Fase 2 (5° e 6° ano)
RA-673,2014,11,Feminino,10-12 anos,2022,Veterano,Escola Pública,0.0,,,Topázio,,,8.65,,,8.65,21.0,,,21.0,8.5,,,8.5,9.2,,,9.2,8.1,,,8.1,9.2,,,9.2,9.4,,,9.4,8.9,,,8.9,,,,,10.0,,,10.0,ALFA  (2º e 3º ano),,
RA-674,2014,11,Masculino,10-12 anos,2022,Veterano,Escola Pública | Pública,0.0,,,Ametista,Agata,,7.862,6.6328,,6.6328,181.0,,,181.0,9.5,7.9,,7.9,8.7,8.5,,8.5,8.1,3.77,,3.77,8.0,5.2,,5.2,8.9,5.3,,5.3,7.0,5.0,,5.0,,,,,10.0,5.0,,5.0,ALFA  (2º e 3º ano),Fase 1 (3° e 4° ano),
RA-675,2014,11,Masculino,10-12 anos,2022,Veterano,Escola Pública | Pública,0.0,,,Ametista,Topázio,,7.576,8.3577,,8.3577,284.0,,,284.0,10.0,10.0,,10.0,6.6,8.0,,8.0,8.1,7.52,,7.52,7.4,8.3,,8.3,8.8,8.5,,8.5,5.9,8.0,,8.0,,,,,10.0,10.0,,10.0,ALFA  (2º e 3º ano),ALFA (1° e 2° ano),
RA-676,2013,12,Menino,10-12 anos,2021,Veterano,Escola Pública,0.0,,,Ametista,,,7.911,,,7.911,165.0,,,165.0,8.5,,,8.5,8.6,,,8.6,8.1,,,8.1,9.3,,,9.3,9.5,,,9.5,9.1,,,9.1,,,,,5.0,,,5.0,Fase 1 (4º ano),,
RA-677,2014,11,Feminino,10-12 anos,2021,Veterano,Escola Pública | Pública,0.0,,,Topázio,Topázio,,8.358,8.5257,,8.5257,52.0,,,52.0,10.0,10.0,,10.0,9.4,8.2,,8.2,7.5,10.0,,10.0,7.3,8.7,,8.7,7.7,9.0,,9.0,6.8,8.3,,8.3,,,,,10.0,5.0,,5.0,ALFA  (2º e 3º ano),Fase 1 (3° e 4° ano),
RA-678,2013,12,Masculino,10-12 anos,2022,Veterano,Escola Pública | Pública,0.0,1.0,,Ametista,Ametista,,8.0,7.570158333,,7.570158333,143.0,,,143.0,9.0,8.0,,8.0,10.0,8.8,,8.8,6.9,6.27,,6.27,7.3,7.3,,7.3,7.5,6.8,,6.8,7.0,7.7,,7.7,,,,,5.0,5.0,,5.0,Fase 1 (4º ano),Fase 2 (5° e 6° ano),
RA-679,2012,13,Masculino,13-15 anos,2020,Veterano,Escola Pública | Pública,0.0,1.0,,Ametista,Agata,,7.172,6.138366667,,6.138366667,441.0,,,441.0,9.0,7.5,,7.5,8.2,7.5,,7.5,7.5,5.02,,5.02,6.3,3.6,,3.6,6.7,2.0,,2.0,5.8,5.2,,5.2,,,,,5.0,5.0,,5.0,Fase 2 (5º e 6º ano),Fase 2 (5° e 6° ano),
RA-680,2012,13,Feminino,13-15 anos,2021,Veterano,Escola Pública | Pública,0.0,1.0,2.0,Ametista,Agata,Quartzo,7.518,6.5855,4.9800714287000005,6.361190476233333,302.0,,,302.0,9.5,0.0,0.0,3.1666666666666665,8.8,9.1,6.6428571430000005,8.180952380999999,7.5,7.52,5.635,6.885000000000001,7.4,6.4,3.0,5.6000000000000005,8.0,5.2,2.5,5.233333333333333,6.8,7.5,3.5,5.933333333333334,,,,,5.0,5.0,5.0,5.0,Fase 2 (5º e 6º ano),Fase 2 (5° e 6° ano),Fase 3 (7° e 8° ano)
RA-681,2012,13,Masculino,13-15 anos,2022,Veterano,Escola Pública | Pública | Privada,0.0,,1.0,Ametista,Agata,Agata,7.204,6.2955,6.0398818182000005,6.513127272733333,427.0,,,427.0,8.5,0.0,9.502,6.0006666666666675,8.5,7.8,7.840909091,8.046969697,6.9,3.77,6.26,5.6433333333333335,6.5,8.3,2.5,5.766666666666667,6.5,8.8,5.0,6.766666666666667,6.5,7.8,0.0,4.766666666666667,,,,,5.0,5.0,5.0,5.0,Fase 2 (5º e 6º ano),Fase 2 (5° e 6° ano),Fase 2 (5° e 6° ano)
RA-682,2011,14,Menino,13-15 anos,2022,Veterano,Escola Pública,0.0,,,Ametista,,,7.625,,,7.625,262.0,,,262.0,9.5,,,9.5,9.1,,,9.1,7.5,,,7.5,7.0,,,7.0,7.0,,,7.0,7.0,,,7.0,,,,,5.0,,,5.0,Fase 2 (5º e 6º ano),,
RA-683,2012,13,Menino,13-15 anos,2022,Veterano,Escola Pública,0.0,,,Ágata,,,6.011,,,6.011,728.0,,,728.0,7.9,,,7.9,5.0,,,5.0,7.5,,,7.5,4.0,,,4.0,8.0,,,8.0,0.0,,,0.0,,,,,5.0,,,5.0,Fase 2 (5º e 6º ano),,
RA-684,2015,10,Masculino,10-12 anos,2022,Veterano,Escola Pública | Privada,0.0,,1.0,Topázio,Ametista,Ametista,8.26,7.4277,7.769381818200001,7.819027272733334,72.0,,,72.0,9.5,9.0,10.002,9.500666666666667,7.5,8.1,9.090909091,8.230303030333333,8.1,7.52,7.51,7.71,9.3,6.5,4.25,6.683333333333334,9.0,8.3,2.5,6.6000000000000005,9.6,4.7,6.0,6.766666666666667,,,,,10.0,10.0,10.0,10.0,ALFA  (2º e 3º ano),ALFA (1° e 2° ano),Fase 1 (3° e 4° ano)
RA-685,2013,12,Menino,10-12 anos,2022,Veterano,Escola Pública,0.0,,,Ágata,,,6.864,,,6.864,533.0,,,533.0,9.0,,,9.0,6.2,,,6.2,5.0,,,5.0,8.0,,,8.0,8.0,,,8.0,8.0,,,8.0,,,,,5.0,,,5.0,Fase 1 (4º ano),,
RA-686,2013,12,Feminino,10-12 anos,2022,Veterano,Escola Pública | Pública,0.0,1.0,2.0,Ametista,Ametista,Topázio,7.729,7.9642,8.040259523700001,7.9111531745666674,227.0,,,227.0,7.5,8.5,8.002,8.000666666666667,8.6,9.0,8.7857142855,8.795238095166667,8.1,7.52,6.885,7.501666666666666,8.8,8.0,7.25,8.016666666666667,9.2,7.3,5.0,7.166666666666667,8.5,8.7,9.5,8.9,,,,,5.0,5.0,10.0,6.666666666666667,Fase 1 (4º ano),Fase 2 (5° e 6° ano),Fase 2 (5° e 6° ano)
RA-687,2013,12,Masculino,10-12 anos,2022,Veterano,Escola Pública | Pública,0.0,1.0,2.0,Ametista,Ametista,Topázio,7.703,7.617533333,8.2739844611,7.8648392647,233.0,,,233.0,8.5,8.0,7.502,8.000666666666666,9.0,9.0,9.2355889725,9.0785296575,8.1,7.52,7.51,7.71,8.3,6.9,7.25,7.483333333333334,9.0,6.7,6.5,7.3999999999999995,7.5,7.0,8.0,7.5,,,,,5.0,5.0,10.0,6.666666666666667,Fase 1 (4º ano),Fase 2 (5° e 6° ano),Fase 2 (5° e 6° ano)
RA-688,2013,12,Masculino,10-12 anos,2022,Veterano,Escola Pública | Pública,0.0,1.0,2.0,Ametista,Topázio,Topázio,7.771,8.0442,8.986533333300002,8.267244444433334,212.0,,,212.0,8.5,8.5,9.502,8.834000000000001,9.7,9.3,10.0,9.666666666666666,7.5,7.52,8.13,7.716666666666666,7.9,8.6,7.5,8.0,8.0,8.2,6.0,7.3999999999999995,7.8,9.0,9.0,8.6,,,,,5.0,5.0,10.0,6.666666666666667,Fase 1 (4º ano),Fase 2 (5° e 6° ano),Fase 2 (5° e 6° ano)
RA-689,2013,12,Feminino,10-12 anos,2022,Veterano,Escola Pública,0.0,,,Ágata,,,6.433,,,6.433,655.0,,,655.0,7.4,,,7.4,7.9,,,7.9,5.6,,,5.6,5.8,,,5.8,6.0,,,6.0,5.5,,,5.5,,,,,5.0,,,5.0,Fase 1 (4º ano),,
RA-690,2013,12,Feminino,10-12 anos,2022,Veterano,Escola Pública | Pública,0.0,,1.0,Ametista,Topázio,Ametista,7.541,8.6112,7.3853681818000005,7.8458560606,294.0,,,294.0,9.5,9.0,7.918,8.806,9.5,9.8,8.409090909,9.236363636333333,7.5,6.89,7.51,7.3,7.0,9.1,6.25,7.45,7.2,9.3,7.5,8.0,6.8,8.8,5.0,6.866666666666667,,,,,5.0,5.0,5.0,5.0,Fase 1 (4º ano),Fase 2 (5° e 6° ano),Fase 2 (5° e 6° ano)
RA-691,2014,11,Feminino,10-12 anos,2022,Veterano,Escola Pública,0.0,,,Topázio,,,8.68,,,8.68,16.0,,,16.0,10.0,,,10.0,9.2,,,9.2,8.1,,,8.1,9.4,,,9.4,9.6,,,9.6,9.3,,,9.3,,,,,10.0,,,10.0,ALFA  (2º e 3º ano),,
RA-692,2013,12,Feminino,10-12 anos,2021,Veterano,Escola Pública | Privada,0.0,1.0,,Ametista,Agata,,7.569,6.588466667,,6.588466667,285.0,,,285.0,9.5,7.4,,7.4,8.9,7.7,,7.7,8.1,7.52,,7.52,6.9,4.6,,4.6,7.0,2.8,,2.8,6.8,6.3,,6.3,,,,,5.0,5.0,,5.0,Fase 1 (4º ano),Fase 2 (5° e 6° ano),
RA-693,2015,10,Feminino,10-12 anos,2022,Veterano,Escola Pública | Pública,0.0,,1.0,Ametista,Topázio,Topázio,7.944,9.0112,8.9079954545,8.6210651515,158.0,,,158.0,9.5,10.0,10.002,9.834000000000001,9.8,9.4,9.5227272725,9.574242424166668,8.1,6.89,9.38,8.123333333333333,5.7,8.5,8.0,7.3999999999999995,5.0,8.2,8.0,7.066666666666666,6.3,8.7,8.0,7.666666666666667,,,,,10.0,10.0,10.0,10.0,ALFA  (2º e 3º ano),ALFA (1° e 2° ano),Fase 1 (3° e 4° ano)
RA-694,2014,11,Menino,10-12 anos,2022,Veterano,Escola Pública,0.0,,,Topázio,,,8.378,,,8.378,49.0,,,49.0,10.0,,,10.0,9.0,,,9.0,8.1,,,8.1,8.1,,,8.1,8.2,,,8.2,8.0,,,8.0,,,,,10.0,,,10.0,ALFA  (2º e 3º ano),,
RA-695,2014,11,Feminino,10-12 anos,2021,Veterano,Escola Pública,0.0,,,Quartzo,,,4.28,,,4.28,849.0,,,849.0,9.0,,,9.0,3.1,,,3.1,7.5,,,7.5,2.5,,,2.5,2.2,,,2.2,2.8,,,2.8,,,,,10.0,,,10.0,ALFA  (2º e 3º ano),,
RA-696,2013,12,Feminino,10-12 anos,2021,Veterano,Escola Pública | Pública,0.0,1.0,2.0,Ametista,Ametista,Ametista,7.441,7.172666667,7.482680952299999,7.365449206433333,338.0,,,338.0,8.5,0.0,7.418,5.306,9.0,9.4,7.845238095,8.748412698333333,7.5,5.02,7.51,6.676666666666667,6.6,6.7,5.25,6.183333333333334,6.5,5.2,5.0,5.566666666666666,6.7,8.2,5.5,6.8,,,,,5.0,10.0,10.0,8.333333333333334,Fase 1 (4º ano),Fase 1 (3° e 4° ano),Fase 2 (5° e 6° ano)
RA-697,2011,14,Menino,13-15 anos,2021,Veterano,Escola Pública,0.0,,,Ametista,,,7.675,,,7.675,246.0,,,246.0,7.0,,,7.0,9.3,,,9.3,7.5,,,7.5,8.4,,,8.4,8.8,,,8.8,8.0,,,8.0,,,,,5.0,,,5.0,Fase 2 (5º e 6º ano),,
RA-698,2013,12,Masculino,10-12 anos,2021,Veterano,Escola Pública | Pública,0.0,1.0,2.0,Ametista,Ametista,Ametista,7.44,7.553616667,7.3363190476,7.443311904866667,339.0,,,339.0,9.0,8.5,9.002,8.834000000000001,9.8,9.9,8.3214285715,9.3404761905,2.5,2.52,6.88,3.9666666666666663,8.1,5.7,4.5,6.1000000000000005,8.0,4.3,3.0,5.1000000000000005,8.2,7.0,6.0,7.066666666666666,,,,,5.0,10.0,10.0,8.333333333333334,Fase 1 (4º ano),Fase 1 (3° e 4° ano),Fase 2 (5° e 6° ano)
RA-699,2013,12,Masculino,10-12 anos,2022,Veterano,Escola Pública | Pública,0.0,1.0,1.0,Ágata,Agata,Agata,6.658,6.389991667,6.427771212000001,6.491920959666667,603.0,,,603.0,5.2,8.5,6.334,6.678,9.2,8.3,7.727272727000001,8.409090909,7.5,3.77,6.26,5.843333333333334,7.1,6.0,6.5,6.533333333333334,7.5,5.7,7.0,6.733333333333333,6.7,6.2,6.0,6.3,,,,,5.0,5.0,5.0,5.0,Fase 1 (4º ano),Fase 2 (5° e 6° ano),Fase 2 (5° e 6° ano)
RA-700,2013,12,Feminino,10-12 anos,2022,Veterano,Escola Pública | Pública,0.0,,1.0,Ametista,Topázio,Ametista,7.738,8.2852,7.005745454500001,7.6763151515,224.0,,,224.0,9.0,9.5,8.502,9.000666666666667,8.7,9.7,9.564393939,9.321464646333332,7.5,7.52,5.635,6.885000000000001,9.2,7.8,5.25,7.416666666666667,9.2,7.5,5.0,7.233333333333333,9.2,8.0,5.5,7.566666666666666,,,,,5.0,5.0,5.0,5.0,Fase 1 (4º ano),Fase 1 (3° e 4° ano),Fase 2 (5° e 6° ano)
RA-701,2012,13,Masculino,13-15 anos,2021,Veterano,Escola Pública | Pública,0.0,,,Ametista,Ametista,,7.755,7.3982,,7.3982,215.0,,,215.0,9.0,9.5,,9.5,9.3,9.9,,9.9,7.5,3.77,,3.77,8.7,7.2,,7.2,8.7,7.3,,7.3,8.7,7.0,,7.0,,,,,5.0,5.0,,5.0,Fase 2 (5º e 6º ano),Fase 2 (5° e 6° ano),
RA-702,2014,11,Feminino,10-12 anos,2022,Veterano,Escola Pública | Pública,0.0,,,Ametista,Topázio,Ametista,7.387,8.239866667,7.665116666600001,7.763994444533334,366.0,,,366.0,10.0,10.0,9.002,9.667333333333334,8.6,10.0,9.75,9.450000000000001,5.0,5.63,2.51,4.38,6.8,9.3,9.25,8.450000000000001,7.0,9.3,10.0,8.766666666666667,6.7,9.3,8.5,8.166666666666666,,,,,10.0,5.0,5.0,6.666666666666667,ALFA  (2º e 3º ano),Fase 1 (3° e 4° ano),Fase 2 (5° e 6° ano)
RA-703,2012,13,Masculino,13-15 anos,2021,Veterano,Escola Pública | Pública,0.0,,,Ágata,Agata,,6.099,6.2737,,6.2737,710.0,,,710.0,7.5,9.5,,9.5,7.4,8.4,,8.4,5.0,3.14,,3.14,5.1,4.6,,4.6,5.3,4.8,,4.8,4.8,4.3,,4.3,,,,,5.0,5.0,,5.0,Fase 2 (5º e 6º ano),Fase 2 (5° e 6° ano),
RA-704,2012,13,Masculino,13-15 anos,2022,Veterano,Escola Pública | Pública,0.0,,1.0,Ágata,Agata,Agata,6.741,6.8297,6.8121156785000005,6.794271892833333,572.0,,,572.0,9.0,10.0,7.502,8.834,8.6,9.9,8.646245059,9.048748353,5.0,3.14,5.635,4.591666666666667,7.2,6.1,6.5,6.6000000000000005,7.7,6.5,6.0,6.733333333333333,6.6,5.7,7.0,6.433333333333334,,,,,5.0,5.0,5.0,5.0,Fase 2 (5º e 6º ano),Fase 2 (5° e 6° ano),Fase 2 (5° e 6° ano)
RA-705,2012,13,Masculino,13-15 anos,2022,Veterano,Escola Pública | Pública,0.0,,1.0,Ágata,Agata,Quartzo,6.634,6.982,5.294247619100001,6.303415873033334,614.0,,,614.0,9.5,0.0,9.002,6.1673333333333344,6.2,8.3,6.4285714285,6.976190476166667,7.5,6.89,5.005,6.465,7.1,8.8,3.5,6.466666666666666,7.0,8.9,2.0,5.966666666666666,7.2,8.6,5.0,6.933333333333334,,,,,5.0,5.0,5.0,5.0,Fase 2 (5º e 6º ano),Fase 2 (5° e 6° ano),Fase 2 (5° e 6° ano)
RA-706,2012,13,Feminino,13-15 anos,2021,Veterano,Escola Pública | Pública,0.0,,2.0,Ametista,Ametista,Quartzo,7.659,7.1527,5.8701964286,6.893965476199999,252.0,,,252.0,9.5,9.0,0.0,6.166666666666667,6.7,7.8,7.1428571430000005,7.214285714333333,7.5,4.39,6.26,6.05,9.1,7.3,3.25,6.55,9.1,6.7,3.0,6.266666666666667,9.1,7.8,3.5,6.8,,,,,5.0,5.0,10.0,6.666666666666667,Fase 2 (5º e 6º ano),Fase 2 (5° e 6° ano),Fase 2 (5° e 6° ano)
RA-707,2012,13,Feminino,13-15 anos,2021,Veterano,Escola Pública | Pública,0.0,1.0,2.0,Ametista,Agata,Agata,7.679,6.518,6.4975618421000005,6.8981872807,241.0,,,241.0,10.0,0.0,7.917,5.972333333333334,8.1,9.8,7.7236842105,8.541228070166666,6.9,3.77,4.375,5.015,8.5,6.5,6.5,7.166666666666667,8.8,5.5,7.0,7.1000000000000005,8.2,7.5,6.0,7.233333333333333,,,,,5.0,5.0,5.0,5.0,Fase 2 (5º e 6º ano),Fase 2 (5° e 6° ano),Fase 3 (7° e 8° ano)
RA-708,2013,12,Masculino,10-12 anos,2022,Veterano,Escola Pública | Pública,0.0,,,Ametista,Ametista,,7.282,7.5105,,7.5105,400.0,,,400.0,8.0,0.0,,0.0,8.4,9.8,,9.8,7.5,7.52,,7.52,7.3,9.2,,9.2,7.1,8.8,,8.8,7.6,9.5,,9.5,,,,,5.0,5.0,,5.0,Fase 1 (4º ano),Fase 1 (3° e 4° ano),
RA-709,2012,13,Feminino,13-15 anos,2022,Veterano,Escola Pública | Pública,0.0,,1.0,Quartzo,Agata,Agata,5.313,6.6927,6.833780895800001,6.279826965266667,801.0,,,801.0,9.5,10.0,7.418,8.972666666666667,3.5,7.9,7.994071146,6.464690382000001,7.5,7.52,7.51,7.510000000000001,2.3,4.9,6.0,4.3999999999999995,2.3,5.5,6.0,4.6000000000000005,2.3,4.3,6.0,4.2,,,,,5.0,5.0,5.0,5.0,Fase 2 (5º e 6º ano),Fase 2 (5° e 6° ano),Fase 2 (5° e 6° ano)
RA-710,2012,13,Masculino,13-15 anos,2021,Veterano,Escola Pública | Pública,0.0,1.0,2.0,Ametista,Ametista,Ametista,7.285,7.0582,7.0366241342,7.1266080447333335,398.0,,,398.0,9.5,9.5,9.168,9.389333333333333,8.9,9.0,8.170995671,8.690331890333333,5.0,3.77,5.625,4.798333333333333,6.9,6.5,6.75,6.716666666666666,7.0,5.7,8.0,6.8999999999999995,6.8,7.3,5.5,6.533333333333334,,,,,5.0,5.0,5.0,5.0,Fase 2 (5º e 6º ano),Fase 2 (5° e 6° ano),Fase 3 (7° e 8° ano)
RA-711,2013,12,Menino,10-12 anos,2022,Veterano,Escola Pública,0.0,,,Ágata,,,6.04,,,6.04,721.0,,,721.0,9.0,,,9.0,7.9,,,7.9,6.3,,,6.3,3.5,,,3.5,4.0,,,4.0,3.0,,,3.0,,,,,5.0,,,5.0,Fase 1 (4º ano),,
RA-712,2011,14,Masculino,13-15 anos,2021,Veterano,Escola Pública | Pública,0.0,1.0,2.0,Ágata,Agata,Agata,6.026,6.331533333,6.2236373706000006,6.193723567866667,725.0,,,725.0,8.0,9.5,7.502,8.334,5.1,5.6,5.983436853,5.561145617666667,5.0,3.14,5.625,4.588333333333334,8.0,6.7,6.75,7.1499999999999995,8.7,5.5,7.0,7.066666666666666,7.3,7.8,6.5,7.2,,,,,5.0,5.0,5.0,5.0,Fase 2 (5º e 6º ano),Fase 3 (7° e 8° ano),Fase 3 (7° e 8° ano)
RA-713,2013,12,Masculino,10-12 anos,2021,Veterano,Escola Pública | Pública,0.0,1.0,2.0,Ametista,Ametista,Ametista,7.42,7.408033333,7.467500983400001,7.431844772133334,348.0,,,348.0,10.0,8.0,8.002,8.667333333333334,8.7,9.6,7.525879916999999,8.608626638999999,7.5,3.77,7.51,6.260000000000001,7.8,7.5,6.75,7.3500000000000005,8.0,6.7,6.0,6.8999999999999995,7.7,8.2,7.5,7.8,,,,,5.0,5.0,10.0,6.666666666666667,Fase 1 (4º ano),Fase 2 (5° e 6° ano),Fase 2 (5° e 6° ano)
RA-714,2011,14,Masculino,13-15 anos,2021,Veterano,Escola Pública | Pública,0.0,1.0,2.0,Ágata,Agata,Quartzo,6.953,6.078666667,5.4653662008,6.1656776226000005,503.0,,,503.0,9.0,0.0,0.0,3.0,6.9,8.0,6.873706004,7.257902001333334,5.6,3.14,6.255,4.998333333333334,8.0,7.4,4.0,6.466666666666666,8.5,6.7,8.0,7.733333333333333,7.5,8.0,0.0,5.166666666666667,,,,,5.0,5.0,5.0,5.0,Fase 2 (5º e 6º ano),Fase 3 (7° e 8° ano),Fase 3 (7° e 8° ano)
RA-715,2013,12,Feminino,10-12 anos,2022,Veterano,Escola Pública | Pública,0.0,,2.0,Ágata,Quartzo,Quartzo,6.656,5.8915,5.3098253133,5.952441771099999,604.0,,,604.0,8.5,0.0,9.002,5.8340000000000005,8.7,9.5,5.250626566499999,7.816875522166666,4.4,3.14,3.755,3.7650000000000006,4.9,5.4,2.75,4.3500000000000005,4.8,4.5,2.0,3.766666666666667,5.0,6.3,3.5,4.933333333333334,,,,,5.0,5.0,10.0,6.666666666666667,Fase 1 (4º ano),Fase 2 (5° e 6° ano),Fase 2 (5° e 6° ano)
RA-716,2013,12,Masculino,10-12 anos,2022,Veterano,Escola Pública | Pública,0.0,1.0,1.0,Ágata,Agata,Agata,6.525,6.813366667,6.2372943675000005,6.5252203448333335,641.0,,,641.0,8.9,9.0,9.002,8.967333333333334,8.1,8.7,5.5335968375,7.4445322791666655,7.5,3.77,7.51,6.260000000000001,6.7,5.6,5.75,6.016666666666667,7.3,5.0,5.5,5.933333333333334,6.0,6.2,6.0,6.066666666666666,,,,,5.0,5.0,5.0,5.0,Fase 1 (4º ano),Fase 2 (5° e 6° ano),Fase 2 (5° e 6° ano)
RA-717,2012,13,Feminino,13-15 anos,2021,Veterano,Escola Pública | Pública,0.0,1.0,,Ágata,Agata,,6.832,6.633833333,,6.633833333,545.0,,,545.0,9.0,0.0,,0.0,7.3,8.5,,8.5,7.5,7.52,,7.52,5.4,5.9,,5.9,5.0,5.5,,5.5,5.8,6.3,,6.3,,,,,5.0,5.0,,5.0,Fase 2 (5º e 6º ano),Fase 2 (5° e 6° ano),
RA-718,2014,11,Feminino,10-12 anos,2022,Veterano,Escola Pública | Pública,0.0,1.0,2.0,Topázio,Topázio,Topázio,8.093,8.166866667,8.705811111100001,8.321892592700001,118.0,,,118.0,8.0,9.5,10.002,9.167333333333334,8.9,9.1,9.5138888885,9.171296296166666,6.3,3.77,5.635,5.235,9.2,7.8,9.5,8.833333333333334,9.2,6.3,9.0,8.166666666666666,9.2,9.2,10.0,9.466666666666667,,,,,10.0,10.0,10.0,10.0,ALFA  (2º e 3º ano),Fase 1 (3° e 4° ano),Fase 1 (3° e 4° ano)
RA-719,2012,13,Masculino,13-15 anos,2021,Veterano,Escola Pública | Pública,0.0,,1.0,Quartzo,Agata,Ametista,5.552,6.4137,7.1193969697,6.3616989899,783.0,,,783.0,9.0,9.5,10.002,9.500666666666667,4.6,5.3,7.3484848485,5.7494949495,7.5,7.52,7.51,7.510000000000001,4.2,5.9,6.5,5.533333333333334,5.0,7.0,5.0,5.666666666666667,3.3,4.7,8.0,5.333333333333333,,,,,5.0,5.0,5.0,5.0,Fase 2 (5º e 6º ano),Fase 2 (5° e 6° ano),Fase 2 (5° e 6° ano)
RA-720,2013,12,Feminino,10-12 anos,2021,Veterano,Escola Pública,0.0,,,Ágata,,,6.731,,,6.731,575.0,,,575.0,8.0,,,8.0,5.9,,,5.9,7.5,,,7.5,7.6,,,7.6,7.3,,,7.3,7.8,,,7.8,,,,,5.0,,,5.0,Fase 1 (4º ano),,
RA-721,2014,11,Feminino,10-12 anos,2021,Veterano,Escola Pública | Pública,0.0,1.0,2.0,Ametista,Topázio,Topázio,7.973,8.683366667,8.8986026915,8.518323119500002,149.0,,,149.0,9.5,8.5,9.002,9.000666666666667,8.1,9.5,9.544513457499999,9.0481711525,7.5,7.52,8.135,7.718333333333334,7.6,8.4,8.25,8.083333333333334,8.2,7.5,9.0,8.233333333333333,7.0,9.3,7.5,7.933333333333334,,,,,10.0,10.0,10.0,10.0,ALFA  (2º e 3º ano),Fase 1 (3° e 4° ano),Fase 2 (5° e 6° ano)
RA-722,2013,12,Feminino,10-12 anos,2021,Veterano,Escola Pública | Pública,0.0,1.0,,Ametista,Ametista,,7.41,7.3387,,7.3387,355.0,,,355.0,10.0,8.5,,8.5,8.1,9.6,,9.6,4.4,2.52,,2.52,8.1,6.4,,6.4,7.8,4.5,,4.5,8.3,8.2,,8.2,,,,,5.0,5.0,,5.0,Fase 1 (4º ano),Fase 2 (5° e 6° ano),
RA-723,2014,11,Feminino,10-12 anos,2022,Veterano,Escola Pública,0.0,,,Ametista,,,7.426,,,7.426,345.0,,,345.0,10.0,,,10.0,6.6,,,6.6,8.1,,,8.1,5.5,,,5.5,5.3,,,5.3,5.7,,,5.7,,,,,10.0,,,10.0,ALFA  (2º e 3º ano),,
RA-724,2014,11,Feminino,10-12 anos,2022,Veterano,Escola Pública,0.0,,,Ágata,,,6.931,,,6.931,512.0,,,512.0,9.5,,,9.5,5.9,,,5.9,5.6,,,5.6,5.6,,,5.6,2.9,,,2.9,8.3,,,8.3,,,,,10.0,,,10.0,ALFA  (2º e 3º ano),,
RA-725,2014,11,Masculino,10-12 anos,2022,Veterano,Escola Pública | Pública,0.0,,,Ágata,Topázio,Ametista,6.33,8.117366667,7.0900771929,7.1791479533,675.0,,,675.0,8.0,9.5,7.502,8.334,5.9,9.0,7.6710526315,7.523684210500001,8.1,7.52,7.51,7.71,5.0,8.4,7.25,6.883333333333333,4.0,8.1,7.0,6.366666666666667,6.0,8.7,7.5,7.3999999999999995,,,,,10.0,5.0,5.0,6.666666666666667,ALFA  (2º e 3º ano),Fase 1 (3° e 4° ano),Fase 1 (3° e 4° ano)
RA-726,2015,10,Feminino,10-12 anos,2022,Veterano,Escola Pública | Pública,0.0,,,Ágata,Ametista,,6.985,7.3687,,7.3687,492.0,,,492.0,10.0,10.0,,10.0,7.5,6.1,,6.1,7.5,7.52,,7.52,4.4,6.0,,6.0,5.8,6.2,,6.2,3.0,5.8,,5.8,,,,,10.0,10.0,,10.0,ALFA  (2º e 3º ano),ALFA (1° e 2° ano),
RA-727,2014,11,Masculino,10-12 anos,2022,Veterano,Escola Pública | Pública,0.0,,1.0,Ametista,Ametista,Topázio,7.736,7.6802,8.447003030300001,7.9544010101,225.0,,,225.0,9.0,9.5,10.002,9.500666666666667,7.7,8.8,8.4848484845,8.328282828166666,8.1,2.52,6.26,5.626666666666666,8.4,8.0,8.5,8.299999999999999,9.3,8.3,10.0,9.200000000000001,7.4,7.7,7.0,7.366666666666667,,,,,10.0,5.0,10.0,8.333333333333334,ALFA  (2º e 3º ano),Fase 1 (3° e 4° ano),Fase 1 (3° e 4° ano)
RA-728,2014,11,Feminino,10-12 anos,2022,Veterano,Escola Pública,0.0,,,Topázio,,,8.244,,,8.244,74.0,,,74.0,9.5,,,9.5,7.3,,,7.3,8.1,,,8.1,9.1,,,9.1,9.3,,,9.3,8.9,,,8.9,,,,,10.0,,,10.0,ALFA  (2º e 3º ano),,
RA-729,2014,11,Feminino,10-12 anos,2022,Veterano,Escola Pública | Pública,0.0,,,Topázio,Ametista,Agata,8.155,7.26545,6.684533333300001,7.368327777766666,96.0,,,96.0,10.0,8.0,8.002,8.667333333333334,8.7,9.1,8.4166666665,8.738888888833332,8.1,3.77,2.51,4.793333333333333,8.1,8.6,6.0,7.566666666666666,8.5,8.2,6.0,7.566666666666666,7.8,8.9,6.0,7.566666666666666,,,,,10.0,5.0,5.0,6.666666666666667,ALFA  (2º e 3º ano),Fase 1 (3° e 4° ano),Fase 1 (3° e 4° ano)
RA-730,2012,13,Feminino,13-15 anos,2021,Veterano,Escola Pública | Privada | Pública,0.0,1.0,2.0,Ametista,Ametista,Topázio,7.902,7.979325,8.469255555700002,8.116860185233334,169.0,,,169.0,10.0,10.0,8.002,9.334000000000001,8.2,8.7,7.152777778,8.017592592666666,8.8,5.02,6.885,6.901666666666666,8.3,7.8,9.5,8.533333333333333,8.7,7.8,10.0,8.833333333333334,8.0,7.7,9.0,8.233333333333333,,,,,5.0,5.0,10.0,6.666666666666667,Fase 2 (5º e 6º ano),Fase 2 (5° e 6° ano),Fase 2 (5° e 6° ano)
RA-731,2012,13,Feminino,13-15 anos,2021,Veterano,Escola Pública | Pública,0.0,1.0,2.0,Ametista,Agata,Quartzo,7.151,6.7742,4.7704873377000006,6.231895779233334,443.0,,,443.0,9.0,8.5,9.502,9.000666666666667,8.5,7.6,4.188311688500001,6.762770562833334,6.9,3.14,4.375,4.805000000000001,7.3,6.8,2.5,5.533333333333334,7.3,6.2,0.0,4.5,7.2,7.3,5.0,6.5,,,,,5.0,5.0,5.0,5.0,Fase 2 (5º e 6º ano),Fase 2 (5° e 6° ano),Fase 3 (7° e 8° ano)
RA-732,2013,12,Menino,10-12 anos,2022,Veterano,Escola Pública,0.0,,,Ametista,,,7.347,,,7.347,377.0,,,377.0,9.0,,,9.0,7.9,,,7.9,8.8,,,8.8,7.2,,,7.2,7.5,,,7.5,6.8,,,6.8,,,,,5.0,,,5.0,Fase 1 (4º ano),,
RA-733,2013,12,Feminino,10-12 anos,2022,Veterano,Escola Pública | Pública,0.0,1.0,1.0,Ágata,Topázio,Topázio,6.684,8.3342,8.808825,7.942341666666667,594.0,,,594.0,9.5,10.0,10.002,9.834000000000001,8.5,8.7,10.0,9.066666666666666,5.6,7.52,7.51,6.876666666666666,5.1,6.2,9.25,6.8500000000000005,6.0,4.3,9.0,6.433333333333334,4.2,8.0,9.5,7.233333333333333,,,,,5.0,10.0,5.0,6.666666666666667,Fase 1 (4º ano),Fase 1 (3° e 4° ano),Fase 2 (5° e 6° ano)
RA-734,2012,13,Feminino,13-15 anos,2022,Veterano,Escola Pública | Pública,0.0,1.0,,Ágata,Ametista,,6.952,7.305908333,,7.305908333,505.0,,,505.0,9.5,8.5,,8.5,7.2,8.0,,8.0,5.6,7.52,,7.52,7.3,6.9,,6.9,8.0,6.8,,6.8,6.5,7.0,,7.0,,,,,5.0,5.0,,5.0,Fase 2 (5º e 6º ano),Fase 2 (5° e 6° ano),
RA-735,2012,13,Feminino,13-15 anos,2021,Veterano,Escola Pública | Pública,0.0,1.0,2.0,Ametista,Ametista,Ametista,7.485,7.184,7.7888467391,7.485948913033333,316.0,,,316.0,9.0,0.0,8.002,5.6673333333333344,9.0,9.0,9.782608695499999,9.260869565166667,5.6,7.52,6.255,6.458333333333333,7.3,8.1,8.0,7.8,7.8,7.7,8.0,7.833333333333333,6.7,8.5,8.0,7.733333333333333,,,,,5.0,5.0,5.0,5.0,Fase 2 (5º e 6º ano),Fase 2 (5° e 6° ano),Fase 3 (7° e 8° ano)
RA-736,2012,13,Masculino,13-15 anos,2022,Veterano,Escola Pública | Pública,0.0,1.0,,Ágata,Ametista,,6.707,7.600033333,,7.600033333,589.0,,,589.0,9.0,8.5,,8.5,8.5,9.5,,9.5,5.6,6.27,,6.27,5.4,6.7,,6.7,4.7,4.8,,4.8,6.2,8.5,,8.5,,,,,5.0,5.0,,5.0,Fase 2 (5º e 6º ano),Fase 2 (5° e 6° ano),
RA-737,2013,12,Feminino,10-12 anos,2022,Veterano,Escola Pública | Pública,0.0,1.0,2.0,Ametista,Topázio,Topázio,8.058,8.048033333,8.4695488613,8.191860731433332,131.0,,,131.0,9.5,9.5,8.502,9.167333333333334,9.2,7.8,8.6542443065,8.551414768833334,5.6,7.52,6.885,6.668333333333333,9.0,7.5,9.25,8.583333333333334,8.5,7.0,9.0,8.166666666666666,9.5,8.0,9.5,9.0,,,,,5.0,10.0,10.0,8.333333333333334,Fase 1 (4º ano),Fase 1 (3° e 4° ano),Fase 2 (5° e 6° ano)
RA-738,2014,11,Feminino,10-12 anos,2022,Veterano,Escola Pública | Pública,0.0,1.0,1.0,Ametista,Topázio,Ametista,7.227,8.123283333,7.2626980238000005,7.537660452266667,417.0,,,417.0,8.5,8.0,10.002,8.834000000000001,8.1,9.3,7.292490119,8.230830039666666,5.6,7.52,6.885,6.668333333333333,5.7,6.0,7.25,6.316666666666666,7.7,4.2,7.5,6.466666666666666,3.7,7.8,7.0,6.166666666666667,,,,,10.0,10.0,5.0,8.333333333333334,ALFA  (2º e 3º ano),Fase 1 (3° e 4° ano),Fase 2 (5° e 6° ano)
RA-739,2014,11,Masculino,10-12 anos,2022,Veterano,Escola Pública | Pública,0.0,,,Ágata,Ametista,,6.82,7.5972,,7.5972,549.0,,,549.0,6.4,9.0,,9.0,7.3,8.3,,8.3,5.6,7.52,,7.52,5.9,7.6,,7.6,6.0,7.3,,7.3,5.8,7.8,,7.8,,,,,10.0,5.0,,5.0,ALFA  (2º e 3º ano),Fase 1 (3° e 4° ano),
RA-740,2013,12,Feminino,10-12 anos,2022,Veterano,Escola Pública | Privada,0.0,,1.0,Ametista,Ametista,Topázio,7.218,7.2845,8.1611005269,7.554533508966667,420.0,,,420.0,8.5,0.0,9.002,5.8340000000000005,9.0,8.7,9.555335968,9.085111989333333,5.6,7.52,7.51,6.876666666666666,7.2,9.1,8.0,8.1,7.3,9.0,8.0,8.1,7.0,9.2,8.0,8.066666666666666,,,,,5.0,5.0,5.0,5.0,Fase 1 (4º ano),Fase 2 (5° e 6° ano),Fase 2 (5° e 6° ano)
RA-741,2012,13,Feminino,13-15 anos,2022,Veterano,Escola Pública | Pública,0.0,,1.0,Ágata,Agata,Quartzo,6.896,6.2707,5.0795885374,6.082096179133333,526.0,,,526.0,9.5,9.5,8.418,9.139333333333333,8.4,6.9,5.2964426875,6.8654808958333335,5.6,4.39,5.005,4.998333333333332,6.3,5.1,3.75,5.05,7.3,4.2,3.5,5.0,5.2,6.0,4.0,5.066666666666666,,,,,5.0,5.0,5.0,5.0,Fase 2 (5º e 6º ano),Fase 2 (5° e 6° ano),Fase 2 (5° e 6° ano)
RA-742,2013,12,Feminino,10-12 anos,2022,Veterano,Escola Pública | Pública,0.0,,,Ametista,Ametista,,7.097,7.024,,7.024,456.0,,,456.0,8.5,0.0,,0.0,8.7,7.6,,7.6,5.0,7.52,,7.52,7.3,7.5,,7.5,8.3,6.2,,6.2,6.2,8.8,,8.8,,,,,5.0,5.0,,5.0,Fase 1 (4º ano),Fase 2 (5° e 6° ano),
RA-743,2013,12,Feminino,10-12 anos,2022,Veterano,Escola Pública | Pública,0.0,,1.0,Ágata,Agata,Ametista,6.672,6.659,7.655745454500001,6.9955818181666665,597.0,,,597.0,10.0,0.0,9.002,6.3340000000000005,7.9,9.1,9.2727272725,8.7575757575,5.6,3.77,7.51,5.626666666666666,4.8,7.1,7.0,6.3,4.8,7.3,6.5,6.2,4.8,6.8,7.5,6.366666666666667,,,,,5.0,5.0,5.0,5.0,Fase 1 (4º ano),Fase 2 (5° e 6° ano),Fase 2 (5° e 6° ano)
RA-744,2014,11,Feminino,10-12 anos,2022,Veterano,Escola Pública,0.0,,,Ametista,,,7.742,,,7.742,220.0,,,220.0,9.5,,,9.5,9.7,,,9.7,5.6,,,5.6,6.2,,,6.2,6.0,,,6.0,6.3,,,6.3,,,,,10.0,,,10.0,ALFA  (2º e 3º ano),,
RA-745,2013,12,Masculino,10-12 anos,2021,Veterano,Rede Decisão | Privada - Programa de Apadrinhamento,0.0,1.0,2.0,Ametista,Ametista,Topázio,7.382,7.668366667,8.6102,7.886855555666666,367.0,,,367.0,9.0,9.5,9.002,9.167333333333334,8.5,9.3,10.0,9.266666666666667,5.6,3.77,6.26,5.21,8.1,7.0,8.5,7.866666666666667,8.5,5.7,8.0,7.3999999999999995,7.7,8.2,9.0,8.299999999999999,,,,,5.0,5.0,10.0,6.666666666666667,Fase 1 (4º ano),Fase 2 (5° e 6° ano),Fase 2 (5° e 6° ano)
RA-746,2014,11,Masculino,10-12 anos,2022,Veterano,Escola Pública | Pública,0.0,1.0,2.0,Ametista,Agata,Ametista,7.656,6.517166667,7.903311111100001,7.358825926033333,253.0,,,253.0,8.0,0.0,8.502,5.5006666666666675,9.1,8.0,7.4305555555,8.176851851833334,5.6,3.77,7.51,5.626666666666666,7.2,7.2,8.0,7.466666666666666,7.7,6.0,8.0,7.233333333333333,6.7,8.3,8.0,7.666666666666667,,,,,10.0,10.0,10.0,10.0,ALFA  (2º e 3º ano),Fase 1 (3° e 4° ano),Fase 2 (5° e 6° ano)
RA-747,2011,14,Feminino,13-15 anos,2022,Veterano,Escola Pública | Pública,0.0,1.0,1.0,Ametista,Agata,Quartzo,7.676,6.026366667,5.8450809523,6.5158158731,245.0,,,245.0,10.0,10.0,10.002,10.000666666666667,7.6,8.0,8.095238095,7.898412698333334,7.5,3.14,5.005,5.215,8.8,3.1,2.25,4.716666666666667,8.2,1.2,4.5,4.633333333333333,9.4,5.0,0.0,4.8,,,,,5.0,5.0,5.0,5.0,Fase 2 (5º e 6º ano),Fase 2 (5° e 6° ano),Fase 3 (7° e 8° ano)
RA-748,2013,12,Masculino,10-12 anos,2021,Veterano,Escola Pública | Pública,0.0,,1.0,Topázio,Topázio,Topázio,8.084,8.7142,8.2272,8.341800000000001,122.0,,,122.0,10.0,9.5,9.502,9.667333333333334,9.0,9.7,10.0,9.566666666666666,7.5,7.52,7.51,7.510000000000001,9.1,9.1,7.75,8.65,9.6,9.0,7.5,8.700000000000001,8.6,9.2,8.0,8.6,,,,,5.0,5.0,5.0,5.0,Fase 1 (4º ano),Fase 2 (5° e 6° ano),Fase 2 (5° e 6° ano)
RA-749,2013,12,Masculino,10-12 anos,2022,Veterano,Escola Pública | Pública,0.0,,,Ametista,Ametista,Topázio,7.484,7.7597,8.3373184211,7.860339473700001,318.0,,,318.0,9.5,10.0,9.502,9.667333333333334,7.7,9.0,9.7368421055,8.812280701833332,7.5,7.52,8.13,7.716666666666666,8.8,7.3,8.75,8.283333333333333,9.5,7.3,10.0,8.933333333333334,8.1,7.3,7.5,7.633333333333333,,,,,5.0,5.0,5.0,5.0,Fase 1 (4º ano),Fase 1 (3° e 4° ano),Fase 2 (5° e 6° ano)
RA-750,2012,13,Masculino,13-15 anos,2021,Veterano,Escola Pública | Pública,0.0,,1.0,Ágata,Quartzo,Quartzo,6.344,5.6857,4.542230369,5.5239767896666665,670.0,,,670.0,9.5,9.5,6.249,8.416333333333332,8.9,7.7,5.938735178,7.512911726000001,4.4,3.14,4.38,3.973333333333334,6.8,3.4,3.75,4.6499999999999995,7.1,3.3,0.5,3.633333333333333,6.4,3.5,7.0,5.633333333333333,,,,,5.0,5.0,5.0,5.0,Fase 2 (5º e 6º ano),Fase 2 (5° e 6° ano),Fase 3 (7° e 8° ano)
RA-751,2011,14,Menino,13-15 anos,2022,Veterano,Escola Pública,0.0,,,Quartzo,,,5.246,,,5.246,808.0,,,808.0,8.5,,,8.5,5.8,,,5.8,7.5,,,7.5,3.8,,,3.8,2.7,,,2.7,4.9,,,4.9,,,,,5.0,,,5.0,Fase 2 (5º e 6º ano),,
RA-752,2011,14,Feminino,13-15 anos,2022,Veterano,Escola Pública | Pública,0.0,1.0,2.0,Topázio,Topázio,Agata,8.197,8.073825,6.57279265,7.6145392166666666,86.0,,,86.0,10.0,9.5,9.502,9.667333333333334,9.0,9.9,7.525879916999999,8.808626638999998,7.5,7.52,7.51,7.510000000000001,9.5,6.4,5.75,7.216666666666666,9.6,4.8,7.0,7.133333333333333,9.4,8.0,4.5,7.3,,,,,5.0,5.0,5.0,5.0,Fase 2 (5º e 6º ano),Fase 2 (5° e 6° ano),Fase 3 (7° e 8° ano)
RA-753,2014,11,Feminino,10-12 anos,2022,Veterano,Escola Pública | Pública,0.0,,1.0,Topázio,Topázio,Topázio,8.481,8.6672,8.2450571429,8.464419047633333,37.0,,,37.0,9.5,9.0,10.002,9.500666666666667,8.6,9.9,9.047619048,9.182539682666667,7.5,7.52,7.51,7.510000000000001,9.1,9.0,8.5,8.866666666666667,9.4,9.0,9.0,9.133333333333333,8.8,9.0,8.0,8.6,,,,,10.0,5.0,5.0,6.666666666666667,ALFA  (2º e 3º ano),Fase 1 (3° e 4° ano),Fase 2 (5° e 6° ano)
RA-754,2013,12,Masculino,10-12 anos,2022,Veterano,Escola Pública | Pública,0.0,,,Ágata,Agata,Quartzo,6.602,6.0537,5.6127,6.089466666666667,626.0,,,626.0,10.0,9.5,8.502,9.334000000000001,5.8,6.1,6.25,6.05,4.4,2.52,5.625,4.181666666666667,7.9,5.6,6.25,6.583333333333333,7.8,5.7,6.0,6.5,8.1,5.4,6.5,6.666666666666667,,,,,5.0,5.0,5.0,5.0,Fase 1 (4º ano),Fase 2 (5° e 6° ano),Fase 2 (5° e 6° ano)
RA-755,2014,11,Masculino,10-12 anos,2022,Veterano,Escola Pública | Pública,0.0,,1.0,Topázio,Topázio,Topázio,8.566,8.7442,8.925450000000001,8.745216666666668,29.0,,,29.0,9.5,10.0,10.002,9.834000000000001,9.2,9.5,10.0,9.566666666666666,6.9,7.52,7.51,7.31,9.5,9.2,9.75,9.483333333333333,9.8,9.2,10.0,9.666666666666666,9.3,9.2,9.5,9.333333333333334,,,,,10.0,5.0,5.0,6.666666666666667,ALFA  (2º e 3º ano),Fase 1 (3° e 4° ano),Fase 2 (5° e 6° ano)
RA-756,2013,12,Masculino,10-12 anos,2022,Veterano,Escola Pública | Pública,0.0,,,Ágata,Ametista,Ametista,6.976,7.0927,7.361700000000001,7.143466666666666,495.0,,,495.0,10.0,10.0,10.002,10.000666666666667,7.9,8.7,8.75,8.450000000000001,7.5,7.52,7.51,7.510000000000001,5.7,6.1,5.5,5.766666666666667,5.6,5.4,10.0,7.0,5.8,6.8,1.0,4.533333333333333,,,,,5.0,5.0,5.0,5.0,Fase 1 (4º ano),Fase 2 (5° e 6° ano),Fase 2 (5° e 6° ano)
RA-757,2013,12,Feminino,10-12 anos,2022,Veterano,Escola Pública | Pública,0.0,,1.0,Topázio,Topázio,Ametista,8.26,8.6742,7.938842857200001,8.291014285733334,71.0,,,71.0,9.5,9.0,9.502,9.334000000000001,9.3,9.6,9.285714286000001,9.395238095333333,7.5,7.52,7.51,7.510000000000001,9.7,9.3,7.0,8.666666666666666,9.9,9.5,6.5,8.633333333333333,9.6,9.0,7.5,8.700000000000001,,,,,5.0,5.0,5.0,5.0,Fase 1 (4º ano),Fase 2 (5° e 6° ano),Fase 2 (5° e 6° ano)
RA-758,2013,12,Menino,10-12 anos,2022,Veterano,Escola Pública,0.0,,,Ametista,,,7.911,,,7.911,166.0,,,166.0,9.0,,,9.0,9.1,,,9.1,7.5,,,7.5,8.1,,,8.1,8.0,,,8.0,8.2,,,8.2,,,,,5.0,,,5.0,Fase 1 (4º ano),,
RA-759,2012,13,Feminino,13-15 anos,2021,Veterano,Escola Pública,0.0,,,Ametista,,,7.563,,,7.563,288.0,,,288.0,9.0,,,9.0,8.6,,,8.6,7.5,,,7.5,7.5,,,7.5,8.3,,,8.3,6.7,,,6.7,,,,,5.0,,,5.0,Fase 2 (5º e 6º ano),,
RA-760,2011,14,Masculino,13-15 anos,2021,Veterano,Escola Pública | Pública,0.0,2.0,3.0,Topázio,Agata,Agata,8.172,6.548333333,6.942581818200001,7.220971717066668,94.0,,,94.0,9.0,0.0,9.168,6.056,9.2,8.8,7.090909091,8.363636363666666,7.5,7.52,7.51,7.510000000000001,8.8,6.3,5.0,6.7,9.3,5.8,2.5,5.866666666666667,8.2,6.8,3.5,6.166666666666667,,,9.0,9.0,5.0,5.0,10.0,6.666666666666667,Fase 2 (5º e 6º ano),Fase 3 (7° e 8° ano),Fase 3 (7° e 8° ano)
RA-761,2013,12,Masculino,10-12 anos,2022,Veterano,Escola Pública | Pública,0.0,1.0,2.0,Topázio,Topázio,Topázio,8.06,8.219533333,8.174593939300001,8.151375757433334,130.0,,,130.0,10.0,9.0,8.502,9.167333333333334,9.4,9.7,8.8636363635,9.321212121166667,7.5,7.52,6.26,7.093333333333334,8.2,8.4,7.25,7.95,8.8,8.7,8.0,8.5,7.5,8.0,6.5,7.333333333333333,,,,,5.0,5.0,10.0,6.666666666666667,Fase 1 (4º ano),Fase 2 (5° e 6° ano),Fase 2 (5° e 6° ano)
RA-762,2010,15,Masculino,13-15 anos,2022,Veterano,Escola Pública | Pública,0.0,1.0,2.0,Ametista,Ametista,Quartzo,7.28,7.09945,5.9677326087,6.782394202900001,402.0,,,402.0,10.0,10.0,10.002,10.000666666666667,9.7,9.1,6.4239130435,8.4079710145,7.5,3.14,6.26,5.633333333333333,6.7,5.8,3.75,5.416666666666667,7.3,6.2,4.0,5.833333333333333,6.0,5.3,3.5,4.933333333333334,,,,,2.5,5.0,5.0,4.166666666666667,Fase 3 (7º e 8º ano),Fase 3 (7° e 8° ano),Fase 4 (9° ano)
RA-763,2012,13,Feminino,13-15 anos,2021,Veterano,Escola Pública | Pública,0.0,,1.0,Ametista,Agata,Agata,7.402,6.7215,6.984760606,7.0360868686666675,361.0,,,361.0,9.5,0.0,9.002,6.1673333333333344,9.7,9.2,8.8636363635,9.254545454499999,7.5,3.14,6.26,5.633333333333333,6.5,7.9,5.25,6.55,6.3,7.8,6.5,6.866666666666667,6.7,8.0,4.0,6.233333333333333,,,,,5.0,5.0,5.0,5.0,Fase 2 (5º e 6º ano),Fase 2 (5° e 6° ano),Fase 2 (5° e 6° ano)
RA-764,2014,11,Masculino,10-12 anos,2022,Veterano,Escola Pública | Pública | Privada,0.0,1.0,2.0,Ametista,Ametista,Ametista,8.004,7.682125,7.838370289900001,7.841498429966667,141.0,,,141.0,9.0,0.0,8.002,5.6673333333333344,8.8,9.2,7.8804347825,8.626811594166666,7.5,7.52,7.51,7.510000000000001,7.5,7.8,6.0,7.1000000000000005,7.2,6.0,3.0,5.3999999999999995,7.8,9.5,9.0,8.766666666666667,,,,,10.0,10.0,10.0,10.0,ALFA  (2º e 3º ano),Fase 1 (3° e 4° ano),Fase 2 (5° e 6° ano)
RA-765,2013,12,Menino,10-12 anos,2022,Veterano,Escola Pública,0.0,,,Ágata,,,6.902,,,6.902,523.0,,,523.0,8.5,,,8.5,9.3,,,9.3,7.5,,,7.5,4.3,,,4.3,5.0,,,5.0,3.7,,,3.7,,,,,5.0,,,5.0,Fase 1 (4º ano),,
RA-766,2012,13,Feminino,13-15 anos,2020,Veterano,Escola Pública | Pública,0.0,1.0,,Topázio,Topázio,,8.185,8.008408333,,8.008408333,88.0,,,88.0,10.0,10.0,,10.0,9.5,8.7,,8.7,7.5,4.39,,4.39,8.7,8.7,,8.7,8.5,9.2,,9.2,8.8,8.2,,8.2,,,,,5.0,5.0,,5.0,Fase 2 (5º e 6º ano),Fase 2 (5° e 6° ano),
RA-767,2012,13,Masculino,13-15 anos,2021,Veterano,Escola Pública | Pública,0.0,1.0,1.0,Ametista,Ametista,Topázio,7.511,7.3807,8.131890476200002,7.674530158733334,304.0,,,304.0,9.5,10.0,9.502,9.667333333333334,9.0,8.3,9.0476190475,8.7825396825,7.5,7.52,7.51,7.510000000000001,7.0,6.3,8.25,7.183333333333334,7.3,6.5,8.5,7.433333333333334,6.7,6.0,8.0,6.8999999999999995,,,,,5.0,5.0,5.0,5.0,Fase 2 (5º e 6º ano),Fase 2 (5° e 6° ano),Fase 3 (7° e 8° ano)
RA-768,2012,13,Feminino,13-15 anos,2021,Veterano,Escola Pública | Pública,0.0,,1.0,Ametista,Topázio,Ametista,7.646,8.4042,7.0345379447,7.694912648233334,255.0,,,255.0,9.0,10.0,9.002,9.334000000000001,10.0,9.1,7.9841897235,9.028063241166668,7.5,7.52,6.26,7.093333333333334,7.1,7.9,5.5,6.833333333333333,7.0,8.0,6.0,7.0,7.2,7.8,5.0,6.666666666666667,,,,,5.0,5.0,5.0,5.0,Fase 2 (5º e 6º ano),Fase 2 (5° e 6° ano),Fase 2 (5° e 6° ano)
RA-769,2013,12,Feminino,10-12 anos,2022,Veterano,Escola Pública | Pública,0.0,,1.0,Ametista,Ametista,Ametista,7.598,7.85345,7.099342857200002,7.5169309524,272.0,,,272.0,10.0,10.0,10.002,10.000666666666667,7.5,9.3,5.9523809525,7.584126984166667,7.5,3.77,7.51,6.260000000000001,7.9,8.0,6.0,7.3,9.6,8.2,6.0,7.933333333333333,6.2,7.8,6.0,6.666666666666667,,,,,5.0,5.0,5.0,5.0,Fase 1 (4º ano),Fase 2 (5° e 6° ano),Fase 2 (5° e 6° ano)
RA-770,2015,10,Masculino,10-12 anos,2022,Veterano,Escola Pública | Pública,0.0,,,Topázio,Agata,Ametista,8.143,6.6785,7.3057112782,7.375737092733334,101.0,,,101.0,9.5,0.0,10.002,6.5006666666666675,8.9,8.3,9.022556391,8.740852130333336,7.5,3.77,7.51,6.260000000000001,8.3,5.9,5.0,6.400000000000001,8.5,6.0,4.0,6.166666666666667,8.1,5.7,6.0,6.6000000000000005,,,,,10.0,10.0,5.0,8.333333333333334,ALFA  (2º e 3º ano),ALFA (1° e 2° ano),Fase 1 (3° e 4° ano)
RA-771,2015,10,Feminino,10-12 anos,2022,Veterano,Escola Pública | Pública,0.0,,,Ametista,Ametista,Agata,7.873,7.056,6.066009523800001,6.998336507933334,179.0,,,179.0,10.0,0.0,8.502,6.1673333333333344,8.3,8.8,6.619047619,7.906349206333334,7.5,3.14,3.135,4.591666666666667,7.0,8.2,6.5,7.233333333333333,7.2,8.2,6.5,7.3,6.9,8.2,6.5,7.2,,,,,10.0,10.0,5.0,8.333333333333334,ALFA  (2º e 3º ano),ALFA (1° e 2° ano),Fase 1 (3° e 4° ano)
RA-772,2011,14,Masculino,13-15 anos,2021,Veterano,Escola Pública | Pública,0.0,1.0,,Ágata,Quartzo,,6.994,5.930166667,,5.930166667,490.0,,,490.0,9.0,0.0,,0.0,5.4,7.2,,7.2,7.5,7.52,,7.52,9.2,4.8,,4.8,9.3,5.2,,5.2,9.2,4.3,,4.3,,,,,5.0,5.0,,5.0,Fase 2 (5º e 6º ano),Fase 3 (7° e 8° ano),
RA-773,2013,12,Feminino,10-12 anos,2022,Veterano,Escola Pública | Pública,0.0,,,Ágata,Agata,Agata,6.922,6.9287,6.566200000000001,6.805633333333334,520.0,,,520.0,10.0,10.0,10.002,10.000666666666667,6.8,7.5,8.75,7.683333333333334,5.0,2.52,2.51,3.3433333333333333,8.1,7.9,5.0,7.0,9.3,8.0,8.0,8.433333333333334,6.8,7.8,2.0,5.533333333333334,,,,,5.0,5.0,5.0,5.0,Fase 1 (4º ano),Fase 1 (3° e 4° ano),Fase 2 (5° e 6° ano)
RA-774,2014,11,Feminino,10-12 anos,2022,Veterano,Escola Pública | Pública,0.0,,,Ametista,Quartzo,Quartzo,7.587,5.852,5.685771428600001,6.374923809533333,280.0,,,280.0,10.0,0.0,10.002,6.6673333333333344,7.8,9.5,6.3928571430000005,7.897619047666667,7.5,3.14,2.51,4.383333333333334,6.1,6.9,3.75,5.583333333333333,7.8,7.7,2.0,5.833333333333333,4.4,6.0,5.5,5.3,,,,,10.0,5.0,5.0,6.666666666666667,ALFA  (2º e 3º ano),Fase 1 (3° e 4° ano),Fase 1 (3° e 4° ano)
RA-775,2012,13,Menino,13-15 anos,2021,Veterano,Escola Pública,0.0,,,Quartzo,,,5.79,,,5.79,751.0,,,751.0,7.9,,,7.9,5.7,,,5.7,4.4,,,4.4,5.7,,,5.7,5.5,,,5.5,5.8,,,5.8,,,,,5.0,,,5.0,Fase 2 (5º e 6º ano),,
RA-776,2013,12,Feminino,10-12 anos,2022,Veterano,Escola Pública | Privada - Programa de Apadrinhamento | Pública,0.0,1.0,1.0,Quartzo,Quartzo,Quartzo,3.898,5.567916667,5.178509523800001,4.881475396933333,856.0,,,856.0,0.0,0.0,7.917,2.639,4.3,7.0,5.9523809525,5.750793650833334,4.4,7.52,5.63,5.8500000000000005,1.7,3.5,0.0,1.7333333333333334,0.0,4.2,0.0,1.4000000000000001,3.3,2.7,0.0,2.0,,,,,5.0,5.0,5.0,5.0,Fase 1 (4º ano),Fase 2 (5° e 6° ano),Fase 2 (5° e 6° ano)
RA-777,2014,11,Feminino,10-12 anos,2022,Veterano,Escola Pública | Pública,0.0,1.0,2.0,Ametista,Ametista,Ametista,7.096,7.468125,7.563515408100001,7.3758801360333335,457.0,,,457.0,8.0,0.0,8.002,5.3340000000000005,7.7,9.3,8.7757437075,8.591914569166667,7.5,7.52,7.51,7.510000000000001,5.3,6.3,4.5,5.366666666666667,6.5,5.3,3.5,5.1000000000000005,4.0,7.3,5.5,5.6000000000000005,,,,,10.0,10.0,10.0,10.0,ALFA  (2º e 3º ano),Fase 1 (3° e 4° ano),Fase 2 (5° e 6° ano)
RA-778,2013,12,Feminino,10-12 anos,2021,Veterano,Escola Pública | Pública,0.0,1.0,2.0,Ametista,Ametista,Topázio,7.432,7.926825,8.0754139589,7.8114129863,342.0,,,342.0,10.0,8.5,10.002,9.500666666666667,6.7,7.9,8.1235697945,7.574523264833334,7.5,7.52,7.51,7.510000000000001,7.1,8.2,7.0,7.433333333333333,6.0,7.3,5.0,6.1000000000000005,8.2,9.0,9.0,8.733333333333333,,,,,5.0,5.0,10.0,6.666666666666667,Fase 1 (4º ano),Fase 2 (5° e 6° ano),Fase 2 (5° e 6° ano)
RA-779,2012,13,Menino,13-15 anos,2022,Veterano,Escola Pública,0.0,,,Quartzo,,,5.702,,,5.702,760.0,,,760.0,9.5,,,9.5,5.0,,,5.0,7.5,,,7.5,2.6,,,2.6,2.2,,,2.2,3.0,,,3.0,,,,,5.0,,,5.0,Fase 2 (5º e 6º ano),,
RA-780,2013,12,Feminino,10-12 anos,2022,Veterano,Escola Pública | Pública,0.0,,1.0,Ágata,Ametista,Ametista,6.955,7.7842,7.7430333333,7.494077777766667,502.0,,,502.0,8.0,9.5,9.502,9.000666666666667,7.6,8.8,10.0,8.799999999999999,7.5,3.14,5.63,5.423333333333333,6.9,8.3,6.0,7.066666666666667,6.3,8.0,6.0,6.766666666666667,7.5,8.5,6.0,7.333333333333333,,,,,5.0,5.0,5.0,5.0,Fase 1 (4º ano),Fase 2 (5° e 6° ano),Fase 2 (5° e 6° ano)
RA-781,2013,12,Feminino,10-12 anos,2021,Veterano,Escola Pública | Pública,0.0,1.0,2.0,Ametista,Topázio,Topázio,7.786,8.209283333,8.496283333400001,8.163855555466666,205.0,,,205.0,10.0,7.5,8.002,8.500666666666667,8.9,9.8,9.75,9.483333333333334,7.5,7.52,7.51,7.510000000000001,8.3,7.9,7.25,7.816666666666667,8.0,7.0,5.0,6.666666666666667,8.5,8.8,9.5,8.933333333333334,,,,,5.0,5.0,10.0,6.666666666666667,Fase 1 (4º ano),Fase 2 (5° e 6° ano),Fase 2 (5° e 6° ano)
RA-782,2014,11,Masculino,10-12 anos,2022,Veterano,Escola Pública | Pública,0.0,,1.0,Ametista,Ametista,Topázio,7.485,7.6812,8.1896285714,7.785276190466667,317.0,,,317.0,9.5,8.5,9.502,9.167333333333334,8.4,9.8,7.8571428569999995,8.685714285666668,7.5,2.52,7.51,5.843333333333334,6.0,7.5,7.75,7.083333333333333,5.7,8.3,7.5,7.166666666666667,6.3,6.7,8.0,7.0,,,,,10.0,5.0,10.0,8.333333333333334,ALFA  (2º e 3º ano),Fase 1 (3° e 4° ano),Fase 1 (3° e 4° ano)
RA-783,2014,11,Masculino,10-12 anos,2021,Veterano,Escola Pública | Pública,0.0,,,Ágata,Ametista,,6.996,7.2922,,7.2922,487.0,,,487.0,9.5,9.5,,9.5,5.8,6.8,,6.8,7.5,3.77,,3.77,6.0,8.9,,8.9,4.7,9.0,,9.0,7.3,8.7,,8.7,,,,,10.0,5.0,,5.0,ALFA  (2º e 3º ano),Fase 1 (3° e 4° ano),
RA-784,2013,12,Feminino,10-12 anos,2022,Veterano,Escola Pública | Pública | Privada - Programa de Apadrinhamento,0.0,1.0,2.0,Topázio,Topázio,Topázio,8.34,8.171366667,8.8857454545,8.465704040499999,54.0,,,54.0,9.5,10.0,8.002,9.167333333333334,10.0,9.5,9.7727272725,9.7575757575,7.5,7.52,5.635,6.885000000000001,8.2,7.3,8.75,8.083333333333334,7.8,6.5,8.0,7.433333333333334,8.5,8.0,9.5,8.666666666666666,,,,,5.0,5.0,10.0,6.666666666666667,Fase 1 (4º ano),Fase 2 (5° e 6° ano),Fase 2 (5° e 6° ano)
RA-785,2013,12,Feminino,10-12 anos,2022,Veterano,Escola Pública | Pública,0.0,1.0,2.0,Ametista,Topázio,Topázio,7.642,8.137866667,9.1548666666,8.311577777866667,256.0,,,256.0,9.0,9.0,9.502,9.167333333333334,8.6,8.5,10.0,9.033333333333333,7.5,7.52,7.51,7.510000000000001,8.4,8.8,9.0,8.733333333333334,8.8,8.2,8.0,8.333333333333334,8.0,9.4,10.0,9.133333333333333,,,,,5.0,5.0,10.0,6.666666666666667,Fase 1 (4º ano),Fase 2 (5° e 6° ano),Fase 2 (5° e 6° ano)
RA-786,2011,14,Menino,13-15 anos,2019,Veterano,Escola Pública,0.0,,,Ágata,,,7.004,,,7.004,485.0,,,485.0,9.0,,,9.0,9.5,,,9.5,5.6,,,5.6,6.1,,,6.1,6.3,,,6.3,5.8,,,5.8,,,,,5.0,,,5.0,Fase 2 (5º e 6º ano),,
RA-787,2014,11,Masculino,10-12 anos,2022,Veterano,Escola Pública | Pública,0.0,,,Ametista,Ametista,Ametista,7.205,7.5227,7.73495,7.48755,426.0,,,426.0,8.5,9.0,9.002,8.834000000000001,9.5,9.8,9.75,9.683333333333334,7.5,7.52,7.51,7.510000000000001,3.4,5.9,7.25,5.516666666666667,4.2,6.0,10.0,6.733333333333333,2.7,5.8,4.5,4.333333333333333,,,,,10.0,5.0,5.0,6.666666666666667,ALFA  (2º e 3º ano),Fase 1 (3° e 4° ano),Fase 1 (3° e 4° ano)
RA-788,2014,11,Masculino,10-12 anos,2021,Veterano,Rede Decisão | Pública | Privada - Programa de Apadrinhamento,0.0,1.0,2.0,Topázio,Ametista,Ametista,8.264,7.806091667,7.9221068268,7.997399497933333,68.0,,,68.0,10.0,7.9,8.418,8.772666666666666,9.3,9.8,9.519450801,9.539816933666666,5.6,2.52,6.26,4.793333333333333,8.0,6.9,5.75,6.883333333333333,7.8,6.0,4.0,5.933333333333334,8.2,7.8,7.5,7.833333333333333,,,,,10.0,10.0,10.0,10.0,ALFA  (2º e 3º ano),Fase 1 (3° e 4° ano),Fase 2 (5° e 6° ano)
RA-789,2015,10,Feminino,10-12 anos,2022,Veterano,Escola Pública | Pública,0.0,,1.0,Ametista,Ametista,Topázio,7.405,7.974,8.0443904763,7.807796825433333,359.0,,,359.0,9.0,0.0,9.002,6.0006666666666675,9.4,9.5,9.047619048,9.315873016,7.5,7.52,7.51,7.510000000000001,4.2,7.9,5.25,5.783333333333334,3.7,8.5,5.5,5.8999999999999995,4.7,7.2,5.0,5.633333333333333,,,,,10.0,10.0,10.0,10.0,ALFA  (2º e 3º ano),ALFA (1° e 2° ano),Fase 1 (3° e 4° ano)
RA-790,2011,14,Masculino,13-15 anos,2022,Veterano,Escola Pública | Pública,0.0,1.0,2.0,Ametista,Agata,Agata,7.504,6.707666667,6.8089355072,7.0068673914,307.0,,,307.0,9.0,0.0,7.502,5.500666666666667,8.9,8.1,6.811594203,7.9371980676666665,7.5,7.52,7.51,7.510000000000001,7.8,7.4,6.75,7.316666666666666,8.5,7.2,4.0,6.566666666666666,7.2,7.5,9.5,8.066666666666666,,,,,5.0,5.0,5.0,5.0,Fase 2 (5º e 6º ano),Fase 3 (7° e 8° ano),Fase 3 (7° e 8° ano)
RA-791,2011,14,Feminino,13-15 anos,2022,Veterano,Escola Pública | Pública,0.0,1.0,,Ametista,Agata,,7.507,6.247916667,,6.247916667,306.0,,,306.0,9.5,0.0,,0.0,8.7,8.1,,8.1,7.5,7.52,,7.52,6.5,5.3,,5.3,6.3,6.0,,6.0,6.7,4.5,,4.5,,,,,5.0,5.0,,5.0,Fase 2 (5º e 6º ano),Fase 3 (7° e 8° ano),
RA-792,2013,12,Feminino,10-12 anos,2022,Veterano,Escola Pública | Pública,0.0,,1.0,Ágata,Ametista,Agata,7.025,7.6267,6.036012253,6.895904084333334,480.0,,,480.0,9.5,9.0,8.502,9.000666666666667,8.0,7.7,5.2865612650000005,6.995520421666666,7.5,7.52,7.51,7.510000000000001,6.2,7.2,3.25,5.55,6.5,6.8,6.5,6.6000000000000005,5.8,7.5,0.0,4.433333333333334,,,,,5.0,5.0,5.0,5.0,Fase 1 (4º ano),Fase 2 (5° e 6° ano),Fase 2 (5° e 6° ano)
RA-793,2012,13,Menino,13-15 anos,2022,Veterano,Escola Pública,0.0,,,Ágata,,,6.894,,,6.894,527.0,,,527.0,9.5,,,9.5,7.6,,,7.6,7.5,,,7.5,6.0,,,6.0,6.0,,,6.0,6.0,,,6.0,,,,,5.0,,,5.0,Fase 2 (5º e 6º ano),,
RA-794,2014,11,Feminino,10-12 anos,2022,Veterano,Escola Pública | Pública,0.0,,1.0,Ametista,Ametista,Ametista,7.335,7.9842,7.145652380900001,7.488284126966668,381.0,,,381.0,9.5,9.0,9.502,9.334000000000001,8.9,9.2,6.9047619045,8.334920634833333,7.5,7.52,7.51,7.510000000000001,4.1,6.2,3.0,4.433333333333334,3.7,5.2,6.0,4.966666666666667,4.5,7.2,0.0,3.9,,,,,10.0,5.0,10.0,8.333333333333334,ALFA  (2º e 3º ano),Fase 1 (3° e 4° ano),Fase 1 (3° e 4° ano)
RA-795,2014,11,Feminino,10-12 anos,2022,Veterano,Escola Pública | Pública,0.0,,1.0,Topázio,Topázio,Topázio,8.064,8.4642,8.441414285700002,8.3232047619,126.0,,,126.0,9.0,9.0,9.502,9.167333333333334,9.7,9.6,9.761904762,9.687301587333332,7.5,7.52,6.26,7.093333333333334,7.3,8.2,9.5,8.333333333333334,8.0,8.7,10.0,8.9,6.5,7.7,9.0,7.733333333333333,,,,,10.0,5.0,5.0,6.666666666666667,ALFA  (2º e 3º ano),Fase 1 (3° e 4° ano),Fase 2 (5° e 6° ano)
RA-796,2012,13,Feminino,13-15 anos,2022,Veterano,Escola Pública | Pública,0.0,1.0,2.0,Ametista,Ametista,Ametista,7.232,7.462866667,7.052457703200001,7.2491081234,416.0,,,416.0,9.5,9.0,8.502,9.000666666666667,9.3,9.8,8.2212885155,9.107096171833334,7.5,6.27,7.51,7.093333333333334,5.4,5.5,5.25,5.383333333333333,5.8,5.0,3.0,4.6000000000000005,5.0,6.0,7.5,6.166666666666667,,,,,5.0,5.0,5.0,5.0,Fase 2 (5º e 6º ano),Fase 2 (5° e 6° ano),Fase 3 (7° e 8° ano)
RA-797,2012,13,Masculino,13-15 anos,2021,Veterano,Escola Pública | Pública,0.0,1.0,2.0,Ametista,Ametista,Agata,7.217,7.373033333,6.597315151500001,7.062449494833334,421.0,,,421.0,9.0,8.5,9.168,8.889333333333333,8.5,8.6,4.840909091,7.313636363666667,7.5,7.52,7.51,7.510000000000001,7.3,7.5,7.25,7.3500000000000005,8.2,7.0,8.0,7.733333333333333,6.5,8.0,6.5,7.0,,,,,5.0,5.0,5.0,5.0,Fase 2 (5º e 6º ano),Fase 2 (5° e 6° ano),Fase 3 (7° e 8° ano)
RA-798,2012,13,Masculino,13-15 anos,2022,Veterano,Escola Pública | Privada - Programa de Apadrinhamento | Pública,0.0,1.0,2.0,Ametista,Ametista,Quartzo,7.049,7.018033333,4.6743653679,6.2471329003,472.0,,,472.0,8.0,9.0,6.834,7.9446666666666665,8.3,8.1,3.5064935065,6.6354978355,7.5,7.52,7.51,7.510000000000001,6.3,6.1,4.75,5.716666666666666,7.0,4.3,4.0,5.1000000000000005,5.7,7.8,5.5,6.333333333333333,,,,,5.0,5.0,5.0,5.0,Fase 2 (5º e 6º ano),Fase 2 (5° e 6° ano),Fase 3 (7° e 8° ano)
RA-799,2012,13,Feminino,13-15 anos,2022,Veterano,Escola Pública | Pública,0.0,1.0,2.0,Ametista,Topázio,Ametista,7.676,8.061533333,7.702648484900001,7.8133939393,244.0,,,244.0,8.0,9.5,7.918,8.472666666666667,9.6,9.6,9.090909091,9.430303030333333,7.5,5.64,7.51,6.883333333333333,7.8,8.3,5.25,7.116666666666667,8.5,7.8,5.0,7.1000000000000005,7.2,8.8,5.5,7.166666666666667,,,,,5.0,5.0,10.0,6.666666666666667,Fase 2 (5º e 6º ano),Fase 2 (5° e 6° ano),Fase 2 (5° e 6° ano)
RA-800,2014,11,Menino,10-12 anos,2022,Veterano,Escola Pública,0.0,,,Ágata,,,6.818,,,6.818,551.0,,,551.0,8.0,,,8.0,5.4,,,5.4,7.5,,,7.5,6.1,,,6.1,6.3,,,6.3,5.8,,,5.8,,,,,10.0,,,10.0,ALFA  (2º e 3º ano),,
RA-801,2013,12,Masculino,10-12 anos,2022,Veterano,Escola Pública | Pública,0.0,1.0,1.0,Ágata,Agata,Agata,6.644,6.8735,6.6752,6.730900000000001,611.0,,,611.0,7.0,0.0,9.002,5.3340000000000005,6.6,7.5,5.75,6.616666666666667,7.5,7.52,7.51,7.510000000000001,6.8,7.6,8.0,7.466666666666666,7.2,6.8,7.0,7.0,6.3,8.3,9.0,7.866666666666667,,,,,5.0,10.0,5.0,6.666666666666667,Fase 1 (4º ano),Fase 1 (3° e 4° ano),Fase 2 (5° e 6° ano)
RA-802,2013,12,Masculino,10-12 anos,2021,Veterano,Escola Pública | Pública,0.0,1.0,2.0,Ametista,Topázio,Ametista,7.831,8.126866667,7.8317974024999994,7.929888023166666,193.0,,,193.0,9.0,8.0,7.502,8.167333333333334,9.0,9.3,7.012987013,8.437662337666668,7.5,7.52,7.51,7.510000000000001,8.3,9.4,8.75,8.816666666666668,9.0,9.3,9.0,9.1,7.5,9.5,8.5,8.5,,,,,5.0,5.0,10.0,6.666666666666667,Fase 1 (4º ano),Fase 2 (5° e 6° ano),Fase 2 (5° e 6° ano)
RA-803,2012,13,Feminino,13-15 anos,2022,Veterano,Escola Pública,0.0,,,Ágata,,,6.98,,,6.98,494.0,,,494.0,10.0,,,10.0,7.2,,,7.2,7.5,,,7.5,6.3,,,6.3,6.5,,,6.5,6.0,,,6.0,,,,,5.0,,,5.0,Fase 2 (5º e 6º ano),,
RA-804,2012,13,Masculino,13-15 anos,2022,Veterano,Escola Pública | Pública,0.0,1.0,,Ágata,Ametista,,6.848,7.2352,,7.2352,540.0,,,540.0,10.0,10.0,,10.0,8.4,8.6,,8.6,6.3,6.27,,6.27,4.8,6.9,,6.9,5.5,6.2,,6.2,4.0,7.5,,7.5,,,,,5.0,5.0,,5.0,Fase 2 (5º e 6º ano),Fase 2 (5° e 6° ano),
RA-805,2014,11,Masculino,10-12 anos,2021,Veterano,Escola Pública | Pública,0.0,,1.0,Topázio,Agata,Agata,8.279,6.492,6.9375869048,7.236195634933334,65.0,,,65.0,9.5,0.0,8.502,6.0006666666666675,9.0,9.1,9.523809524,9.207936508000001,7.5,7.52,4.38,6.466666666666666,8.8,6.8,6.0,7.2,8.7,6.8,7.0,7.5,8.9,6.8,5.0,6.8999999999999995,,,,,10.0,5.0,5.0,6.666666666666667,ALFA  (2º e 3º ano),Fase 1 (3° e 4° ano),Fase 2 (5° e 6° ano)
RA-806,2014,11,Masculino,10-12 anos,2022,Veterano,Escola Pública | Pública,0.0,,1.0,Ametista,Ametista,Agata,7.561,7.2937,6.972777380900001,7.275825793633334,290.0,,,290.0,9.5,8.5,8.502,8.834000000000001,7.3,8.3,6.9047619045,7.5015873015,7.5,6.27,7.51,7.093333333333334,6.6,7.8,6.75,7.05,5.0,7.8,6.5,6.433333333333334,8.2,7.7,7.0,7.633333333333333,,,,,10.0,5.0,5.0,6.666666666666667,ALFA  (2º e 3º ano),Fase 1 (3° e 4° ano),Fase 2 (5° e 6° ano)
RA-807,2014,11,Masculino,10-12 anos,2022,Veterano,Escola Pública | Pública,0.0,,1.0,Topázio,Ametista,Ametista,8.121,7.8632,7.797628571400001,7.927276190466667,109.0,,,109.0,9.5,9.5,9.002,9.334000000000001,8.7,9.1,7.8571428569999995,8.552380952333332,6.3,7.52,7.51,7.109999999999999,9.0,8.0,7.0,8.0,9.5,8.3,6.0,7.933333333333334,8.6,7.7,8.0,8.1,,,,,10.0,5.0,10.0,8.333333333333334,ALFA  (2º e 3º ano),Fase 1 (3° e 4° ano),Fase 1 (3° e 4° ano)
RA-808,2014,11,Masculino,10-12 anos,2022,Veterano,Escola Pública | Pública,0.0,,1.0,Topázio,Topázio,Topázio,8.361,8.1932,8.7897,8.447966666666668,51.0,,,51.0,10.0,10.0,9.002,9.667333333333334,9.1,10.0,10.0,9.700000000000001,6.3,2.52,7.51,5.4433333333333325,9.3,8.7,8.75,8.916666666666666,9.7,8.7,7.5,8.633333333333333,8.8,8.7,10.0,9.166666666666666,,,,,10.0,5.0,10.0,8.333333333333334,ALFA  (2º e 3º ano),Fase 1 (3° e 4° ano),Fase 1 (3° e 4° ano)
RA-809,2015,10,Menino,10-12 anos,2022,Veterano,Escola Pública,0.0,,,Ametista,,,7.259,,,7.259,410.0,,,410.0,10.0,,,10.0,6.6,,,6.6,6.3,,,6.3,6.3,,,6.3,5.5,,,5.5,7.1,,,7.1,,,,,10.0,,,10.0,ALFA  (2º e 3º ano),,
RA-810,2014,11,Masculino,10-12 anos,2021,Veterano,Escola Pública | Pública,0.0,1.0,1.0,Ametista,Ametista,Ametista,7.887,7.782866667,7.704770175400001,7.791545614133334,175.0,,,175.0,8.5,8.0,7.502,8.000666666666666,9.1,8.5,9.4736842105,9.0245614035,5.0,7.52,5.635,6.051666666666667,9.6,6.9,9.0,8.5,9.7,6.3,8.0,8.0,9.5,7.5,10.0,9.0,,,,,10.0,10.0,5.0,8.333333333333334,ALFA  (2º e 3º ano),Fase 1 (3° e 4° ano),Fase 2 (5° e 6° ano)
RA-811,2013,12,Feminino,10-12 anos,2021,Veterano,Escola Pública,0.0,,,Ágata,,,6.575,,,6.575,635.0,,,635.0,8.9,,,8.9,5.7,,,5.7,5.6,,,5.6,7.3,,,7.3,8.9,,,8.9,5.7,,,5.7,,,,,5.0,,,5.0,Fase 1 (4º ano),,
RA-812,2014,11,Masculino,10-12 anos,2022,Veterano,Escola Pública | Pública,0.0,,,Ametista,Topázio,,7.497,8.0357,,8.0357,313.0,,,313.0,9.0,9.5,,9.5,8.1,9.1,,9.1,5.6,7.52,,7.52,7.4,5.8,,5.8,8.3,6.3,,6.3,6.6,5.3,,5.3,,,,,10.0,10.0,,10.0,ALFA  (2º e 3º ano),ALFA (1° e 2° ano),
RA-813,2014,11,Masculino,10-12 anos,2022,Veterano,Escola Pública | Pública,0.0,1.0,,Ametista,Ametista,,7.093,7.5867,,7.5867,459.0,,,459.0,9.5,9.5,,9.5,6.5,8.4,,8.4,6.9,7.52,,7.52,6.0,3.9,,3.9,6.7,2.3,,2.3,5.3,5.5,,5.5,,,,,10.0,10.0,,10.0,ALFA  (2º e 3º ano),Fase 1 (3° e 4° ano),
RA-814,2013,12,Masculino,10-12 anos,2022,Veterano,Escola Pública | Pública,0.0,1.0,2.0,Ametista,Topázio,Ametista,7.592,8.367866667,7.971648484800001,7.977171717266667,275.0,,,275.0,8.9,9.5,7.418,8.606,9.0,9.6,9.090909091,9.230303030333333,6.9,6.89,7.51,7.099999999999999,7.5,8.2,7.5,7.733333333333333,7.8,7.8,8.0,7.866666666666667,7.2,8.5,7.0,7.566666666666666,,,,,5.0,5.0,10.0,6.666666666666667,Fase 1 (4º ano),Fase 2 (5° e 6° ano),Fase 2 (5° e 6° ano)
RA-815,2013,12,Masculino,10-12 anos,2022,Veterano,Escola Pública | Pública,0.0,1.0,,Ágata,Agata,,6.81,6.122166667,,6.122166667,552.0,,,552.0,10.0,0.0,,0.0,7.9,8.6,,8.6,5.6,5.02,,5.02,6.5,6.5,,6.5,7.7,7.0,,7.0,5.3,6.0,,6.0,,,,,5.0,5.0,,5.0,Fase 1 (4º ano),Fase 2 (5° e 6° ano),
RA-816,2013,12,Feminino,10-12 anos,2022,Veterano,Escola Pública | Pública | Privada - Programa de Apadrinhamento,0.0,1.0,2.0,Topázio,Topázio,Topázio,8.513,8.5572,8.929745454599999,8.666648484866666,32.0,,,32.0,10.0,7.5,7.002,8.167333333333334,9.3,9.8,9.7727272725,9.624242424166667,7.5,7.52,7.51,7.510000000000001,9.6,8.9,9.25,9.25,9.5,7.8,8.5,8.6,9.7,10.0,10.0,9.9,,,,,5.0,5.0,10.0,6.666666666666667,Fase 1 (4º ano),Fase 2 (5° e 6° ano),Fase 2 (5° e 6° ano)
RA-817,2014,11,Feminino,10-12 anos,2022,Veterano,Escola Pública | Pública,0.0,1.0,,Ametista,Ametista,,7.819,7.8597,,7.8597,197.0,,,197.0,10.0,9.5,,9.5,8.7,8.8,,8.8,6.3,6.89,,6.89,7.1,5.4,,5.4,7.7,5.0,,5.0,6.5,5.7,,5.7,,,,,10.0,10.0,,10.0,ALFA  (2º e 3º ano),Fase 1 (3° e 4° ano),
RA-818,2015,10,Masculino,10-12 anos,2022,Veterano,Escola Pública | Pública,0.0,1.0,,Ametista,Ametista,,7.483,7.997366667,,7.997366667,320.0,,,320.0,9.5,10.0,,10.0,7.3,8.4,,8.4,7.5,7.52,,7.52,6.2,6.2,,6.2,6.5,5.5,,5.5,5.8,6.8,,6.8,,,,,10.0,10.0,,10.0,ALFA  (2º e 3º ano),ALFA (1° e 2° ano),
RA-819,2014,11,Masculino,10-12 anos,2022,Veterano,Escola Pública | Pública,0.0,1.0,2.0,Ametista,Ametista,Topázio,7.741,7.944833333,8.652552484400001,8.112795272466668,223.0,,,223.0,10.0,0.0,10.002,6.6673333333333344,7.9,8.3,7.784679089,7.994893029666668,7.5,7.52,7.51,7.510000000000001,7.3,9.5,9.0,8.6,8.0,9.7,8.0,8.566666666666666,6.5,9.3,10.0,8.6,,,,,10.0,10.0,10.0,10.0,ALFA  (2º e 3º ano),Fase 1 (3° e 4° ano),Fase 1 (3° e 4° ano)
RA-820,2013,12,Masculino,10-12 anos,2022,Veterano,Escola Pública | Pública,0.0,1.0,2.0,Ametista,Ametista,Ametista,7.417,7.85605,7.426572549100001,7.5665408497,349.0,,,349.0,9.5,7.9,10.002,9.134,10.0,7.4,6.573529412,7.991176470666666,6.9,7.52,7.51,7.31,6.0,8.9,6.25,7.05,7.7,9.2,6.0,7.633333333333333,4.3,8.5,6.5,6.433333333333334,,,,,5.0,5.0,10.0,6.666666666666667,Fase 1 (4º ano),Fase 2 (5° e 6° ano),Fase 2 (5° e 6° ano)
RA-821,2012,13,Masculino,13-15 anos,2022,Veterano,Escola Pública | Pública,0.0,,2.0,Ágata,,Agata,6.342,,6.643866666600001,6.643866666600001,671.0,,,671.0,9.0,,8.502,8.502,7.0,,5.9166666665,5.9166666665,7.5,,7.51,7.51,4.6,,4.25,4.25,5.2,,4.5,4.5,4.0,,4.0,4.0,,,,,5.0,,10.0,10.0,Fase 2 (5º e 6º ano),,Fase 2 (5° e 6° ano)
RA-822,2012,13,Masculino,13-15 anos,2022,Veterano,Escola Pública | Pública,0.0,,1.0,Ágata,Agata,Quartzo,6.922,6.4497,5.2645678524,6.2120892841333335,521.0,,,521.0,8.0,8.5,0.0,5.5,8.4,8.4,4.6245059285,7.1415019761666665,7.5,2.52,5.01,5.01,6.1,7.1,6.75,6.6499999999999995,6.5,8.0,7.5,7.333333333333333,5.7,6.2,6.0,5.966666666666666,,,,,5.0,5.0,5.0,5.0,Fase 2 (5º e 6º ano),Fase 2 (5° e 6° ano),Fase 3 (7° e 8° ano)
RA-823,2012,13,Feminino,13-15 anos,2021,Veterano,Escola Pública,0.0,,,Quartzo,,,5.989,,,5.989,729.0,,,729.0,10.0,,,10.0,6.0,,,6.0,7.5,,,7.5,2.8,,,2.8,4.0,,,4.0,1.7,,,1.7,,,,,5.0,,,5.0,Fase 2 (5º e 6º ano),,
RA-824,2014,11,Menino,10-12 anos,2022,Veterano,Escola Pública,0.0,,,Ágata,,,6.799,,,6.799,555.0,,,555.0,10.0,,,10.0,4.4,,,4.4,6.9,,,6.9,6.0,,,6.0,7.0,,,7.0,5.0,,,5.0,,,,,10.0,,,10.0,ALFA  (2º e 3º ano),,
RA-825,2013,12,Feminino,10-12 anos,2021,Veterano,Escola Pública,0.0,,,Ametista,,,7.25,,,7.25,412.0,,,412.0,7.5,,,7.5,8.2,,,8.2,6.9,,,6.9,7.6,,,7.6,8.3,,,8.3,6.8,,,6.8,,,,,5.0,,,5.0,Fase 1 (4º ano),,
RA-826,2014,11,Masculino,10-12 anos,2022,Veterano,Escola Pública | Pública,0.0,,1.0,Ametista,Ametista,Ametista,7.776,7.77645,7.9442,7.8322166666666675,211.0,,,211.0,9.5,10.0,10.002,9.834000000000001,9.6,10.0,10.0,9.866666666666667,7.5,3.77,6.26,5.843333333333334,5.4,7.3,6.75,6.483333333333333,4.3,7.0,5.5,5.6000000000000005,6.5,7.5,8.0,7.333333333333333,,,,,10.0,5.0,5.0,6.666666666666667,ALFA  (2º e 3º ano),Fase 1 (3° e 4° ano),Fase 2 (5° e 6° ano)
RA-827,2012,13,Feminino,13-15 anos,2022,Veterano,Escola Pública | Pública,0.0,1.0,2.0,Ametista,Ametista,Topázio,7.412,7.419925,8.2483467391,7.693423913033333,352.0,,,352.0,9.5,7.9,10.002,9.134,7.0,8.1,9.782608695499999,8.294202898499998,7.5,3.14,5.01,5.216666666666667,7.6,8.1,7.25,7.6499999999999995,7.7,7.7,6.0,7.133333333333333,7.5,8.5,8.5,8.166666666666666,,,,,5.0,5.0,10.0,6.666666666666667,Fase 2 (5º e 6º ano),Fase 2 (5° e 6° ano),Fase 2 (5° e 6° ano)
RA-828,2013,12,Feminino,10-12 anos,2022,Veterano,Escola Pública,0.0,,,Ametista,,,7.139,,,7.139,444.0,,,444.0,9.5,,,9.5,7.1,,,7.1,7.5,,,7.5,6.9,,,6.9,7.3,,,7.3,6.5,,,6.5,,,,,5.0,,,5.0,Fase 1 (4º ano),,
RA-829,2014,11,Feminino,10-12 anos,2022,Veterano,Escola Pública | Pública | Privada - Programa de Apadrinhamento,0.0,1.0,2.0,Ametista,Topázio,Topázio,8.003,8.532075,9.171825000000002,8.568966666666666,142.0,,,142.0,9.0,9.0,9.502,9.167333333333334,8.6,9.4,9.75,9.25,7.5,3.14,9.38,6.673333333333335,7.8,8.4,8.0,8.066666666666666,8.2,7.5,6.0,7.233333333333333,7.5,9.2,10.0,8.9,,,,,10.0,10.0,10.0,10.0,ALFA  (2º e 3º ano),Fase 1 (3° e 4° ano),Fase 1 (3° e 4° ano)
RA-830,2013,12,Feminino,10-12 anos,2022,Veterano,Escola Pública | Pública,0.0,,1.0,Ametista,Agata,Ametista,7.234,6.78,7.1373428571,7.050447619033332,414.0,,,414.0,10.0,0.0,9.002,6.3340000000000005,8.6,8.9,7.619047619,8.373015873,7.5,3.14,5.63,5.423333333333333,6.0,8.3,6.75,7.016666666666667,5.8,8.3,6.5,6.866666666666667,6.2,8.3,7.0,7.166666666666667,,,,,5.0,5.0,5.0,5.0,Fase 1 (4º ano),Fase 1 (3° e 4° ano),Fase 2 (5° e 6° ano)
RA-831,2013,12,Masculino,10-12 anos,2022,Veterano,Escola Pública | Pública,0.0,,1.0,Ametista,Ametista,Topázio,7.41,7.71645,8.0066285715,7.7110261905,356.0,,,356.0,9.5,8.0,10.002,9.167333333333334,9.2,9.4,9.523809524,9.374603174666667,7.5,3.77,6.26,5.843333333333334,7.2,8.3,7.75,7.75,7.3,8.8,6.5,7.533333333333334,7.0,7.8,9.0,7.933333333333334,,,,,5.0,5.0,5.0,5.0,Fase 1 (4º ano),Fase 1 (3° e 4° ano),Fase 2 (5° e 6° ano)
RA-832,2013,12,Masculino,10-12 anos,2022,Veterano,Escola Pública | Pública,0.0,1.0,2.0,Topázio,Topázio,Topázio,8.179,8.2697,8.2403304348,8.229676811600001,92.0,,,92.0,10.0,10.0,9.002,9.667333333333334,9.2,9.5,8.695652174,9.131884057999999,7.5,7.52,7.51,7.510000000000001,8.8,8.5,8.0,8.433333333333334,8.8,9.2,7.0,8.333333333333334,8.8,7.7,9.0,8.5,,,,,5.0,5.0,10.0,6.666666666666667,Fase 1 (4º ano),Fase 2 (5° e 6° ano),Fase 2 (5° e 6° ano)
RA-833,2013,12,Masculino,10-12 anos,2022,Veterano,Escola Pública | Pública,0.0,1.0,2.0,Ametista,Ametista,Topázio,7.791,7.81295,8.5184577641,8.040802588033335,204.0,,,204.0,10.0,10.0,9.002,9.667333333333334,9.5,9.5,9.3271221535,9.442374051166667,7.5,3.77,7.51,6.260000000000001,7.8,7.4,8.0,7.733333333333333,8.2,7.3,9.0,8.166666666666666,7.5,7.5,7.0,7.333333333333333,,,,,5.0,5.0,10.0,6.666666666666667,Fase 1 (4º ano),Fase 2 (5° e 6° ano),Fase 2 (5° e 6° ano)
RA-834,2013,12,Masculino,10-12 anos,2022,Veterano,Escola Pública | Pública,0.0,1.0,2.0,Topázio,Topázio,Topázio,8.136,8.662616667,8.513646169700001,8.437420945566666,105.0,,,105.0,9.0,9.0,8.002,8.667333333333334,9.0,9.9,9.109730849,9.336576949666666,7.5,6.27,6.26,6.676666666666667,9.0,9.2,8.75,8.983333333333333,9.2,9.0,9.0,9.066666666666666,8.8,9.3,8.5,8.866666666666667,,,,,5.0,5.0,10.0,6.666666666666667,Fase 1 (4º ano),Fase 2 (5° e 6° ano),Fase 2 (5° e 6° ano)
RA-835,2014,11,Masculino,10-12 anos,2022,Veterano,Escola Pública | Pública,0.0,,,Ametista,Topázio,,7.263,8.2467,,8.2467,408.0,,,408.0,6.9,8.0,,8.0,7.3,8.5,,8.5,7.5,7.52,,7.52,7.5,8.7,,8.7,7.6,8.5,,8.5,7.3,8.9,,8.9,,,,,10.0,10.0,,10.0,ALFA  (2º e 3º ano),ALFA (1° e 2° ano),
RA-836,2013,12,Masculino,10-12 anos,2022,Veterano,Escola Pública | Pública,0.0,,1.0,Ametista,Ametista,Agata,7.665,7.6417,6.0234537878,7.1100512626,250.0,,,250.0,8.5,9.5,9.502,9.167333333333334,8.3,9.6,6.439393939,8.113131312999998,7.5,6.27,7.51,7.093333333333334,9.2,6.7,2.75,6.216666666666666,9.0,6.7,5.5,7.066666666666666,9.3,6.7,0.0,5.333333333333333,,,,,5.0,5.0,5.0,5.0,Fase 1 (4º ano),Fase 2 (5° e 6° ano),Fase 2 (5° e 6° ano)
RA-837,2014,11,Masculino,10-12 anos,2022,Veterano,Escola Pública | Pública,0.0,1.0,2.0,Topázio,Topázio,Ametista,8.207,8.2712,7.9648467391,8.147682246366667,83.0,,,83.0,8.5,9.0,7.502,8.334,9.0,9.3,9.782608695499999,9.360869565166666,7.5,7.52,6.885,7.301666666666667,8.8,7.0,6.75,7.516666666666667,9.2,6.3,6.0,7.166666666666667,8.3,7.7,7.5,7.833333333333333,,,,,10.0,10.0,10.0,10.0,ALFA  (2º e 3º ano),Fase 1 (3° e 4° ano),Fase 2 (5° e 6° ano)
RA-838,2013,12,Menino,10-12 anos,2022,Veterano,Escola Pública,0.0,,,Ametista,,,7.461,,,7.461,330.0,,,330.0,10.0,,,10.0,7.4,,,7.4,7.5,,,7.5,6.3,,,6.3,6.6,,,6.6,5.9,,,5.9,,,,,5.0,,,5.0,Fase 1 (4º ano),,
RA-839,2013,12,Feminino,10-12 anos,2022,Veterano,Escola Pública,0.0,,,Quartzo,,,5.198,,,5.198,811.0,,,811.0,0.0,,,0.0,5.1,,,5.1,7.5,,,7.5,5.4,,,5.4,5.8,,,5.8,5.0,,,5.0,,,,,5.0,,,5.0,Fase 1 (4º ano),,
RA-840,2014,11,Masculino,10-12 anos,2022,Veterano,Escola Pública | Pública,0.0,,1.0,Ametista,Ametista,Topázio,7.875,7.7862,8.5912909091,8.084163636366666,178.0,,,178.0,9.0,9.5,9.502,9.334000000000001,8.2,9.0,9.337121212,8.845707070666666,7.5,4.38,7.51,6.463333333333334,7.8,8.2,8.0,8.0,9.6,8.3,7.0,8.299999999999999,5.9,8.0,9.0,7.633333333333333,,,,,10.0,5.0,10.0,8.333333333333334,ALFA  (2º e 3º ano),Fase 1 (3° e 4° ano),Fase 1 (3° e 4° ano)
RA-841,2011,14,Masculino,13-15 anos,2022,Veterano,Escola Pública | Pública,0.0,,2.0,Ametista,Agata,Agata,7.3,6.78,6.035771224300001,6.705257074766667,395.0,,,395.0,8.5,0.0,10.002,6.1673333333333344,8.5,7.2,6.3272311215000006,7.342410373833334,7.5,7.52,7.51,7.510000000000001,7.2,6.9,3.25,5.783333333333334,8.6,6.7,4.0,6.433333333333334,5.8,7.0,2.5,5.1000000000000005,,,,,5.0,5.0,5.0,5.0,Fase 2 (5º e 6º ano),Fase 2 (5° e 6° ano),Fase 3 (7° e 8° ano)
RA-842,2014,11,Feminino,10-12 anos,2022,Veterano,Escola Pública | Pública,0.0,,1.0,Ametista,Ametista,Ametista,7.952,7.2117,7.072914756400001,7.4122049188000005,154.0,,,154.0,7.5,9.0,8.502,8.334000000000001,8.3,8.5,7.549407115,8.116469038333333,7.5,3.77,6.26,5.843333333333334,9.1,7.9,7.5,8.166666666666666,9.1,8.2,6.0,7.766666666666666,9.1,7.5,9.0,8.533333333333333,,,,,10.0,5.0,5.0,6.666666666666667,ALFA  (2º e 3º ano),Fase 1 (3° e 4° ano),Fase 2 (5° e 6° ano)
RA-843,2014,11,Feminino,10-12 anos,2022,Veterano,Escola Pública,0.0,,,Topázio,,,8.538,,,8.538,30.0,,,30.0,8.5,,,8.5,9.0,,,9.0,7.5,,,7.5,9.2,,,9.2,9.8,,,9.8,8.5,,,8.5,,,,,10.0,,,10.0,ALFA  (2º e 3º ano),,
RA-844,2014,11,Menino,10-12 anos,2022,Veterano,Escola Pública,0.0,,,Ágata,,,6.253,,,6.253,695.0,,,695.0,0.0,,,0.0,5.0,,,5.0,8.1,,,8.1,5.9,,,5.9,6.0,,,6.0,5.8,,,5.8,,,,,10.0,,,10.0,ALFA  (2º e 3º ano),,
RA-845,2014,11,Feminino,10-12 anos,2022,Veterano,Escola Pública,0.0,,,Topázio,,,8.491,,,8.491,35.0,,,35.0,10.0,,,10.0,8.8,,,8.8,7.5,,,7.5,8.7,,,8.7,9.1,,,9.1,8.3,,,8.3,,,,,10.0,,,10.0,ALFA  (2º e 3º ano),,
RA-846,2015,10,Feminino,10-12 anos,2022,Veterano,Escola Pública | Pública,0.0,,,Ametista,Ametista,,7.412,7.4637,,7.4637,353.0,,,353.0,9.0,9.5,,9.5,7.2,8.2,,8.2,7.5,3.77,,3.77,5.9,6.0,,6.0,7.7,6.3,,6.3,4.0,5.7,,5.7,,,,,10.0,10.0,,10.0,ALFA  (2º e 3º ano),ALFA (1° e 2° ano),
RA-847,2013,12,Masculino,10-12 anos,2022,Veterano,Escola Pública | Pública,0.0,,1.0,Ágata,Agata,Quartzo,6.839,6.5418,5.009290909100001,6.130030303033334,543.0,,,543.0,7.9,7.9,9.002,8.267333333333333,8.2,9.1,4.5454545455,7.281818181833333,4.4,2.52,5.01,3.9766666666666666,7.7,7.6,1.0,5.433333333333334,7.8,7.5,0.0,5.1000000000000005,7.6,7.6,2.0,5.733333333333333,,,,,5.0,5.0,5.0,5.0,Fase 1 (4º ano),Fase 2 (5° e 6° ano),Fase 2 (5° e 6° ano)
RA-848,2013,12,Menino,10-12 anos,2022,Veterano,Escola Pública,0.0,,,Ametista,,,7.488,,,7.488,315.0,,,315.0,9.5,,,9.5,7.0,,,7.0,7.5,,,7.5,9.0,,,9.0,9.8,,,9.8,8.1,,,8.1,,,,,5.0,,,5.0,Fase 1 (4º ano),,
RA-849,2013,12,Menino,10-12 anos,2022,Veterano,Escola Pública,0.0,,,Ametista,,,7.369,,,7.369,371.0,,,371.0,8.5,,,8.5,8.3,,,8.3,7.5,,,7.5,9.1,,,9.1,9.8,,,9.8,8.3,,,8.3,,,,,5.0,,,5.0,Fase 1 (4º ano),,
RA-850,2014,11,Masculino,10-12 anos,2022,Veterano,Escola Pública | Pública,0.0,,1.0,Ametista,Agata,Ametista,7.641,6.06525,7.864245454500001,7.1901651515000005,258.0,,,258.0,10.0,0.0,10.002,6.6673333333333344,7.3,7.9,9.2727272725,8.1575757575,7.5,6.26,6.255,6.671666666666667,8.5,7.3,7.75,7.8500000000000005,8.1,6.8,6.0,6.966666666666666,8.8,7.7,9.5,8.666666666666666,,,,,10.0,5.0,5.0,6.666666666666667,ALFA  (2º e 3º ano),Fase 1 (3° e 4° ano),Fase 2 (5° e 6° ano)
RA-851,2014,11,Masculino,10-12 anos,2022,Veterano,Escola Pública | Pública,0.0,,1.0,Ametista,Agata,Agata,7.515,6.1683,6.2114602109,6.631586736966667,303.0,,,303.0,9.0,8.4,9.002,8.800666666666666,7.9,7.5,7.3221343875,7.574044795833333,7.5,2.52,5.63,5.216666666666666,8.3,6.6,6.0,6.966666666666666,7.9,6.8,5.0,6.566666666666666,8.7,6.3,7.0,7.333333333333333,,,,,10.0,5.0,5.0,6.666666666666667,ALFA  (2º e 3º ano),Fase 1 (3° e 4° ano),Fase 2 (5° e 6° ano)
RA-852,2015,10,Feminino,10-12 anos,2022,Veterano,Escola Pública,0.0,,,Quartzo,,,5.666,,,5.666,767.0,,,767.0,9.0,,,9.0,6.8,,,6.8,5.0,,,5.0,2.1,,,2.1,2.5,,,2.5,1.8,,,1.8,,,,,10.0,,,10.0,ALFA  (2º e 3º ano),,
RA-853,2014,11,Feminino,10-12 anos,2022,Veterano,Escola Pública | Pública,0.0,,1.0,Topázio,Ametista,Ametista,8.616,7.8402,7.986866666600001,8.147688888866666,28.0,,,28.0,10.0,10.0,8.502,9.500666666666667,9.6,9.5,9.5833333335,9.561111111166667,7.5,3.77,6.26,5.843333333333334,8.5,7.4,6.25,7.383333333333333,8.8,7.2,6.5,7.5,8.2,7.5,6.0,7.233333333333333,,,,,10.0,5.0,10.0,8.333333333333334,ALFA  (2º e 3º ano),Fase 1 (3° e 4° ano),Fase 1 (3° e 4° ano)
RA-854,2014,11,Feminino,10-12 anos,2022,Veterano,Escola Pública | Pública,0.0,,1.0,Topázio,Agata,Ametista,8.098,6.6415,7.826199999900001,7.521899999966667,116.0,,,116.0,8.0,0.0,9.502,5.8340000000000005,9.0,9.5,10.0,9.5,7.5,3.77,6.26,5.843333333333334,9.3,6.0,7.0,7.433333333333334,9.5,7.5,7.0,8.0,9.0,4.5,7.0,6.833333333333333,,,,,10.0,10.0,10.0,10.0,ALFA  (2º e 3º ano),ALFA (1° e 2° ano),Fase 1 (3° e 4° ano)
RA-855,2013,12,Feminino,10-12 anos,2022,Veterano,Escola Pública | Pública,0.0,1.0,2.0,Topázio,Topázio,Topázio,8.453,8.62995,8.578533333400001,8.5538277778,41.0,,,41.0,10.0,9.5,9.002,9.500666666666667,9.6,10.0,10.0,9.866666666666667,7.5,7.52,7.51,7.510000000000001,9.7,6.8,8.5,8.333333333333334,9.7,5.2,9.0,7.966666666666666,9.6,8.3,8.0,8.633333333333333,,,,,5.0,10.0,10.0,8.333333333333334,Fase 1 (4º ano),Fase 1 (3° e 4° ano),Fase 2 (5° e 6° ano)
RA-856,2015,10,Masculino,10-12 anos,2022,Veterano,Escola Pública | Pública,0.0,,,Topázio,Ametista,,8.398,7.3355,,7.3355,48.0,,,48.0,10.0,0.0,,0.0,9.1,9.6,,9.6,7.5,7.52,,7.52,8.4,7.3,,7.3,8.5,7.5,,7.5,8.2,7.0,,7.0,,,,,10.0,10.0,,10.0,ALFA  (2º e 3º ano),ALFA (1° e 2° ano),
RA-857,2013,12,Feminino,10-12 anos,2022,Veterano,Escola Pública | Pública,0.0,,,Topázio,Topázio,,8.154,8.1442,,8.1442,97.0,,,97.0,8.5,8.5,,8.5,8.9,9.0,,9.0,7.5,7.52,,7.52,9.5,8.5,,8.5,9.6,8.7,,8.7,9.3,8.2,,8.2,,,,,5.0,5.0,,5.0,Fase 1 (4º ano),Fase 1 (3° e 4° ano),
RA-858,2015,10,Masculino,10-12 anos,2022,Veterano,Escola Pública | Pública,0.0,,,Ametista,Ametista,Agata,7.523,7.248833333,6.917866666700001,7.2298999999,301.0,,,301.0,10.0,0.0,9.002,6.3340000000000005,7.1,8.1,6.833333333500001,7.3444444445,5.6,3.77,2.51,3.9599999999999995,7.7,9.3,8.25,8.416666666666666,8.4,9.3,10.0,9.233333333333334,6.9,9.2,6.5,7.533333333333334,,,,,10.0,10.0,5.0,8.333333333333334,ALFA  (2º e 3º ano),ALFA (1° e 2° ano),Fase 1 (3° e 4° ano)
RA-859,2015,10,Feminino,10-12 anos,2022,Veterano,Escola Pública | Pública,0.0,,1.0,Topázio,Topázio,Topázio,8.325,8.6042,8.5817909091,8.503663636366667,58.0,,,58.0,8.5,8.0,8.002,8.167333333333334,8.7,9.2,9.337121212,9.079040403999999,7.5,7.52,7.51,7.510000000000001,8.9,7.3,8.0,8.066666666666666,9.4,6.8,8.0,8.066666666666666,8.4,7.8,8.0,8.066666666666666,,,,,10.0,10.0,10.0,10.0,ALFA  (2º e 3º ano),ALFA (1° e 2° ano),Fase 1 (3° e 4° ano)
RA-860,2015,10,Masculino,10-12 anos,2022,Veterano,Escola Pública | Pública,0.0,,1.0,Topázio,Topázio,Topázio,8.136,8.2372,8.7738666667,8.382355555566667,104.0,,,104.0,9.5,7.0,9.002,8.500666666666667,8.5,9.8,9.7916666665,9.363888888833333,7.5,6.89,7.51,7.3,8.1,7.4,8.5,8.0,8.9,7.2,8.0,8.033333333333333,7.2,7.5,9.0,7.8999999999999995,,,,,10.0,10.0,10.0,10.0,ALFA  (2º e 3º ano),ALFA (1° e 2° ano),Fase 1 (3° e 4° ano)
RA-861,2015,10,Feminino,10-12 anos,2023,Ingressante 2023,Pública,,,,,Topázio,Topázio,,9.31095,8.959700000000002,8.959700000000002,,,,,,9.5,9.502,9.502,,10.0,10.0,10.0,,8.13,7.51,7.51,,9.6,10.0,10.0,,9.8,10.0,10.0,,9.4,10.0,10.0,,,,,,10.0,5.0,5.0,,ALFA (1° e 2° ano),Fase 1 (3° e 4° ano)
RA-862,2014,11,Masculino,10-12 anos,2023,Ingressante 2023,Pública,,,,,Topázio,Ametista,,8.2212,7.346677272700001,7.346677272700001,,,,,,8.5,9.002,9.002,,9.1,8.6136363635,8.6136363635,,8.14,7.51,7.51,,8.9,7.5,7.5,,8.5,10.0,10.0,,9.2,5.0,5.0,,,,,,5.0,5.0,5.0,,Fase 1 (3° e 4° ano),Fase 2 (5° e 6° ano)
RA-863,2016,9,Masculino,6-9 anos,2023,Ingressante 2023,Pública,,,,,Quartzo,Quartzo,,5.92975,4.6684348484000004,4.6684348484000004,,,,,,0.0,8.502,8.502,,7.6,3.159090909,3.159090909,,3.14,2.51,2.51,,6.3,5.5,5.5,,7.0,10.0,10.0,,5.5,1.0,1.0,,,,,,10.0,5.0,5.0,,ALFA (1° e 2° ano),Fase 1 (3° e 4° ano)
RA-864,2015,10,Feminino,10-12 anos,2023,Ingressante,Pública,,,,,Ametista,,,7.034,,7.034,,,,,,0.0,,0.0,,7.6,,7.6,,8.14,,8.14,,6.3,,6.3,,7.0,,7.0,,5.5,,5.5,,,,,,10.0,,10.0,,ALFA (1° e 2° ano),
RA-865,2014,11,Masculino,10-12 anos,2023,Ingressante,Pública,,,,,Topázio,,,8.1552,,8.1552,,,,,,8.5,,8.5,,8.7,,8.7,,7.52,,7.52,,7.4,,7.4,,7.3,,7.3,,7.5,,7.5,,,,,,10.0,,10.0,,ALFA (1° e 2° ano),
RA-866,2016,9,Feminino,6-9 anos,2023,Ingressante,Pública,,,,,Ametista,,,7.679,,7.679,,,,,,0.0,,0.0,,8.3,,8.3,,8.76,,8.76,,8.6,,8.6,,8.2,,8.2,,8.9,,8.9,,,,,,10.0,,10.0,,ALFA (1° e 2° ano),
RA-867,2015,10,Masculino,10-12 anos,2023,Ingressante 2023,Pública,,,,,Topázio,Ametista,,8.6992,7.583018181800001,7.583018181800001,,,,,,9.0,9.002,9.002,,8.6,7.409090909,7.409090909,,8.76,7.51,7.51,,8.9,8.5,8.5,,8.7,10.0,10.0,,9.0,7.0,7.0,,,,,,10.0,5.0,5.0,,ALFA (1° e 2° ano),Fase 1 (3° e 4° ano)
RA-868,2015,10,Masculino,10-12 anos,2023,Ingressante 2023,Pública,,,,,Topázio,Ametista,,8.63895,7.156366666600001,7.156366666600001,,,,,,10.0,8.002,8.002,,9.5,9.75,9.75,,8.76,3.76,3.76,,7.1,7.0,7.0,,7.8,8.0,8.0,,6.3,6.0,6.0,,,,,,10.0,5.0,5.0,,ALFA (1° e 2° ano),Fase 1 (3° e 4° ano)
RA-869,2015,10,Feminino,10-12 anos,2023,Ingressante,Pública,,,,,Topázio,,,9.2587,,9.2587,,,,,,9.0,,9.0,,10.0,,10.0,,8.76,,8.76,,9.6,,9.6,,9.8,,9.8,,9.4,,9.4,,,,,,10.0,,10.0,,ALFA (1° e 2° ano),
RA-870,2014,11,Feminino,10-12 anos,2023,Ingressante,Pública,,,,,Quartzo,,,4.909,,4.909,,,,,,0.0,,0.0,,8.5,,8.5,,8.76,,8.76,,1.5,,1.5,,2.0,,2.0,,1.0,,1.0,,,,,,5.0,,5.0,,Fase 1 (3° e 4° ano),
RA-871,2014,11,Masculino,10-12 anos,2023,Ingressante 2023,Pública,,,1.0,,Agata,Ametista,,6.8617,7.2917293147999995,7.2917293147999995,,,,,,9.0,8.502,8.502,,9.5,9.328063240999999,9.328063240999999,,3.76,4.38,4.38,,6.9,7.25,7.25,,6.8,6.0,6.0,,7.0,8.5,8.5,,,,,,5.0,10.0,10.0,,Fase 1 (3° e 4° ano),Fase 1 (3° e 4° ano)
RA-872,2013,12,Feminino,10-12 anos,2023,Ingressante,Pública,,,,,Quartzo,,,5.267,,5.267,,,,,,0.0,,0.0,,6.7,,6.7,,2.52,,2.52,,4.3,,4.3,,5.5,,5.5,,3.0,,3.0,,,,,,5.0,,5.0,,Fase 2 (5° e 6° ano),
RA-873,2012,13,Feminino,13-15 anos,2023,Ingressante 2023,Pública,,,1.0,,Ametista,Ametista,,7.8012,7.61095,7.61095,,,,,,8.5,8.002,8.002,,9.7,10.0,10.0,,7.52,6.88,6.88,,7.0,6.75,6.75,,7.2,7.0,7.0,,6.8,6.5,6.5,,,,,,5.0,5.0,5.0,,Fase 2 (5° e 6° ano),Fase 3 (7° e 8° ano)
RA-874,2013,12,Masculino,10-12 anos,2023,Ingressante 2023,Pública,,,1.0,,Quartzo,Ametista,,5.811,7.0235939394,7.0235939394,,,,,,0.0,9.502,9.502,,8.2,4.696969697,4.696969697,,7.52,6.26,6.26,,4.8,7.75,7.75,,6.3,6.0,6.0,,3.3,9.5,9.5,,,,,,5.0,5.0,5.0,,Fase 1 (3° e 4° ano),Fase 2 (5° e 6° ano)
RA-875,2014,11,Masculino,10-12 anos,2023,Ingressante,Pública,,,,,Topázio,,,8.2712,,8.2712,,,,,,9.5,,9.5,,9.5,,9.5,,7.52,,7.52,,7.3,,7.3,,7.0,,7.0,,7.5,,7.5,,,,,,5.0,,5.0,,Fase 1 (3° e 4° ano),
RA-876,2015,10,Masculino,10-12 anos,2023,Ingressante 2023,Pública,,,1.0,,Topázio,Ametista,,8.6492,7.612057142800001,7.612057142800001,,,,,,10.0,8.502,8.502,,9.4,9.0476190475,9.0476190475,,7.52,7.51,7.51,,7.5,3.75,3.75,,7.3,7.5,7.5,,7.7,0.0,0.0,,,,,,10.0,10.0,10.0,,ALFA (1° e 2° ano),Fase 1 (3° e 4° ano)
RA-877,2014,11,Masculino,10-12 anos,2023,Ingressante,Pública,,,,,Ametista,,,7.4722,,7.4722,,,,,,9.5,,9.5,,9.5,,9.5,,7.52,,7.52,,6.9,,6.9,,7.5,,7.5,,6.2,,6.2,,,,,,5.0,,5.0,,Fase 1 (3° e 4° ano),
RA-878,2013,12,Masculino,10-12 anos,2023,Ingressante 2023,Pública,,,1.0,,Agata,Agata,,6.24,6.5335560606000005,6.5335560606000005,,,,,,0.0,9.002,9.002,,9.5,6.1363636360000005,6.1363636360000005,,2.52,4.38,4.38,,8.1,6.75,6.75,,8.0,6.0,6.0,,8.2,7.5,7.5,,,,,,5.0,5.0,5.0,,Fase 2 (5° e 6° ano),Fase 2 (5° e 6° ano)
RA-879,2014,11,Feminino,10-12 anos,2023,Ingressante 2023,Pública,,,1.0,,Agata,Topázio,,6.8225,8.1096318182,8.1096318182,,,,,,0.0,9.502,9.502,,9.8,9.090909091,9.090909091,,2.52,6.26,6.26,,8.2,8.5,8.5,,8.2,8.0,8.0,,8.2,9.0,9.0,,,,,,5.0,5.0,5.0,,Fase 1 (3° e 4° ano),Fase 2 (5° e 6° ano)
RA-880,2015,10,Feminino,10-12 anos,2023,Ingressante 2023,Pública,,,,,Agata,Agata,,6.724,6.853080434800001,6.853080434800001,,,,,,0.0,9.502,9.502,,9.4,8.445652174,8.445652174,,2.52,2.51,2.51,,6.3,6.5,6.5,,6.3,7.5,7.5,,6.2,5.5,5.5,,,,,,10.0,5.0,5.0,,ALFA (1° e 2° ano),Fase 1 (3° e 4° ano)
RA-881,2015,10,Masculino,10-12 anos,2023,Ingressante,Pública,,,,,Ametista,,,7.7322,,7.7322,,,,,,10.0,,10.0,,8.9,,8.9,,7.52,,7.52,,7.3,,7.3,,7.5,,7.5,,7.0,,7.0,,,,,,10.0,,10.0,,ALFA (1° e 2° ano),
RA-882,2015,10,Feminino,10-12 anos,2023,Ingressante,Pública,,,,,Agata,,,6.0092,,6.0092,,,,,,9.0,,9.0,,8.6,,8.6,,2.52,,2.52,,4.7,,4.7,,4.8,,4.8,,4.5,,4.5,,,,,,10.0,,10.0,,ALFA (1° e 2° ano),
RA-883,2015,10,Feminino,10-12 anos,2023,Ingressante,Pública,,,,,Topázio,,,8.5082,,8.5082,,,,,,9.5,,9.5,,9.7,,9.7,,6.89,,6.89,,8.4,,8.4,,8.0,,8.0,,8.7,,8.7,,,,,,10.0,,10.0,,ALFA (1° e 2° ano),
RA-884,2015,10,Feminino,10-12 anos,2023,Ingressante 2023,Pública,,,,,Topázio,Topázio,,8.4587,8.0345030302,8.0345030302,,,,,,9.0,10.002,10.002,,9.7,8.818181818,8.818181818,,4.39,6.26,6.26,,8.8,8.75,8.75,,8.4,10.0,10.0,,9.2,7.5,7.5,,,,,,10.0,5.0,5.0,,ALFA (1° e 2° ano),Fase 1 (3° e 4° ano)
RA-885,2015,10,Masculino,10-12 anos,2023,Ingressante 2023,Pública,,,,,Topázio,Topázio,,8.8252,8.2072,8.2072,,,,,,9.0,8.502,8.502,,9.8,10.0,10.0,,7.52,7.51,7.51,,8.7,8.5,8.5,,8.5,10.0,10.0,,8.8,7.0,7.0,,,,,,10.0,5.0,5.0,,ALFA (1° e 2° ano),Fase 1 (3° e 4° ano)
RA-886,2016,9,Feminino,6-9 anos,2023,Ingressante 2023,Pública,,,,,Topázio,Topázio,,8.6422,8.419200000000002,8.419200000000002,,,,,,8.5,9.502,9.502,,9.4,10.0,10.0,,7.52,8.13,8.13,,8.1,8.75,8.75,,7.6,9.0,9.0,,8.5,8.5,8.5,,,,,,10.0,5.0,5.0,,ALFA (1° e 2° ano),Fase 1 (3° e 4° ano)
RA-887,2015,10,Masculino,10-12 anos,2023,Ingressante,Pública,,,,,Topázio,,,8.6718,,8.6718,,,,,,8.9,,8.9,,8.9,,8.9,,7.52,,7.52,,8.4,,8.4,,7.8,,7.8,,9.0,,9.0,,,,,,10.0,,10.0,,ALFA (1° e 2° ano),
RA-888,2016,9,Masculino,6-9 anos,2023,Ingressante 2023,Pública,,,,,Topázio,Topázio,,8.9182,8.1942,8.1942,,,,,,9.0,9.002,9.002,,10.0,10.0,10.0,,7.52,6.88,6.88,,8.8,8.5,8.5,,8.2,9.0,9.0,,9.3,8.0,8.0,,,,,,10.0,5.0,5.0,,ALFA (1° e 2° ano),Fase 1 (3° e 4° ano)
RA-889,2015,10,Masculino,10-12 anos,2023,Ingressante 2023,Pública,,,,,Topázio,Topázio,,8.8092,8.191290909100001,8.191290909100001,,,,,,8.5,8.502,8.502,,9.5,9.2954545455,9.2954545455,,6.89,6.26,6.26,,9.1,9.75,9.75,,8.7,10.0,10.0,,9.5,9.5,9.5,,,,,,10.0,5.0,5.0,,ALFA (1° e 2° ano),Fase 1 (3° e 4° ano)
RA-890,2015,10,Masculino,10-12 anos,2023,Ingressante,Pública,,,,,Agata,,,6.989,,6.989,,,,,,0.0,,0.0,,9.1,,9.1,,2.52,,2.52,,8.3,,8.3,,8.0,,8.0,,8.6,,8.6,,,,,,10.0,,10.0,,ALFA (1° e 2° ano),
RA-891,2014,11,Feminino,10-12 anos,2023,Ingressante 2023,Pública,,,,,Ametista,Topázio,,7.8882,8.035957575700001,8.035957575700001,,,,,,9.5,10.002,10.002,,9.5,9.0454545455,9.0454545455,,6.89,6.26,6.26,,7.5,8.75,8.75,,6.2,10.0,10.0,,8.8,7.5,7.5,,,,,,5.0,5.0,5.0,,Fase 1 (3° e 4° ano),Fase 1 (3° e 4° ano)
RA-892,2015,10,Masculino,10-12 anos,2023,Ingressante 2023,Pública,,,1.0,,Topázio,Topázio,,8.8112,8.697700000000001,8.697700000000001,,,,,,8.0,8.002,8.002,,9.6,10.0,10.0,,6.89,7.51,7.51,,8.3,8.75,8.75,,8.5,10.0,10.0,,8.0,7.5,7.5,,,,,,10.0,10.0,10.0,,ALFA (1° e 2° ano),Fase 1 (3° e 4° ano)
RA-893,2014,11,Masculino,10-12 anos,2023,Ingressante 2023,Pública,,,1.0,,Topázio,Topázio,,8.8042,8.8910333334,8.8910333334,,,,,,9.5,9.002,9.002,,10.0,10.0,10.0,,7.52,7.51,7.51,,9.3,9.25,9.25,,9.5,10.0,10.0,,9.0,8.5,8.5,,,,,,5.0,10.0,10.0,,Fase 1 (3° e 4° ano),Fase 1 (3° e 4° ano)
RA-894,2014,11,Feminino,10-12 anos,2023,Ingressante 2023,Pública,,,1.0,,Topázio,Topázio,,8.8142,8.67895,8.67895,,,,,,9.5,10.002,10.002,,9.9,10.0,10.0,,7.52,7.51,7.51,,9.4,9.5,9.5,,9.3,9.0,9.0,,9.5,10.0,10.0,,,,,,5.0,5.0,5.0,,Fase 1 (3° e 4° ano),Fase 2 (5° e 6° ano)
RA-895,2015,10,Feminino,10-12 anos,2023,Ingressante 2023,Pública,,,,,Topázio,Topázio,,8.5397,8.2579575757,8.2579575757,,,,,,9.5,9.502,9.502,,9.5,9.5454545455,9.5454545455,,7.52,6.26,6.26,,6.8,9.5,9.5,,6.8,10.0,10.0,,6.7,9.0,9.0,,,,,,10.0,5.0,5.0,,ALFA (1° e 2° ano),Fase 1 (3° e 4° ano)
RA-896,2015,10,Masculino,10-12 anos,2023,Ingressante 2023,Pública,,,1.0,,Topázio,Topázio,,9.0912,8.2852454545,8.2852454545,,,,,,9.5,8.502,8.502,,10.0,9.7727272725,9.7727272725,,6.89,7.51,7.51,,8.5,6.5,6.5,,9.0,6.5,6.5,,8.0,6.5,6.5,,,,,,10.0,10.0,10.0,,ALFA (1° e 2° ano),Fase 1 (3° e 4° ano)
RA-897,2014,11,Masculino,10-12 anos,2023,Ingressante 2023,Pública,,,,,Quartzo,Quartzo,,5.48225,5.2212050505,5.2212050505,,,,,,0.0,7.002,7.002,,8.1,2.7525252525,2.7525252525,,7.52,2.51,2.51,,6.5,6.0,6.0,,7.2,5.5,5.5,,5.7,6.5,6.5,,,,,,5.0,5.0,5.0,,Fase 1 (3° e 4° ano),Fase 1 (3° e 4° ano)
RA-898,2014,11,Masculino,10-12 anos,2023,Ingressante 2023,Pública,,,1.0,,Topázio,Ametista,,8.4217,7.8661333334000005,7.8661333334000005,,,,,,9.0,6.418,6.418,,9.8,10.0,10.0,,3.77,7.51,7.51,,9.4,7.5,7.5,,9.7,9.0,9.0,,9.0,6.0,6.0,,,,,,5.0,5.0,5.0,,Fase 1 (3° e 4° ano),Fase 2 (5° e 6° ano)
RA-899,2015,10,Masculino,10-12 anos,2023,Ingressante 2023,Pública,,,1.0,,Topázio,Topázio,,8.8452,8.425024769300002,8.425024769300002,,,,,,10.0,10.002,10.002,,9.8,9.1007905135,9.1007905135,,3.77,5.635,5.635,,9.5,8.25,8.25,,9.3,8.0,8.0,,9.6,8.5,8.5,,,,,,10.0,10.0,10.0,,ALFA (1° e 2° ano),Fase 1 (3° e 4° ano)
RA-900,2015,10,Feminino,10-12 anos,2023,Ingressante 2023,Pública,,,1.0,,Topázio,Topázio,,8.8947,8.802003030200002,8.802003030200002,,,,,,9.0,9.002,9.002,,9.8,9.318181818,9.318181818,,9.38,8.13,8.13,,7.8,8.5,8.5,,8.0,8.0,8.0,,7.5,9.0,9.0,,,,,,10.0,10.0,10.0,,ALFA (1° e 2° ano),Fase 1 (3° e 4° ano)
RA-901,2012,13,Masculino,13-15 anos,2023,Ingressante,Pública,,,,,Ametista,,,7.3112,,7.3112,,,,,,8.5,,8.5,,8.7,,8.7,,3.77,,3.77,,7.5,,7.5,,7.7,,7.7,,7.3,,7.3,,,,,,5.0,,5.0,,Fase 2 (5° e 6° ano),
RA-902,2011,14,Masculino,13-15 anos,2023,Ingressante,Pública,,,,,Quartzo,,,5.97345,,5.97345,,,,,,10.0,,10.0,,9.3,,9.3,,2.52,,2.52,,3.9,,3.9,,4.5,,4.5,,3.3,,3.3,,,,,,2.5,,2.5,,Fase 3 (7° e 8° ano),
RA-903,2015,10,Feminino,10-12 anos,2023,Ingressante 2023,Pública,,,1.0,,Topázio,Topázio,,8.5242,8.0758287879,8.0758287879,,,,,,10.0,10.002,10.002,,9.6,9.7727272725,9.7727272725,,5.02,7.505,7.505,,7.8,5.0,5.0,,7.7,6.0,6.0,,7.8,4.0,4.0,,,,,,10.0,10.0,10.0,,ALFA (1° e 2° ano),Fase 1 (3° e 4° ano)
RA-904,2016,9,Feminino,6-9 anos,2023,Ingressante 2023,Pública,,,,,Topázio,Ametista,,8.140783333,7.6352,7.6352,,,,,,9.0,9.502,9.502,,9.3,8.75,8.75,,7.52,7.51,7.51,,6.4,6.0,6.0,,6.0,6.0,6.0,,6.8,6.0,6.0,,,,,,10.0,5.0,5.0,,ALFA (1° e 2° ano),Fase 1 (3° e 4° ano)
RA-905,2013,12,Masculino,10-12 anos,2023,Ingressante 2023,Pública,,,,,Ametista,Agata,,7.831033333,6.3925823529,6.3925823529,,,,,,9.5,9.002,9.002,,9.4,7.7794117645,7.7794117645,,7.52,7.51,7.51,,8.3,3.0,3.0,,7.5,2.0,2.0,,9.0,4.0,4.0,,,,,,5.0,5.0,5.0,,Fase 1 (3° e 4° ano),Fase 2 (5° e 6° ano)
RA-906,2015,10,Masculino,10-12 anos,2023,Ingressante,Pública,,,,,Topázio,,,8.1922,,8.1922,,,,,,7.5,,7.5,,9.2,,9.2,,7.52,,7.52,,8.6,,8.6,,7.7,,7.7,,9.4,,9.4,,,,,,10.0,,10.0,,ALFA (1° e 2° ano),
RA-907,2015,10,Feminino,10-12 anos,2023,Ingressante 2023,Privada,,,,,Topázio,Ametista,,8.962033333,7.9400888889,7.9400888889,,,,,,9.5,9.002,9.002,,9.6,8.9444444445,8.9444444445,,7.52,7.51,7.51,,9.3,8.75,8.75,,9.2,10.0,10.0,,9.4,7.5,7.5,,,,,,10.0,5.0,5.0,,ALFA (1° e 2° ano),Fase 1 (3° e 4° ano)
RA-908,2015,10,Feminino,10-12 anos,2023,Ingressante 2023,Pública,,,,,Topázio,Agata,,8.479366667,6.764292246,6.764292246,,,,,,9.0,8.502,8.502,,9.0,8.14171123,8.14171123,,7.52,7.51,7.51,,7.9,4.75,4.75,,6.7,3.0,3.0,,9.0,6.5,6.5,,,,,,10.0,5.0,5.0,,ALFA (1° e 2° ano),Fase 1 (3° e 4° ano)
RA-909,2013,12,Feminino,10-12 anos,2023,Ingressante 2023,Pública,,,,,Topázio,Ametista,,8.486033333,7.722033333300001,7.722033333300001,,,,,,10.0,10.002,10.002,,9.9,8.1666666665,8.1666666665,,7.52,7.51,7.51,,9.2,8.25,8.25,,9.1,10.0,10.0,,9.2,6.5,6.5,,,,,,5.0,5.0,5.0,,Fase 2 (5° e 6° ano),Fase 2 (5° e 6° ano)
RA-910,2015,10,Masculino,10-12 anos,2023,Ingressante 2023,Pública,,,1.0,,Ametista,Topázio,,7.801,8.1163818182,8.1163818182,,,,,,0.0,8.502,8.502,,8.8,8.674242424500001,8.674242424500001,,7.52,7.51,7.51,,8.9,7.5,7.5,,8.8,9.0,9.0,,9.0,6.0,6.0,,,,,,10.0,10.0,10.0,,ALFA (1° e 2° ano),Fase 1 (3° e 4° ano)
RA-911,2012,13,Masculino,13-15 anos,2023,Ingressante 2023,Pública,,,1.0,,Quartzo,Quartzo,,5.59545,5.4552454547,5.4552454547,,,,,,9.0,8.002,8.002,,6.7,4.772727273,4.772727273,,2.52,7.51,7.51,,3.4,4.5,4.5,,3.7,5.0,5.0,,3.0,4.0,4.0,,,,,,5.0,5.0,5.0,,Fase 2 (5° e 6° ano),Fase 3 (7° e 8° ano)
RA-912,2014,11,Feminino,10-12 anos,2023,Ingressante 2023,Pública,,,,,Ametista,Ametista,,7.0797,7.697103508700001,7.697103508700001,,,,,,7.0,9.002,9.002,,9.4,9.4736842105,9.4736842105,,7.52,7.51,7.51,,6.3,7.25,7.25,,6.2,7.0,7.0,,6.3,7.5,7.5,,,,,,5.0,5.0,5.0,,Fase 1 (3° e 4° ano),Fase 2 (5° e 6° ano)
RA-913,2013,12,Feminino,10-12 anos,2023,Ingressante,Pública,,,,,Ametista,,,7.7432,,7.7432,,,,,,8.0,,8.0,,8.5,,8.5,,6.89,,6.89,,7.9,,7.9,,9.5,,9.5,,6.3,,6.3,,,,,,5.0,,5.0,,Fase 2 (5° e 6° ano),
RA-914,2015,10,Feminino,10-12 anos,2023,Ingressante,Pública,,,,,Topázio,,,8.6912,,8.6912,,,,,,10.0,,10.0,,9.2,,9.2,,7.52,,7.52,,8.7,,8.7,,9.0,,9.0,,8.4,,8.4,,,,,,10.0,,10.0,,ALFA (1° e 2° ano),
RA-915,2015,10,Feminino,10-12 anos,2023,Ingressante,Pública,,,,,Topázio,,,8.5962,,8.5962,,,,,,10.0,,10.0,,8.4,,8.4,,7.52,,7.52,,8.4,,8.4,,8.1,,8.1,,8.7,,8.7,,,,,,10.0,,10.0,,ALFA (1° e 2° ano),
RA-916,2014,11,Feminino,10-12 anos,2023,Ingressante 2023,Pública,,,,,Ametista,Quartzo,,7.3882,5.5058531621,5.5058531621,,,,,,9.5,8.502,8.502,,9.7,7.3320158105,7.3320158105,,2.52,2.51,2.51,,6.6,2.75,2.75,,7.7,3.5,3.5,,5.5,2.0,2.0,,,,,,5.0,5.0,5.0,,Fase 1 (3° e 4° ano),Fase 2 (5° e 6° ano)
RA-917,2015,10,Feminino,10-12 anos,2023,Ingressante,Pública,,,,,Quartzo,,,5.987,,5.987,,,,,,0.0,,0.0,,7.2,,7.2,,2.52,,2.52,,7.0,,7.0,,5.3,,5.3,,8.7,,8.7,,,,,,10.0,,10.0,,ALFA (1° e 2° ano),
RA-918,2016,9,Feminino,6-9 anos,2023,Ingressante 2023,Pública,,,,,Ametista,Quartzo,,7.4967,5.657357017600001,5.657357017600001,,,,,,10.0,7.918,7.918,,8.7,8.697368421,8.697368421,,2.52,2.51,2.51,,7.7,2.75,2.75,,7.1,1.0,1.0,,8.3,4.5,4.5,,,,,,10.0,5.0,5.0,,ALFA (1° e 2° ano),Fase 1 (3° e 4° ano)
RA-919,2014,11,Masculino,10-12 anos,2023,Ingressante 2023,Pública,,,,,Agata,Quartzo,,6.225,5.799702673800001,5.799702673800001,,,,,,0.0,7.002,7.002,,8.4,4.692513369,4.692513369,,7.52,6.255,6.255,,5.3,5.25,5.25,,5.5,6.5,6.5,,5.0,4.0,4.0,,,,,,5.0,5.0,5.0,,Fase 1 (3° e 4° ano),Fase 2 (5° e 6° ano)
RA-920,2015,10,Feminino,10-12 anos,2023,Ingressante 2023,Pública,,,,,Agata,Ametista,,6.9647,7.7494938597,7.7494938597,,,,,,9.0,9.502,9.502,,6.3,7.6710526315,7.6710526315,,7.52,7.51,7.51,,6.1,8.25,8.25,,6.0,9.0,9.0,,6.2,7.5,7.5,,,,,,10.0,5.0,5.0,,ALFA (1° e 2° ano),Fase 1 (3° e 4° ano)
RA-921,2016,9,Feminino,6-9 anos,2023,Ingressante 2023,Pública,,,,,Ametista,Ametista,,7.7407,7.2838203209,7.2838203209,,,,,,9.0,8.502,8.502,,9.7,8.6631016045,8.6631016045,,7.52,7.51,7.51,,6.3,6.0,6.0,,6.5,5.0,5.0,,6.0,7.0,7.0,,,,,,10.0,5.0,5.0,,ALFA (1° e 2° ano),Fase 1 (3° e 4° ano)
RA-922,2014,11,Feminino,10-12 anos,2023,Ingressante 2023,Pública,,,1.0,,Topázio,Topázio,,8.5262,8.5209954545,8.5209954545,,,,,,8.5,9.002,9.002,,9.7,9.5227272725,9.5227272725,,3.14,7.51,7.51,,8.4,7.75,7.75,,8.5,7.5,7.5,,8.2,8.0,8.0,,,,,,10.0,10.0,10.0,,ALFA (1° e 2° ano),Fase 1 (3° e 4° ano)
RA-923,2015,10,Feminino,10-12 anos,2023,Ingressante 2023,Pública,,,1.0,,Topázio,Ametista,,8.8842,7.688609090900001,7.688609090900001,,,,,,9.5,8.002,8.002,,9.9,7.9545454545,7.9545454545,,7.52,7.51,7.51,,7.3,5.5,5.5,,7.5,5.0,5.0,,7.0,6.0,6.0,,,,,,10.0,10.0,10.0,,ALFA (1° e 2° ano),Fase 1 (3° e 4° ano)
RA-924,2015,10,Masculino,10-12 anos,2023,Ingressante 2023,Pública,,,,,Agata,Agata,,6.5207,6.4727360962,6.4727360962,,,,,,9.0,7.002,7.002,,5.6,4.598930481,4.598930481,,7.52,7.51,7.51,,5.0,7.0,7.0,,5.0,7.5,7.5,,5.0,6.5,6.5,,,,,,10.0,5.0,5.0,,ALFA (1° e 2° ano),Fase 1 (3° e 4° ano)
RA-925,2015,10,Masculino,10-12 anos,2023,Ingressante 2023,Pública,,,,,Ametista,Agata,,7.1837,6.587019518800001,6.587019518800001,,,,,,9.0,8.002,8.002,,8.9,7.005347594,7.005347594,,7.52,7.51,7.51,,5.4,4.75,4.75,,5.2,3.0,3.0,,5.5,6.5,6.5,,,,,,10.0,5.0,5.0,,ALFA (1° e 2° ano),Fase 1 (3° e 4° ano)
RA-926,2014,11,Feminino,10-12 anos,2023,Ingressante 2023,Pública,,,1.0,,Ametista,Ametista,,7.7792,7.7830787878,7.7830787878,,,,,,9.0,9.002,9.002,,10.0,9.7727272725,9.7727272725,,3.77,7.51,7.51,,6.8,7.0,7.0,,6.5,7.0,7.0,,7.0,7.0,7.0,,,,,,5.0,5.0,5.0,,Fase 1 (3° e 4° ano),Fase 2 (5° e 6° ano)
RA-927,2014,11,Feminino,10-12 anos,2023,Ingressante 2023,Pública,,,1.0,,Ametista,Ametista,,7.5982,7.9921696969000005,7.9921696969000005,,,,,,9.0,8.002,8.002,,9.7,9.318181818,9.318181818,,3.77,7.51,7.51,,6.4,6.5,6.5,,7.0,7.0,7.0,,5.8,6.0,6.0,,,,,,5.0,10.0,10.0,,Fase 1 (3° e 4° ano),Fase 1 (3° e 4° ano)
RA-928,2015,10,Feminino,10-12 anos,2023,Ingressante 2023,Pública,,,1.0,,Topázio,Topázio,,9.3712,8.8733666667,8.8733666667,,,,,,8.5,8.002,8.002,,10.0,10.0,10.0,,7.52,7.51,7.51,,9.8,8.75,8.75,,9.8,8.5,8.5,,9.8,9.0,9.0,,,,,,10.0,10.0,10.0,,ALFA (1° e 2° ano),Fase 1 (3° e 4° ano)
RA-929,2015,10,Feminino,10-12 anos,2023,Ingressante 2023,Pública,,,,,Topázio,Ametista,,9.1312,7.7244368421,7.7244368421,,,,,,8.5,9.002,9.002,,9.8,9.4736842105,9.4736842105,,7.52,7.51,7.51,,8.8,6.75,6.75,,8.7,7.0,7.0,,8.9,6.5,6.5,,,,,,10.0,5.0,5.0,,ALFA (1° e 2° ano),Fase 1 (3° e 4° ano)
RA-930,2015,10,Masculino,10-12 anos,2023,Ingressante 2023,Pública,,,,,Topázio,Ametista,,8.8872,7.9298184211,7.9298184211,,,,,,9.0,8.502,8.502,,8.8,9.7368421055,9.7368421055,,7.52,7.51,7.51,,9.0,8.0,8.0,,8.7,8.0,8.0,,9.3,8.0,8.0,,,,,,10.0,5.0,5.0,,ALFA (1° e 2° ano),Fase 1 (3° e 4° ano)
RA-931,2015,10,Masculino,10-12 anos,2023,Ingressante 2023,Pública,,,,,Ametista,Ametista,,7.3747,7.075466666700001,7.075466666700001,,,,,,8.5,7.918,7.918,,8.2,8.5833333335,8.5833333335,,2.52,2.51,2.51,,7.8,8.5,8.5,,7.0,8.0,8.0,,8.5,9.0,9.0,,,,,,10.0,5.0,5.0,,ALFA (1° e 2° ano),Fase 1 (3° e 4° ano)
RA-932,2015,10,Feminino,10-12 anos,2023,Ingressante,Pública,,,,,Topázio,,,8.3847,,8.3847,,,,,,9.5,,9.5,,7.9,,7.9,,7.52,,7.52,,7.5,,7.5,,6.5,,6.5,,8.4,,8.4,,,,,,10.0,,10.0,,ALFA (1° e 2° ano),
RA-933,2015,10,Feminino,10-12 anos,2023,Ingressante,Pública,,,,,Topázio,,,8.6712,,8.6712,,,,,,9.0,,9.0,,8.4,,8.4,,7.52,,7.52,,7.7,,7.7,,8.0,,8.0,,7.3,,7.3,,,,,,10.0,,10.0,,ALFA (1° e 2° ano),
RA-934,2015,10,Feminino,10-12 anos,2023,Ingressante 2023,Pública,,,,,Topázio,Topázio,,9.1737,8.338700000000001,8.338700000000001,,,,,,9.0,9.502,9.502,,9.6,9.75,9.75,,7.52,7.51,7.51,,8.7,8.5,8.5,,8.3,10.0,10.0,,9.0,7.0,7.0,,,,,,10.0,5.0,5.0,,ALFA (1° e 2° ano),Fase 1 (3° e 4° ano)
RA-935,2014,11,Masculino,10-12 anos,2023,Ingressante 2023,Pública,,,,,Ametista,Topázio,,7.9535,8.3422,8.3422,,,,,,0.0,9.502,9.502,,9.8,10.0,10.0,,7.52,7.51,7.51,,9.4,8.5,8.5,,9.2,10.0,10.0,,9.5,7.0,7.0,,,,,,5.0,5.0,5.0,,Fase 1 (3° e 4° ano),Fase 1 (3° e 4° ano)
RA-936,2015,10,Feminino,10-12 anos,2023,Ingressante,Pública,,,,,Topázio,,,8.5477,,8.5477,,,,,,9.0,,9.0,,10.0,,10.0,,7.52,,7.52,,6.5,,6.5,,5.0,,5.0,,8.0,,8.0,,,,,,10.0,,10.0,,ALFA (1° e 2° ano),
RA-937,2015,10,Feminino,10-12 anos,2023,Ingressante 2023,Pública,,,,,Topázio,Topázio,,9.3237,8.3792,8.3792,,,,,,9.5,10.002,10.002,,9.6,10.0,10.0,,7.52,9.38,9.38,,9.2,7.5,7.5,,9.0,8.0,8.0,,9.3,7.0,7.0,,,,,,10.0,5.0,5.0,,ALFA (1° e 2° ano),Fase 1 (3° e 4° ano)
RA-938,2014,11,Masculino,10-12 anos,2023,Ingressante 2023,Pública,,,,,Agata,Topázio,,6.7372,8.0056026915,8.0056026915,,,,,,8.5,9.502,9.502,,8.4,9.544513457499999,9.544513457499999,,7.52,7.51,7.51,,4.2,7.75,7.75,,0.0,10.0,10.0,,8.3,5.5,5.5,,,,,,5.0,5.0,5.0,,Fase 1 (3° e 4° ano),Fase 1 (3° e 4° ano)
RA-939,2012,13,Feminino,13-15 anos,2023,Ingressante 2023,Pública,,,1.0,,Ametista,Ametista,,7.9742,7.051379841899999,7.051379841899999,,,,,,9.0,9.002,9.002,,10.0,8.8833992095,8.8833992095,,7.52,5.63,5.63,,5.4,5.0,5.0,,5.0,6.0,6.0,,5.7,4.0,4.0,,,,,,5.0,5.0,5.0,,Fase 2 (5° e 6° ano),Fase 2 (5° e 6° ano)
RA-940,2012,13,Masculino,13-15 anos,2023,Ingressante,Pública,,,,,Agata,,,6.6112,,6.6112,,,,,,9.0,,9.0,,8.4,,8.4,,2.52,,2.52,,6.3,,6.3,,6.8,,6.8,,5.7,,5.7,,,,,,5.0,,5.0,,Fase 2 (5° e 6° ano),
RA-941,2015,10,Feminino,10-12 anos,2023,Ingressante 2023,Pública,,,,,Ametista,Ametista,,7.6872,7.746700000000001,7.746700000000001,,,,,,8.0,8.002,8.002,,10.0,9.25,9.25,,7.52,5.01,5.01,,5.0,8.75,8.75,,5.0,10.0,10.0,,5.0,7.5,7.5,,,,,,10.0,5.0,5.0,,ALFA (1° e 2° ano),Fase 1 (3° e 4° ano)
RA-942,2013,12,Feminino,10-12 anos,2023,Ingressante,Pública,,,,,Agata,,,6.8547,,6.8547,,,,,,9.5,,9.5,,8.9,,8.9,,2.52,,2.52,,7.1,,7.1,,7.3,,7.3,,6.8,,6.8,,,,,,5.0,,5.0,,Fase 2 (5° e 6° ano),
RA-943,2015,10,Feminino,10-12 anos,2023,Ingressante 2023,Pública,,,1.0,,Topázio,Topázio,,8.9172,8.965033333300001,8.965033333300001,,,,,,9.5,10.002,10.002,,9.4,10.0,10.0,,7.52,7.51,7.51,,8.0,8.0,8.0,,8.0,7.0,7.0,,8.0,9.0,9.0,,,,,,10.0,10.0,10.0,,ALFA (1° e 2° ano),Fase 1 (3° e 4° ano)
RA-944,2014,11,Feminino,10-12 anos,2023,Ingressante 2023,Pública,,,,,Ametista,Ametista,,7.0687,7.8262,7.8262,,,,,,9.0,9.002,9.002,,7.6,7.25,7.25,,7.52,7.51,7.51,,7.5,9.0,9.0,,9.2,10.0,10.0,,5.8,8.0,8.0,,,,,,5.0,5.0,5.0,,Fase 1 (3° e 4° ano),Fase 2 (5° e 6° ano)
RA-945,2015,10,Masculino,10-12 anos,2023,Ingressante 2023,Pública,,,,,Topázio,Ametista,,8.0777,7.4195809524000005,7.4195809524000005,,,,,,8.5,9.002,9.002,,9.2,9.511904762,9.511904762,,7.52,2.51,2.51,,7.9,8.75,8.75,,8.0,10.0,10.0,,7.8,7.5,7.5,,,,,,10.0,5.0,5.0,,ALFA (1° e 2° ano),Fase 1 (3° e 4° ano)
RA-946,2016,9,Masculino,6-9 anos,2023,Ingressante 2023,Pública,,,,,Topázio,Agata,,8.5822,6.677723809500001,6.677723809500001,,,,,,9.5,9.502,9.502,,9.4,8.7976190475,8.7976190475,,7.52,2.51,2.51,,9.3,4.5,4.5,,9.0,3.0,3.0,,9.5,6.0,6.0,,,,,,10.0,5.0,5.0,,ALFA (1° e 2° ano),Fase 1 (3° e 4° ano)
RA-947,2015,10,Masculino,10-12 anos,2023,Ingressante 2023,Pública,,,,,Agata,Agata,,6.3457,6.053509523800001,6.053509523800001,,,,,,9.0,9.002,9.002,,7.9,7.619047619,7.619047619,,7.52,7.51,7.51,,3.3,4.5,4.5,,1.7,4.0,4.0,,4.9,5.0,5.0,,,,,,10.0,5.0,5.0,,ALFA (1° e 2° ano),Fase 1 (3° e 4° ano)
RA-948,2015,10,Feminino,10-12 anos,2023,Ingressante,Pública,,,,,Agata,,,6.5277,,6.5277,,,,,,9.0,,9.0,,7.6,,7.6,,7.52,,7.52,,0.0,,0.0,,0.0,,0.0,,0.0,,0.0,,,,,,10.0,,10.0,,ALFA (1° e 2° ano),
RA-949,2015,10,Feminino,10-12 anos,2023,Ingressante 2023,Pública,,,,,Topázio,Ametista,,8.0172,7.1323428571,7.1323428571,,,,,,9.5,9.002,9.002,,8.1,8.7857142855,8.7857142855,,7.52,7.51,7.51,,8.9,6.5,6.5,,9.1,6.0,6.0,,8.6,7.0,7.0,,,,,,10.0,5.0,5.0,,ALFA (1° e 2° ano),Fase 1 (3° e 4° ano)
RA-950,2014,11,Feminino,10-12 anos,2023,Ingressante 2023,Pública,,,,,Topázio,Ametista,,8.8862,7.693461904800001,7.693461904800001,,,,,,9.0,9.502,9.502,,10.0,9.023809524,9.023809524,,7.52,7.51,7.51,,9.3,7.0,7.0,,9.5,7.5,7.5,,9.0,6.5,6.5,,,,,,10.0,5.0,5.0,,ALFA (1° e 2° ano),Fase 1 (3° e 4° ano)
RA-951,2016,9,Feminino,6-9 anos,2023,Ingressante 2023,Pública | Privada,,,,,Topázio,Agata,,8.8902,6.4483428571,6.4483428571,,,,,,9.5,10.002,10.002,,9.7,9.0357142855,9.0357142855,,7.52,2.51,2.51,,8.4,4.0,4.0,,8.5,5.0,5.0,,8.3,3.0,3.0,,,,,,10.0,5.0,5.0,,ALFA (1° e 2° ano),Fase 1 (3° e 4° ano)
RA-952,2015,10,Masculino,10-12 anos,2023,Ingressante 2023,Pública,,,1.0,,Topázio,Topázio,,8.37095,8.853624242300002,8.853624242300002,,,,,,9.5,9.502,9.502,,9.2,9.545454545,9.545454545,,3.77,6.26,6.26,,9.0,8.5,8.5,,8.8,8.0,8.0,,9.2,9.0,9.0,,,,,,10.0,10.0,10.0,,ALFA (1° e 2° ano),Fase 1 (3° e 4° ano)
RA-953,2015,10,Feminino,10-12 anos,2023,Ingressante 2023,Pública,,,1.0,,Ametista,Ametista,,7.54005,7.961241502000001,7.961241502000001,,,,,,7.4,9.002,9.002,,8.8,6.85770751,6.85770751,,3.14,6.26,6.26,,8.3,8.5,8.5,,8.5,8.0,8.0,,8.0,9.0,9.0,,,,,,10.0,10.0,10.0,,ALFA (1° e 2° ano),Fase 1 (3° e 4° ano)
RA-954,2015,10,Feminino,10-12 anos,2023,Ingressante 2023,Pública,,,1.0,,Agata,Topázio,,6.82375,8.2823798419,8.2823798419,,,,,,0.0,9.502,9.502,,8.3,8.8833992095,8.8833992095,,3.14,6.26,6.26,,7.7,7.75,7.75,,7.8,6.5,6.5,,7.5,9.0,9.0,,,,,,10.0,10.0,10.0,,ALFA (1° e 2° ano),Fase 1 (3° e 4° ano)
RA-955,2013,12,Feminino,10-12 anos,2023,Ingressante 2023,Pública,,,1.0,,Ametista,Agata,,7.1297,6.245452381,6.245452381,,,,,,9.0,0.0,0.0,,8.8,6.904761905,6.904761905,,3.14,7.51,7.51,,7.8,5.75,5.75,,8.0,6.5,6.5,,7.5,5.0,5.0,,,,,,5.0,5.0,5.0,,Fase 2 (5° e 6° ano),Fase 2 (5° e 6° ano)
RA-956,2012,13,Masculino,13-15 anos,2023,Ingressante 2023,Pública,,,1.0,,Ametista,Agata,,7.7312,6.1175906455,6.1175906455,,,,,,8.0,9.502,9.502,,7.5,6.017786561,6.017786561,,7.52,6.885,6.885,,7.8,3.25,3.25,,7.8,6.5,6.5,,7.8,0.0,0.0,,,,,,5.0,5.0,5.0,,Fase 2 (5° e 6° ano),Fase 2 (5° e 6° ano)
RA-957,2014,11,Feminino,10-12 anos,2023,Ingressante,Pública,,,,,Topázio,,,9.1672,,9.1672,,,,,,10.0,,10.0,,9.3,,9.3,,7.52,,7.52,,9.1,,9.1,,9.0,,9.0,,9.2,,9.2,,,,,,10.0,,10.0,,ALFA (1° e 2° ano),
RA-958,2015,10,Feminino,10-12 anos,2023,Ingressante 2023,Pública,,,1.0,,Topázio,Topázio,,9.2902,9.531325,9.531325,,,,,,10.0,10.002,10.002,,9.8,10.0,10.0,,7.52,6.26,6.26,,9.3,10.0,10.0,,9.3,10.0,10.0,,9.3,10.0,10.0,,,,,,10.0,10.0,10.0,,ALFA (1° e 2° ano),Fase 1 (3° e 4° ano)
RA-959,2015,10,Masculino,10-12 anos,2023,Ingressante 2023,Pública,,,,,Topázio,Topázio,,8.6677,8.379818421100001,8.379818421100001,,,,,,10.0,10.002,10.002,,9.6,9.7368421055,9.7368421055,,7.52,7.51,7.51,,7.7,9.5,9.5,,7.7,10.0,10.0,,7.7,9.0,9.0,,,,,,10.0,5.0,5.0,,ALFA (1° e 2° ano),Fase 1 (3° e 4° ano)
RA-960,2013,12,Masculino,10-12 anos,2023,Ingressante 2023,Pública,,,1.0,,Ametista,Quartzo,,7.0847,5.286047619,5.286047619,,,,,,8.5,0.0,0.0,,10.0,8.095238095,8.095238095,,7.52,7.51,7.51,,6.3,3.0,3.0,,6.5,6.0,6.0,,6.0,0.0,0.0,,,,,,5.0,5.0,5.0,,Fase 2 (5° e 6° ano),Fase 2 (5° e 6° ano)
RA-961,2014,11,Masculino,10-12 anos,2023,Ingressante 2023,Pública,,,1.0,,Quartzo,Agata,,5.99625,6.529417908900001,6.529417908900001,,,,,,0.0,9.002,9.002,,8.7,8.8923395445,8.8923395445,,2.52,6.26,6.26,,6.2,5.5,5.5,,6.2,6.0,6.0,,6.2,5.0,5.0,,,,,,5.0,5.0,5.0,,Fase 1 (3° e 4° ano),Fase 2 (5° e 6° ano)
RA-962,2014,11,Feminino,10-12 anos,2023,Ingressante,Pública,,,,,Topázio,,,8.4742,,8.4742,,,,,,9.0,,9.0,,9.2,,9.2,,7.52,,7.52,,8.7,,8.7,,9.5,,9.5,,7.8,,7.8,,,,,,5.0,,5.0,,Fase 1 (3° e 4° ano),
RA-963,2014,11,Feminino,10-12 anos,2023,Ingressante 2023,Pública,,,1.0,,Topázio,Topázio,,8.6142,8.375080952400001,8.375080952400001,,,,,,9.5,7.502,7.502,,9.8,9.761904762,9.761904762,,7.52,7.51,7.51,,8.5,7.5,7.5,,8.3,5.0,5.0,,8.7,10.0,10.0,,,,,,5.0,10.0,10.0,,Fase 1 (3° e 4° ano),Fase 1 (3° e 4° ano)
RA-964,2014,11,Masculino,10-12 anos,2023,Ingressante 2023,Pública,,,1.0,,Ametista,Ametista,,7.7997,7.548241666600001,7.548241666600001,,,,,,8.5,9.502,9.502,,9.4,8.333333332999999,8.333333332999999,,7.52,7.51,7.51,,7.2,7.25,7.25,,7.3,7.5,7.5,,7.0,7.0,7.0,,,,,,5.0,5.0,5.0,,Fase 1 (3° e 4° ano),Fase 2 (5° e 6° ano)
RA-965,2014,11,Feminino,10-12 anos,2023,Ingressante 2023,Pública,,,,,Agata,Agata,,6.4832,6.1376545455,6.1376545455,,,,,,8.5,9.002,9.002,,8.2,6.4772727275,6.4772727275,,6.27,7.51,7.51,,4.7,2.25,2.25,,5.3,2.0,2.0,,4.0,2.5,2.5,,,,,,5.0,5.0,5.0,,Fase 1 (3° e 4° ano),Fase 2 (5° e 6° ano)
RA-966,2014,11,Masculino,10-12 anos,2023,Ingressante 2023,Pública,,,,,Ametista,Ametista,,7.44345,7.9943363636,7.9943363636,,,,,,10.0,9.502,9.502,,10.0,8.568181818,8.568181818,,7.52,7.51,7.51,,5.0,9.0,9.0,,5.0,9.5,9.5,,5.0,8.5,8.5,,,,,,5.0,5.0,5.0,,Fase 1 (3° e 4° ano),Fase 2 (5° e 6° ano)
RA-967,2013,12,Masculino,10-12 anos,2023,Ingressante 2023,Pública,,,1.0,,Ametista,Quartzo,,7.1347,5.442610714300001,5.442610714300001,,,,,,9.5,9.502,9.502,,8.0,3.5714285715,3.5714285715,,7.52,7.51,7.51,,6.5,4.75,4.75,,6.5,3.5,3.5,,6.5,6.0,6.0,,,,,,5.0,5.0,5.0,,Fase 2 (5° e 6° ano),Fase 2 (5° e 6° ano)
RA-968,2014,11,Feminino,10-12 anos,2023,Ingressante 2023,Pública,,,1.0,,Topázio,Ametista,,8.4942,7.8403547619000005,7.8403547619000005,,,,,,9.0,9.002,9.002,,9.7,8.8095238095,8.8095238095,,7.52,7.51,7.51,,8.3,7.75,7.75,,8.0,8.5,8.5,,8.5,7.0,7.0,,,,,,5.0,5.0,5.0,,Fase 1 (3° e 4° ano),Fase 2 (5° e 6° ano)
RA-969,2015,10,Masculino,10-12 anos,2023,Ingressante 2023,Pública,,,,,Ametista,Ametista,,7.7692,7.453427272700001,7.453427272700001,,,,,,8.5,9.002,9.002,,9.7,7.8636363634999995,7.8636363634999995,,7.52,7.51,7.51,,5.5,7.25,7.25,,6.0,9.0,9.0,,5.0,5.5,5.5,,,,,,10.0,5.0,5.0,,ALFA (1° e 2° ano),Fase 1 (3° e 4° ano)
RA-970,2015,10,Feminino,10-12 anos,2023,Ingressante,Pública,,,,,Topázio,,,8.9977,,8.9977,,,,,,8.5,,8.5,,8.1,,8.1,,7.52,,7.52,,9.4,,9.4,,9.2,,9.2,,9.5,,9.5,,,,,,10.0,,10.0,,ALFA (1° e 2° ano),
RA-971,2015,10,Masculino,10-12 anos,2023,Ingressante 2023,Pública,,,,,Ametista,Agata,,7.0169,6.8916181818,6.8916181818,,,,,,7.8,7.418,7.418,,6.4,7.909090909,7.909090909,,3.77,7.51,7.51,,6.9,6.75,6.75,,5.5,8.5,8.5,,8.3,5.0,5.0,,,,,,10.0,5.0,5.0,,ALFA (1° e 2° ano),Fase 1 (3° e 4° ano)
RA-972,2015,10,Masculino,10-12 anos,2023,Ingressante 2023,Pública,,,,,Ametista,Ametista,,7.5427,7.537472727300001,7.537472727300001,,,,,,9.0,9.502,9.502,,9.1,8.3863636365,8.3863636365,,3.77,7.51,7.51,,6.0,6.75,6.75,,6.2,8.0,8.0,,5.7,5.5,5.5,,,,,,10.0,5.0,5.0,,ALFA (1° e 2° ano),Fase 1 (3° e 4° ano)
RA-973,2014,11,Masculino,10-12 anos,2023,Ingressante 2023,Pública,,,,,Quartzo,Agata,,5.82875,6.9318363636,6.9318363636,,,,,,0.0,10.002,10.002,,8.6,9.318181818,9.318181818,,3.77,7.51,7.51,,5.2,3.75,3.75,,6.2,6.5,6.5,,4.1,1.0,1.0,,,,,,5.0,5.0,5.0,,Fase 1 (3° e 4° ano),Fase 2 (5° e 6° ano)
RA-974,2015,10,Masculino,10-12 anos,2023,Ingressante 2023,Pública,,,,,Topázio,Ametista,,8.4752,7.6077217391,7.6077217391,,,,,,9.0,9.502,9.502,,9.1,9.282608695499999,9.282608695499999,,3.77,7.51,7.51,,8.8,6.5,6.5,,8.8,6.0,6.0,,8.8,7.0,7.0,,,,,,10.0,5.0,5.0,,ALFA (1° e 2° ano),Fase 1 (3° e 4° ano)
RA-975,2015,10,Feminino,10-12 anos,2023,Ingressante 2023,Pública,,,,,Ametista,Ametista,,7.7803,7.1463666667000005,7.1463666667000005,,,,,,7.9,8.502,8.502,,9.2,7.708333333500001,7.708333333500001,,7.52,5.01,5.01,,6.5,8.0,8.0,,7.2,8.0,8.0,,5.8,8.0,8.0,,,,,,10.0,5.0,5.0,,ALFA (1° e 2° ano),Fase 1 (3° e 4° ano)
RA-976,2015,10,Masculino,10-12 anos,2023,Ingressante,Pública,,,,,Topázio,,,8.39895,,8.39895,,,,,,9.5,,9.5,,9.2,,9.2,,6.27,,6.27,,8.6,,8.6,,9.0,,9.0,,8.2,,8.2,,,,,,10.0,,10.0,,ALFA (1° e 2° ano),
RA-977,2015,10,Feminino,10-12 anos,2023,Ingressante 2023,Pública,,,,,Ametista,Ametista,,7.1717,7.188033333300001,7.188033333300001,,,,,,8.5,10.002,10.002,,7.4,7.291666666499999,7.291666666499999,,5.02,6.26,6.26,,5.8,7.0,7.0,,5.7,5.0,5.0,,5.9,9.0,9.0,,,,,,10.0,5.0,5.0,,ALFA (1° e 2° ano),Fase 1 (3° e 4° ano)
RA-978,2015,10,Feminino,10-12 anos,2023,Ingressante 2023,Pública,,,,,Topázio,Ametista,,8.3877,7.4637,7.4637,,,,,,9.0,9.502,9.502,,9.8,9.5,9.5,,3.77,6.26,6.26,,8.6,6.5,6.5,,8.7,6.0,6.0,,8.5,7.0,7.0,,,,,,10.0,5.0,5.0,,ALFA (1° e 2° ano),Fase 1 (3° e 4° ano)
RA-979,2015,10,Masculino,10-12 anos,2023,Ingressante 2023,Pública,,,,,Topázio,Topázio,,8.1617,8.0352454545,8.0352454545,,,,,,9.5,9.502,9.502,,9.6,9.5227272725,9.5227272725,,6.27,7.51,7.51,,6.0,8.25,8.25,,6.0,9.5,9.5,,6.0,7.0,7.0,,,,,,10.0,5.0,5.0,,ALFA (1° e 2° ano),Fase 1 (3° e 4° ano)
RA-980,2015,10,Feminino,10-12 anos,2023,Ingressante 2023,Pública,,,1.0,,Ametista,Ametista,,7.1425,7.946388311600001,7.946388311600001,,,,,,0.0,9.002,9.002,,9.8,9.058441558,9.058441558,,5.02,7.51,7.51,,6.3,6.25,6.25,,6.5,6.5,6.5,,6.0,6.0,6.0,,,,,,10.0,10.0,10.0,,ALFA (1° e 2° ano),Fase 1 (3° e 4° ano)
RA-981,2016,9,Feminino,6-9 anos,2023,Ingressante 2023,Pública,,,,,Ametista,Agata,,7.5367,6.6513739130000005,6.6513739130000005,,,,,,9.5,9.002,9.002,,9.1,7.010869565,7.010869565,,2.52,6.26,6.26,,5.8,6.0,6.0,,5.7,6.0,6.0,,5.8,6.0,6.0,,,,,,10.0,5.0,5.0,,ALFA (1° e 2° ano),Fase 1 (3° e 4° ano)
RA-982,2015,10,Masculino,10-12 anos,2023,Ingressante 2023,Pública,,,1.0,,Ametista,Topázio,,7.1215,8.119860173100001,8.119860173100001,,,,,,0.0,10.002,10.002,,9.1,8.365800865499999,8.365800865499999,,2.52,7.51,7.51,,8.6,8.25,8.25,,8.7,6.5,6.5,,8.5,10.0,10.0,,,,,,10.0,10.0,10.0,,ALFA (1° e 2° ano),Fase 1 (3° e 4° ano)
RA-983,2014,11,Masculino,10-12 anos,2023,Ingressante,Pública,,,,,Topázio,,,8.3502,,8.3502,,,,,,8.5,,8.5,,9.9,,9.9,,2.52,,2.52,,8.8,,8.8,,8.8,,8.8,,8.8,,8.8,,,,,,10.0,,10.0,,ALFA (1° e 2° ano),
RA-984,2014,11,Feminino,10-12 anos,2023,Ingressante 2023,Pública,,,1.0,,Topázio,Topázio,,8.8177,8.475080952400003,8.475080952400003,,,,,,8.0,9.502,9.502,,9.8,9.761904762,9.761904762,,7.52,7.51,7.51,,8.3,7.0,7.0,,8.3,7.5,7.5,,8.2,6.5,6.5,,,,,,10.0,10.0,10.0,,ALFA (1° e 2° ano),Fase 1 (3° e 4° ano)
RA-985,2015,10,Masculino,10-12 anos,2023,Ingressante 2023,Pública,,,1.0,,Ametista,Topázio,,7.6247,8.2432,8.2432,,,,,,9.0,8.502,8.502,,9.3,10.0,10.0,,2.52,6.26,6.26,,6.8,7.5,7.5,,7.3,8.0,8.0,,6.2,7.0,7.0,,,,,,10.0,10.0,10.0,,ALFA (1° e 2° ano),Fase 1 (3° e 4° ano)
RA-986,2015,10,Feminino,10-12 anos,2023,Ingressante 2023,Pública,,,1.0,,Topázio,Topázio,,8.0107,8.2603406926,8.2603406926,,,,,,9.5,10.002,10.002,,9.1,9.2965367965,9.2965367965,,2.52,6.26,6.26,,8.3,8.5,8.5,,8.3,7.5,7.5,,8.3,9.5,9.5,,,,,,10.0,10.0,10.0,,ALFA (1° e 2° ano),Fase 1 (3° e 4° ano)
RA-987,2015,10,Masculino,10-12 anos,2023,Ingressante 2023,Pública,,,1.0,,Ametista,Topázio,,7.6765,8.3028861472,8.3028861472,,,,,,0.0,9.002,9.002,,9.8,9.0692640695,9.0692640695,,6.27,7.51,7.51,,7.3,7.5,7.5,,7.5,8.0,8.0,,7.0,7.0,7.0,,,,,,10.0,10.0,10.0,,ALFA (1° e 2° ano),Fase 1 (3° e 4° ano)
RA-988,2014,11,Feminino,10-12 anos,2023,Ingressante 2023,Pública,,,1.0,,Ametista,Topázio,,7.9568,8.1765333333,8.1765333333,,,,,,7.9,9.502,9.502,,8.1,10.0,10.0,,7.52,7.51,7.51,,8.5,7.75,7.75,,8.5,6.5,6.5,,8.5,9.0,9.0,,,,,,5.0,5.0,5.0,,Fase 1 (3° e 4° ano),Fase 2 (5° e 6° ano)
RA-989,2014,11,Masculino,10-12 anos,2023,Ingressante 2023,Pública,,,1.0,,Ametista,Ametista,,7.7242,7.3743785714,7.3743785714,,,,,,9.5,9.502,9.502,,8.1,7.8571428569999995,7.8571428569999995,,2.52,6.26,6.26,,8.3,6.0,6.0,,8.7,6.0,6.0,,7.8,6.0,6.0,,,,,,5.0,10.0,10.0,,Fase 1 (3° e 4° ano),Fase 1 (3° e 4° ano)
RA-990,2014,11,Masculino,10-12 anos,2023,Ingressante 2023,Pública,,,1.0,,Ametista,Ametista,,7.254,7.812283333400001,7.812283333400001,,,,,,0.0,9.502,9.502,,8.5,7.5,7.5,,7.52,7.51,7.51,,7.8,8.0,8.0,,8.3,9.5,9.5,,7.2,6.5,6.5,,,,,,5.0,5.0,5.0,,Fase 1 (3° e 4° ano),Fase 2 (5° e 6° ano)
RA-991,2014,11,Feminino,10-12 anos,2023,Ingressante 2023,Pública,,,1.0,,Ametista,Ametista,,7.7687,7.057230303000001,7.057230303000001,,,,,,10.0,9.002,9.002,,9.1,8.181818182,8.181818182,,3.14,6.26,6.26,,7.7,6.5,6.5,,8.0,7.0,7.0,,7.3,6.0,6.0,,,,,,5.0,5.0,5.0,,Fase 1 (3° e 4° ano),Fase 2 (5° e 6° ano)
RA-992,2012,13,Masculino,13-15 anos,2023,Ingressante,Pública,,,,,Ametista,,,7.2722,,7.2722,,,,,,9.5,,9.5,,8.2,,8.2,,3.14,,3.14,,8.0,,8.0,,8.2,,8.2,,7.8,,7.8,,,,,,5.0,,5.0,,Fase 2 (5° e 6° ano),
RA-993,2015,10,Feminino,10-12 anos,2023,Ingressante,Pública,,,,,Topázio,,,8.7592,,8.7592,,,,,,9.5,,9.5,,9.8,,9.8,,3.77,,3.77,,8.6,,8.6,,8.5,,8.5,,8.7,,8.7,,,,,,10.0,,10.0,,ALFA (1° e 2° ano),
RA-994,2014,11,Feminino,10-12 anos,2023,Ingressante 2023,Pública,,,,,Ametista,Ametista,,7.4127,7.7982217391,7.7982217391,,,,,,9.5,9.002,9.002,,9.4,9.532608695499999,9.532608695499999,,3.77,6.88,6.88,,6.0,8.25,8.25,,6.2,10.0,10.0,,5.7,6.5,6.5,,,,,,10.0,5.0,5.0,,ALFA (1° e 2° ano),Fase 1 (3° e 4° ano)
RA-995,2012,13,Feminino,13-15 anos,2023,Ingressante 2023,Pública,,,1.0,,Agata,Quartzo,,6.4782,5.110372077899999,5.110372077899999,,,,,,9.5,10.002,10.002,,7.9,5.3896103895,5.3896103895,,3.77,5.635,5.635,,5.1,2.0,2.0,,5.3,0.0,0.0,,4.8,4.0,4.0,,,,,,5.0,5.0,5.0,,Fase 2 (5° e 6° ano),Fase 3 (7° e 8° ano)
RA-996,2014,11,Masculino,10-12 anos,2023,Ingressante,Pública,,,,,Topázio,,,8.1892,,8.1892,,,,,,10.0,,10.0,,9.2,,9.2,,3.77,,3.77,,8.6,,8.6,,8.7,,8.7,,8.5,,8.5,,,,,,5.0,,5.0,,Fase 1 (3° e 4° ano),
RA-997,2015,10,Masculino,10-12 anos,2023,Ingressante,Pública,,,,,Ametista,,,7.5687,,7.5687,,,,,,7.5,,7.5,,8.7,,8.7,,3.77,,3.77,,7.1,,7.1,,7.2,,7.2,,7.0,,7.0,,,,,,10.0,,10.0,,ALFA (1° e 2° ano),
RA-998,2012,13,Feminino,13-15 anos,2023,Ingressante,Pública,,,,,Ametista,,,7.9752,,7.9752,,,,,,9.5,,9.5,,9.3,,9.3,,3.77,,3.77,,7.9,,7.9,,8.0,,8.0,,7.7,,7.7,,,,,,5.0,,5.0,,Fase 2 (5° e 6° ano),
RA-999,2014,11,Masculino,10-12 anos,2023,Ingressante,Pública,,,,,Topázio,,,8.0352,,8.0352,,,,,,9.0,,9.0,,9.4,,9.4,,3.77,,3.77,,8.3,,8.3,,8.3,,8.3,,8.3,,8.3,,,,,,5.0,,5.0,,Fase 1 (3° e 4° ano),
RA-1000,2015,10,Feminino,10-12 anos,2023,Ingressante 2023,Pública,,,1.0,,Ametista,Topázio,,7.9162,8.364790909100002,8.364790909100002,,,,,,8.5,9.002,9.002,,9.4,9.5454545455,9.5454545455,,3.77,6.26,6.26,,7.0,7.75,7.75,,7.0,7.5,7.5,,7.0,8.0,8.0,,,,,,10.0,10.0,10.0,,ALFA (1° e 2° ano),Fase 1 (3° e 4° ano)
RA-1001,2014,11,Feminino,10-12 anos,2023,Ingressante 2023,Pública,,,1.0,,Topázio,Ametista,,8.1162,7.7964318841,7.7964318841,,,,,,9.0,7.502,7.502,,9.1,9.347826087,9.347826087,,7.52,7.51,7.51,,7.8,7.75,7.75,,8.3,6.5,6.5,,7.3,9.0,9.0,,,,,,5.0,5.0,5.0,,Fase 1 (3° e 4° ano),Fase 2 (5° e 6° ano)
RA-1002,2014,11,Feminino,10-12 anos,2023,Ingressante 2023,Pública,,,,,Ametista,Ametista,,7.9012,7.967866666700001,7.967866666700001,,,,,,9.0,9.002,9.002,,9.7,7.833333333500001,7.833333333500001,,7.52,7.51,7.51,,7.0,9.25,9.25,,7.0,10.0,10.0,,7.0,8.5,8.5,,,,,,5.0,5.0,5.0,,Fase 1 (3° e 4° ano),Fase 1 (3° e 4° ano)
RA-1003,2015,10,Masculino,10-12 anos,2023,Ingressante 2023,Pública,,,,,Ametista,Ametista,,7.6522,7.627588888900001,7.627588888900001,,,,,,9.0,8.002,8.002,,8.5,8.6944444445,8.6944444445,,7.52,7.51,7.51,,4.0,8.25,8.25,,8.0,10.0,10.0,,0.0,6.5,6.5,,,,,,10.0,5.0,5.0,,ALFA (1° e 2° ano),Fase 1 (3° e 4° ano)
RA-1004,2014,11,Feminino,10-12 anos,2023,Ingressante 2023,Pública,,,,,Topázio,Ametista,,8.3137,7.801200000000001,7.801200000000001,,,,,,9.0,9.502,9.502,,9.6,9.25,9.25,,7.52,7.51,7.51,,7.9,7.5,7.5,,6.5,7.5,7.5,,9.2,7.5,7.5,,,,,,10.0,5.0,5.0,,ALFA (1° e 2° ano),Fase 1 (3° e 4° ano)
RA-1005,2015,10,Masculino,10-12 anos,2023,Ingressante,Pública,,,,,Topázio,,,8.4252,,8.4252,,,,,,9.5,,9.5,,7.9,,7.9,,7.52,,7.52,,8.8,,8.8,,8.4,,8.4,,9.2,,9.2,,,,,,10.0,,10.0,,ALFA (1° e 2° ano),
RA-1006,2015,10,Feminino,10-12 anos,2023,Ingressante 2023,Pública,,,,,Topázio,Ametista,,8.5922,7.040088888900001,7.040088888900001,,,,,,9.0,8.502,8.502,,9.3,8.4444444445,8.4444444445,,7.52,7.51,7.51,,8.7,5.0,5.0,,8.7,5.0,5.0,,8.6,5.0,5.0,,,,,,10.0,5.0,5.0,,ALFA (1° e 2° ano),Fase 1 (3° e 4° ano)
RA-1007,2015,10,Masculino,10-12 anos,2023,Ingressante,Pública,,,,,Topázio,,,8.0782,,8.0782,,,,,,9.0,,9.0,,7.4,,7.4,,7.52,,7.52,,8.3,,8.3,,8.1,,8.1,,8.5,,8.5,,,,,,10.0,,10.0,,ALFA (1° e 2° ano),
RA-1008,2015,10,Masculino,10-12 anos,2023,Ingressante 2023,Pública,,,,,Topázio,Agata,,8.13595,6.8667414438000005,6.8667414438000005,,,,,,9.0,7.002,7.002,,8.6,6.483957219,6.483957219,,7.52,7.51,7.51,,8.4,7.0,7.0,,7.5,6.5,6.5,,9.2,7.5,7.5,,,,,,10.0,5.0,5.0,,ALFA (1° e 2° ano),Fase 1 (3° e 4° ano)
RA-1009,2015,10,Masculino,10-12 anos,2023,Ingressante 2023,Pública,,,,,Ametista,Agata,,7.245,6.395389393900001,6.395389393900001,,,,,,0.0,8.002,8.002,,9.0,6.8863636365000005,6.8863636365000005,,3.77,2.51,2.51,,8.8,7.5,7.5,,8.3,10.0,10.0,,9.2,5.0,5.0,,,,,,10.0,5.0,5.0,,ALFA (1° e 2° ano),Fase 1 (3° e 4° ano)
RA-1010,2015,10,Masculino,10-12 anos,2023,Ingressante,Pública,,,,,Topázio,,,8.70645,,8.70645,,,,,,9.5,,9.5,,10.0,,10.0,,3.77,,3.77,,9.4,,9.4,,9.0,,9.0,,9.8,,9.8,,,,,,10.0,,10.0,,ALFA (1° e 2° ano),
RA-1011,2015,10,Masculino,10-12 anos,2023,Ingressante,Pública,,,,,Ametista,,,7.33095,,7.33095,,,,,,9.5,,9.5,,8.6,,8.6,,3.77,,3.77,,5.2,,5.2,,5.5,,5.5,,4.8,,4.8,,,,,,10.0,,10.0,,ALFA (1° e 2° ano),
RA-1012,2015,10,Feminino,10-12 anos,2023,Ingressante 2023,Pública,,,,,Ametista,Topázio,,7.96495,8.057128571400002,8.057128571400002,,,,,,10.0,9.502,9.502,,9.9,9.523809524,9.523809524,,3.77,2.51,2.51,,6.6,9.75,9.75,,7.0,10.0,10.0,,6.2,9.5,9.5,,,,,,10.0,5.0,5.0,,ALFA (1° e 2° ano),Fase 1 (3° e 4° ano)
RA-1013,2015,10,Masculino,10-12 anos,2023,Ingressante 2023,Pública,,,,,Ametista,Quartzo,,7.6237,5.7839559808,5.7839559808,,,,,,9.0,9.002,9.002,,9.6,5.6937799039999994,5.6937799039999994,,4.39,2.51,2.51,,8.3,7.75,7.75,,7.0,8.0,8.0,,9.5,7.5,7.5,,,,,,10.0,5.0,5.0,,ALFA (1° e 2° ano),Fase 1 (3° e 4° ano)
RA-1014,2016,9,Feminino,6-9 anos,2023,Ingressante 2023,Pública,,,,,Topázio,Agata,,8.2582,6.315972727300001,6.315972727300001,,,,,,9.0,8.502,8.502,,9.7,7.8863636365000005,7.8863636365000005,,3.77,2.51,2.51,,8.2,5.25,5.25,,7.7,6.5,6.5,,8.7,4.0,4.0,,,,,,10.0,5.0,5.0,,ALFA (1° e 2° ano),Fase 1 (3° e 4° ano)
RA-1015,2013,12,Feminino,10-12 anos,2023,Ingressante 2023,Pública,,1.0,2.0,,Ametista,Agata,,7.538908333,6.643252381000002,6.643252381000002,,,,,,10.0,7.918,7.918,,9.3,7.8214285715,7.8214285715,,6.27,7.51,7.51,,6.3,4.0,4.0,,5.0,2.0,2.0,,7.6,6.0,6.0,,,,,,5.0,10.0,10.0,,Fase 2 (5° e 6° ano),Fase 2 (5° e 6° ano)
RA-1016,2013,12,Feminino,10-12 anos,2023,Ingressante,Pública,,1.0,,,Ametista,,,7.762575,,7.762575,,,,,,10.0,,10.0,,9.5,,9.5,,7.52,,7.52,,6.7,,6.7,,5.8,,5.8,,7.5,,7.5,,,,,,5.0,,5.0,,Fase 2 (5° e 6° ano),
RA-1017,2012,13,Masculino,13-15 anos,2023,Ingressante 2023,Pública,,1.0,2.0,,Agata,Ametista,,6.505333333,7.345521428500001,7.345521428500001,,,,,,0.0,9.502,9.502,,8.0,7.8095238095,7.8095238095,,5.02,6.26,6.26,,7.7,5.0,5.0,,7.0,2.5,2.5,,8.3,7.5,7.5,,,,,,5.0,10.0,10.0,,Fase 2 (5° e 6° ano),Fase 2 (5° e 6° ano)
RA-1018,2013,12,Masculino,10-12 anos,2023,Ingressante 2023,Pública,,1.0,1.0,,Agata,Ametista,,6.824,7.7054045454,7.7054045454,,,,,,0.0,8.502,8.502,,8.5,7.727272727,7.727272727,,5.02,6.26,6.26,,6.3,8.25,8.25,,5.8,8.5,8.5,,6.8,8.0,8.0,,,,,,10.0,5.0,5.0,,Fase 1 (3° e 4° ano),Fase 2 (5° e 6° ano)
RA-1019,2015,10,Feminino,10-12 anos,2023,Ingressante 2023,Pública,,1.0,1.0,,Ametista,Topázio,,7.177033333,8.692255194900001,8.692255194900001,,,,,,7.5,9.502,9.502,,9.1,9.3073593075,9.3073593075,,5.02,6.26,6.26,,4.3,8.75,8.75,,0.5,9.5,9.5,,8.0,8.0,8.0,,,,,,10.0,10.0,10.0,,ALFA (1° e 2° ano),Fase 1 (3° e 4° ano)
RA-1020,2014,11,Feminino,10-12 anos,2023,Ingressante 2023,Pública,,1.0,1.0,,Ametista,Topázio,,7.612283333,8.9544954545,8.9544954545,,,,,,10.0,9.002,9.002,,9.1,9.7727272725,9.7727272725,,2.52,6.88,6.88,,6.1,9.0,9.0,,4.3,10.0,10.0,,7.8,8.0,8.0,,,,,,10.0,10.0,10.0,,Fase 1 (3° e 4° ano),Fase 1 (3° e 4° ano)
RA-1021,2014,11,Masculino,10-12 anos,2023,Ingressante 2023,Pública,,1.0,1.0,,Agata,Topázio,,6.964616667,8.0985863636,8.0985863636,,,,,,8.0,9.502,9.502,,9.2,9.318181818,9.318181818,,3.77,7.51,7.51,,3.3,8.0,8.0,,2.5,9.0,9.0,,4.0,7.0,7.0,,,,,,10.0,5.0,5.0,,Fase 1 (3° e 4° ano),Fase 2 (5° e 6° ano)
RA-1022,2014,11,Masculino,10-12 anos,2023,Ingressante 2023,Pública,,1.0,1.0,,Ametista,Ametista,,7.164616667,7.613169697000002,7.613169697000002,,,,,,8.5,9.502,9.502,,8.5,9.318181818,9.318181818,,3.77,6.26,6.26,,4.7,6.5,6.5,,4.7,5.5,5.5,,4.7,7.5,7.5,,,,,,10.0,5.0,5.0,,Fase 1 (3° e 4° ano),Fase 2 (5° e 6° ano)
RA-1023,2014,11,Feminino,10-12 anos,2023,Ingressante 2023,Pública,,1.0,2.0,,Topázio,Topázio,,9.1342,9.498580952300001,9.498580952300001,,,,,,10.0,9.502,9.502,,10.0,9.511904762,9.511904762,,6.27,9.375,9.375,,9.1,9.5,9.5,,8.5,9.0,9.0,,9.7,10.0,10.0,,,,,,10.0,10.0,10.0,,Fase 1 (3° e 4° ano),Fase 2 (5° e 6° ano)
RA-1024,2013,12,Feminino,10-12 anos,2023,Ingressante 2023,Pública,,1.0,1.0,,Ametista,Topázio,,7.788875,8.6516166666,8.6516166666,,,,,,0.0,8.002,8.002,,10.0,10.0,10.0,,6.27,7.51,7.51,,9.8,10.0,10.0,,10.0,10.0,10.0,,9.5,10.0,10.0,,,,,,5.0,5.0,5.0,,Fase 2 (5° e 6° ano),Fase 2 (5° e 6° ano)
RA-1025,2013,12,Masculino,10-12 anos,2023,Ingressante 2023,Pública,,1.0,1.0,,Topázio,Ametista,,8.215158333,7.897071212,7.897071212,,,,,,8.5,9.002,9.002,,8.9,7.727272727,7.727272727,,7.52,7.51,7.51,,7.5,9.0,9.0,,7.5,10.0,10.0,,7.5,8.0,8.0,,,,,,10.0,5.0,5.0,,Fase 1 (3° e 4° ano),Fase 2 (5° e 6° ano)
RA-1026,2009,16,Feminino,16-17 anos,2023,Ingressante,Pública,,1.0,,,Agata,,,6.494825,,6.494825,,,,,,8.5,,8.5,,9.8,,9.8,,7.52,,7.52,,3.2,,3.2,,2.3,,2.3,,4.0,,4.0,,,,,,2.5,,2.5,,Fase 4 (9° ano),
RA-1027,2013,12,Feminino,10-12 anos,2023,Ingressante 2023,Pública,,1.0,2.0,,Ametista,Topázio,,7.748866667,8.220866666700001,8.220866666700001,,,,,,9.5,9.502,9.502,,9.7,10.0,10.0,,7.52,7.51,7.51,,6.0,5.25,5.25,,4.2,6.0,6.0,,7.7,4.5,4.5,,,,,,5.0,10.0,10.0,,Fase 2 (5° e 6° ano),Fase 2 (5° e 6° ano)
RA-1028,2012,13,Masculino,13-15 anos,2023,Ingressante 2023,Pública,,1.0,1.0,,Agata,Ametista,,6.415708333,7.1404338602,7.1404338602,,,,,,0.0,8.002,8.002,,9.2,7.055335968,7.055335968,,7.52,5.63,5.63,,5.0,7.5,7.5,,5.0,6.0,6.0,,5.0,9.0,9.0,,,,,,5.0,5.0,5.0,,Fase 2 (5° e 6° ano),Fase 3 (7° e 8° ano)
RA-1029,2014,11,Feminino,10-12 anos,2023,Ingressante 2023,Pública,,1.0,1.0,,Ametista,Ametista,,7.058533333,7.797790909100001,7.797790909100001,,,,,,10.0,9.002,9.002,,6.3,8.7954545455,8.7954545455,,3.77,6.885,6.885,,5.4,8.75,8.75,,3.5,8.0,8.0,,7.2,9.5,9.5,,,,,,10.0,5.0,5.0,,Fase 1 (3° e 4° ano),Fase 2 (5° e 6° ano)
RA-1030,2012,13,Masculino,13-15 anos,2023,Ingressante 2023,Pública,,1.0,2.0,,Ametista,Ametista,,7.4027,7.7401916040000005,7.7401916040000005,,,,,,8.5,7.418,7.418,,9.7,8.28320802,8.28320802,,3.77,4.385,4.385,,6.9,8.0,8.0,,6.2,10.0,10.0,,7.5,6.0,6.0,,,,,,5.0,10.0,10.0,,Fase 2 (5° e 6° ano),Fase 2 (5° e 6° ano)
RA-1031,2013,12,Masculino,10-12 anos,2023,Ingressante 2023,Pública,,1.0,1.0,,Ametista,Agata,,7.0602,6.8757227273,6.8757227273,,,,,,8.0,9.502,9.502,,8.8,8.6363636365,8.6363636365,,7.52,7.51,7.51,,5.9,6.25,6.25,,4.8,5.5,5.5,,7.0,7.0,7.0,,,,,,5.0,5.0,5.0,,Fase 2 (5° e 6° ano),Fase 2 (5° e 6° ano)
RA-1032,2013,12,Masculino,10-12 anos,2023,Ingressante 2023,Pública,,1.0,1.0,,Ametista,Topázio,,7.434033333,8.01645,8.01645,,,,,,8.5,8.502,8.502,,9.5,9.75,9.75,,7.52,7.51,7.51,,6.0,8.0,8.0,,5.7,9.0,9.0,,6.2,7.0,7.0,,,,,,5.0,5.0,5.0,,Fase 2 (5° e 6° ano),Fase 2 (5° e 6° ano)
RA-1033,2012,13,Feminino,13-15 anos,2023,Ingressante,Pública,,1.0,,,Topázio,,,8.126033333,,8.126033333,,,,,,9.0,,9.0,,8.9,,8.9,,7.52,,7.52,,7.9,,7.9,,7.0,,7.0,,8.8,,8.8,,,,,,5.0,,5.0,,Fase 2 (5° e 6° ano),
RA-1034,2013,12,Masculino,10-12 anos,2023,Ingressante 2023,Pública,,1.0,2.0,,Ametista,Topázio,,7.9642,8.0333666666,8.0333666666,,,,,,7.5,7.502,7.502,,9.0,8.0833333335,8.0833333335,,7.52,7.51,7.51,,8.3,7.5,7.5,,7.8,7.5,7.5,,8.7,7.5,7.5,,,,,,5.0,10.0,10.0,,Fase 2 (5° e 6° ano),Fase 2 (5° e 6° ano)
RA-1035,2014,11,Masculino,10-12 anos,2023,Ingressante 2023,Pública,,1.0,1.0,,Agata,Ametista,,6.888833333,7.833495454500001,7.833495454500001,,,,,,0.0,9.502,9.502,,8.3,9.0227272725,9.0227272725,,7.52,7.51,7.51,,5.8,7.0,7.0,,4.0,6.5,6.5,,7.5,7.5,7.5,,,,,,10.0,5.0,5.0,,Fase 1 (3° e 4° ano),Fase 2 (5° e 6° ano)
RA-1036,2012,13,Feminino,13-15 anos,2023,Ingressante 2023,Pública,,1.0,2.0,,Agata,Topázio,,6.970583333,8.2841303831,8.2841303831,,,,,,0.0,10.002,10.002,,9.6,9.0890269155,9.0890269155,,3.77,7.51,7.51,,8.0,7.0,7.0,,9.0,7.0,7.0,,7.0,7.0,7.0,,,,,,5.0,10.0,10.0,,Fase 2 (5° e 6° ano),Fase 2 (5° e 6° ano)
RA-1037,2012,13,Masculino,13-15 anos,2023,Ingressante,Pública,,1.0,,,Ametista,,,7.655575,,7.655575,,,,,,9.0,,9.0,,8.4,,8.4,,7.52,,7.52,,6.7,,6.7,,5.0,,5.0,,8.3,,8.3,,,,,,5.0,,5.0,,Fase 2 (5° e 6° ano),
RA-1038,2013,12,Feminino,10-12 anos,2023,Ingressante 2023,Privada | Pública,,1.0,2.0,,Ametista,Ametista,,7.736825,7.9646385965,7.9646385965,,,,,,8.0,8.002,8.002,,9.3,7.5438596495,7.5438596495,,7.52,7.51,7.51,,6.5,8.5,8.5,,7.5,10.0,10.0,,5.5,7.0,7.0,,,,,,5.0,10.0,10.0,,Fase 2 (5° e 6° ano),Fase 2 (5° e 6° ano)
RA-1039,2011,14,Masculino,13-15 anos,2023,Ingressante 2023,Pública,,1.0,2.0,,Ametista,Ametista,,7.686033333,7.549644444400001,7.549644444400001,,,,,,8.0,8.002,8.002,,9.9,9.722222222,9.722222222,,7.52,7.51,7.51,,6.2,7.25,7.25,,6.0,8.0,8.0,,6.3,6.5,6.5,,,,,,5.0,5.0,5.0,,Fase 3 (7° e 8° ano),Fase 3 (7° e 8° ano)
RA-1040,2011,14,Masculino,13-15 anos,2023,Ingressante 2023,Pública,,1.0,2.0,,Ametista,Ametista,,7.81545,7.764199999900001,7.764199999900001,,,,,,10.0,9.502,9.502,,9.3,8.5416666665,8.5416666665,,7.52,7.51,7.51,,6.6,8.25,8.25,,5.8,8.0,8.0,,7.3,8.5,8.5,,,,,,5.0,5.0,5.0,,Fase 2 (5° e 6° ano),Fase 3 (7° e 8° ano)
RA-1041,2013,12,Feminino,10-12 anos,2023,Ingressante,Pública,,1.0,,,Agata,,,6.724116667,,6.724116667,,,,,,10.0,,10.0,,7.2,,7.2,,7.52,,7.52,,3.3,,3.3,,1.8,,1.8,,4.7,,4.7,,,,,,5.0,,5.0,,Fase 2 (5° e 6° ano),
RA-1042,2013,12,Masculino,10-12 anos,2023,Ingressante,Pública,,1.0,,,Quartzo,,,5.331166667,,5.331166667,,,,,,0.0,,0.0,,6.5,,6.5,,3.77,,3.77,,4.3,,4.3,,4.0,,4.0,,4.5,,4.5,,,,,,5.0,,5.0,,Fase 2 (5° e 6° ano),
RA-1043,2013,12,Masculino,10-12 anos,2023,Ingressante 2023,Pública,,1.0,1.0,,Agata,Ametista,,6.5447,7.539847562500002,7.539847562500002,,,,,,10.0,10.002,10.002,,7.9,7.994071146,7.994071146,,6.27,7.51,7.51,,2.5,8.25,8.25,,2.0,8.5,8.5,,3.0,8.0,8.0,,,,,,5.0,5.0,5.0,,Fase 2 (5° e 6° ano),Fase 2 (5° e 6° ano)
RA-1044,2013,12,Feminino,10-12 anos,2023,Ingressante 2023,Pública,,1.0,2.0,,Ametista,Ametista,,7.629533333,7.966711904800001,7.966711904800001,,,,,,8.0,7.502,7.502,,9.7,9.523809524,9.523809524,,7.52,7.51,7.51,,6.1,7.0,7.0,,4.5,7.0,7.0,,7.7,7.0,7.0,,,,,,5.0,10.0,10.0,,Fase 2 (5° e 6° ano),Fase 2 (5° e 6° ano)
RA-1045,2012,13,Feminino,13-15 anos,2023,Ingressante,Pública,,1.0,,,Topázio,,,8.089033333,,8.089033333,,,,,,9.5,,9.5,,9.4,,9.4,,7.52,,7.52,,7.9,,7.9,,6.8,,6.8,,9.0,,9.0,,,,,,5.0,,5.0,,Fase 2 (5° e 6° ano),
RA-1046,2014,11,Masculino,10-12 anos,2023,Ingressante,Pública,,1.0,,,Agata,,,6.835833333,,6.835833333,,,,,,0.0,,0.0,,8.5,,8.5,,3.77,,3.77,,6.3,,6.3,,6.3,,6.3,,6.3,,6.3,,,,,,10.0,,10.0,,Fase 1 (3° e 4° ano),
RA-1047,2014,11,Masculino,10-12 anos,2023,Ingressante,Pública,,1.0,,,Ametista,,,7.848366667,,7.848366667,,,,,,10.0,,10.0,,8.5,,8.5,,3.77,,3.77,,6.9,,6.9,,5.8,,5.8,,8.0,,8.0,,,,,,10.0,,10.0,,Fase 1 (3° e 4° ano),
RA-1048,2013,12,Feminino,10-12 anos,2023,Ingressante 2023,Privada,,1.0,2.0,,Ametista,Ametista,,7.811366667,7.5198666666000005,7.5198666666000005,,,,,,8.5,8.502,8.502,,9.5,6.833333333500001,6.833333333500001,,3.77,6.255,6.255,,8.2,6.25,6.25,,7.5,6.5,6.5,,8.8,6.0,6.0,,,,,,5.0,10.0,10.0,,Fase 2 (5° e 6° ano),Fase 1 (3° e 4° ano)
RA-1049,2013,12,Masculino,10-12 anos,2023,Ingressante 2023,Pública,,1.0,1.0,,Ametista,Agata,,7.443366667,6.821885606,6.821885606,,,,,,10.0,9.502,9.502,,7.7,8.03030303,8.03030303,,7.52,7.51,7.51,,6.3,4.5,4.5,,5.5,4.0,4.0,,7.0,5.0,5.0,,,,,,5.0,5.0,5.0,,Fase 2 (5° e 6° ano),Fase 2 (5° e 6° ano)
RA-1050,2012,13,Masculino,13-15 anos,2023,Ingressante,Pública,,1.0,,,Ametista,,,7.764366667,,7.764366667,,,,,,9.0,,9.0,,9.2,,9.2,,6.27,,6.27,,7.2,,7.2,,6.2,,6.2,,8.2,,8.2,,,,,,5.0,,5.0,,Fase 2 (5° e 6° ano),
RA-1051,2014,11,Feminino,10-12 anos,2023,Ingressante,Pública,,1.0,,,Topázio,,,8.534866667,,8.534866667,,,,,,8.5,,8.5,,8.9,,8.9,,6.27,,6.27,,8.4,,8.4,,7.0,,7.0,,9.8,,9.8,,,,,,10.0,,10.0,,Fase 1 (3° e 4° ano),
RA-1052,2014,11,Masculino,10-12 anos,2023,Ingressante 2023,Pública,,1.0,1.0,,Agata,Ametista,,6.960333333,7.744032575800001,7.744032575800001,,,,,,0.0,5.834,5.834,,9.0,9.128787879,9.128787879,,7.52,6.26,6.26,,5.3,8.25,8.25,,5.0,8.5,8.5,,5.5,8.0,8.0,,,,,,10.0,5.0,5.0,,Fase 1 (3° e 4° ano),Fase 2 (5° e 6° ano)
RA-1053,2014,11,Masculino,10-12 anos,2023,Ingressante,Pública,,1.0,,,Ametista,,,7.776166667,,7.776166667,,,,,,0.0,,0.0,,9.1,,9.1,,6.27,,6.27,,8.6,,8.6,,7.8,,7.8,,9.3,,9.3,,,,,,10.0,,10.0,,Fase 1 (3° e 4° ano),
RA-1054,2010,15,Masculino,13-15 anos,2023,Ingressante 2023,Pública,,1.0,2.0,,Ametista,Agata,,7.459533333,6.985788509300001,6.985788509300001,,,,,,8.5,9.502,9.502,,8.6,7.3291925465,7.3291925465,,7.52,7.51,7.51,,6.6,6.25,6.25,,5.0,6.0,6.0,,8.2,6.5,6.5,,,,,,5.0,5.0,5.0,,Fase 3 (7° e 8° ano),Fase 3 (7° e 8° ano)
RA-1055,2012,13,Masculino,13-15 anos,2023,Ingressante 2023,Pública,,1.0,1.0,,Quartzo,Agata,,5.9765,6.403040909100001,6.403040909100001,,,,,,0.0,10.002,10.002,,7.2,5.7954545455,5.7954545455,,7.52,7.51,7.51,,5.5,5.5,5.5,,6.0,4.0,4.0,,5.0,7.0,7.0,,,,,,5.0,5.0,5.0,,Fase 2 (5° e 6° ano),Fase 3 (7° e 8° ano)
RA-1056,2014,11,Masculino,10-12 anos,2023,Ingressante 2023,Pública,,1.0,1.0,,Topázio,Topázio,,8.551741667,8.192009523800001,8.192009523800001,,,,,,8.5,8.502,8.502,,9.6,9.2857142855,9.2857142855,,7.52,7.51,7.51,,8.1,8.25,8.25,,7.8,8.5,8.5,,8.3,8.0,8.0,,,,,,10.0,5.0,5.0,,Fase 1 (3° e 4° ano),Fase 2 (5° e 6° ano)
RA-1057,2014,11,Feminino,10-12 anos,2023,Ingressante 2023,Pública,,1.0,1.0,,Topázio,Topázio,,8.4827,8.2352,8.2352,,,,,,10.0,10.002,10.002,,10.0,10.0,10.0,,7.52,6.26,6.26,,6.3,8.0,8.0,,6.5,8.0,8.0,,6.0,8.0,8.0,,,,,,10.0,5.0,5.0,,Fase 1 (3° e 4° ano),Fase 2 (5° e 6° ano)
RA-1058,2014,11,Feminino,10-12 anos,2023,Ingressante 2023,Pública,,1.0,1.0,,Ametista,Ametista,,7.356533333,7.703347619,7.703347619,,,,,,10.0,9.168,9.168,,8.7,8.095238095,8.095238095,,3.14,6.88,6.88,,5.4,7.75,7.75,,4.0,7.5,7.5,,6.7,8.0,8.0,,,,,,10.0,5.0,5.0,,Fase 1 (3° e 4° ano),Fase 2 (5° e 6° ano)
RA-1059,2013,12,Masculino,10-12 anos,2023,Ingressante 2023,Pública,,1.0,2.0,,Ametista,Topázio,,7.763741667,8.678450000000002,8.678450000000002,,,,,,10.0,8.002,8.002,,9.8,10.0,10.0,,2.52,6.26,6.26,,7.6,7.5,7.5,,6.2,7.5,7.5,,9.0,7.5,7.5,,,,,,5.0,10.0,10.0,,Fase 2 (5° e 6° ano),Fase 2 (5° e 6° ano)
RA-1060,2012,13,Masculino,13-15 anos,2023,Ingressante 2023,Pública,,1.0,2.0,,Ametista,Agata,,7.095741667,6.448416666600001,6.448416666600001,,,,,,9.0,9.585,9.585,,8.6,6.0,6.0,,3.14,6.26,6.26,,5.7,3.25,3.25,,4.3,3.5,3.5,,7.0,3.0,3.0,,,,,,5.0,10.0,10.0,,Fase 2 (5° e 6° ano),Fase 2 (5° e 6° ano)
RA-1061,2013,12,Masculino,10-12 anos,2023,Ingressante 2023,Pública,,1.0,2.0,,Topázio,Topázio,,8.196533333,8.76595,8.76595,,,,,,9.5,8.502,8.502,,9.7,10.0,10.0,,3.14,6.26,6.26,,9.3,8.5,8.5,,8.8,7.0,7.0,,9.7,10.0,10.0,,,,,,5.0,10.0,10.0,,Fase 2 (5° e 6° ano),Fase 2 (5° e 6° ano)
RA-1062,2014,11,Masculino,10-12 anos,2023,Ingressante 2023,Pública,,1.0,1.0,,Ametista,Ametista,,7.448841667,7.6147238096,7.6147238096,,,,,,7.4,8.002,8.002,,7.7,9.047619048,9.047619048,,3.77,5.63,5.63,,6.2,7.25,7.25,,4.8,6.5,6.5,,7.5,8.0,8.0,,,,,,10.0,5.0,5.0,,Fase 1 (3° e 4° ano),Fase 2 (5° e 6° ano)
RA-1063,2012,13,Masculino,13-15 anos,2023,Ingressante 2023,Privada - Programa de Apadrinhamento | Pública,,1.0,2.0,,Ametista,Ametista,,7.490825,7.279250000000001,7.279250000000001,,,,,,9.5,5.25,5.25,,9.5,9.75,9.75,,7.52,7.51,7.51,,5.9,7.75,7.75,,4.7,9.0,9.0,,7.0,6.5,6.5,,,,,,5.0,5.0,5.0,,Fase 2 (5° e 6° ano),Fase 3 (7° e 8° ano)
RA-1064,2013,12,Masculino,10-12 anos,2023,Ingressante 2023,Pública,,1.0,2.0,,Topázio,Topázio,,8.4777,8.9802350877,8.9802350877,,,,,,8.5,9.502,9.502,,9.8,9.7368421055,9.7368421055,,7.52,7.51,7.51,,8.6,8.5,8.5,,8.3,8.0,8.0,,8.8,9.0,9.0,,,,,,5.0,10.0,10.0,,Fase 2 (5° e 6° ano),Fase 2 (5° e 6° ano)
RA-1065,2013,12,Feminino,10-12 anos,2023,Ingressante 2023,Pública,,1.0,2.0,,Topázio,Topázio,,8.03395,8.8634934783,8.8634934783,,,,,,8.5,9.502,9.502,,9.6,8.8152173915,8.8152173915,,7.52,6.26,6.26,,7.0,9.25,9.25,,7.7,9.0,9.0,,6.3,9.5,9.5,,,,,,5.0,10.0,10.0,,Fase 2 (5° e 6° ano),Fase 2 (5° e 6° ano)
RA-1066,2013,12,Feminino,10-12 anos,2023,Ingressante 2023,Pública,,1.0,2.0,,Ametista,Ametista,,7.262616667,7.9326223603,7.9326223603,,,,,,8.5,9.502,9.502,,6.6,8.3954451345,8.3954451345,,7.52,6.26,6.26,,6.2,7.25,7.25,,4.2,7.0,7.0,,8.2,7.5,7.5,,,,,,5.0,10.0,10.0,,Fase 2 (5° e 6° ano),Fase 2 (5° e 6° ano)
RA-1067,2013,12,Masculino,10-12 anos,2023,Ingressante 2023,Pública,,1.0,1.0,,Agata,Ametista,,6.541458333,7.840033333300001,7.840033333300001,,,,,,0.0,10.002,10.002,,7.9,8.333333332999999,8.333333332999999,,7.52,7.51,7.51,,5.4,6.75,6.75,,4.5,6.5,6.5,,6.3,7.0,7.0,,,,,,5.0,5.0,5.0,,Fase 2 (5° e 6° ano),Fase 2 (5° e 6° ano)
RA-1068,2013,12,Masculino,10-12 anos,2023,Ingressante 2023,Pública,,1.0,2.0,,Topázio,Topázio,,8.472533333,9.0150030303,9.0150030303,,,,,,8.5,9.502,9.502,,9.3,9.068181818,9.068181818,,6.89,7.51,7.51,,9.0,9.5,9.5,,8.3,9.0,9.0,,9.7,10.0,10.0,,,,,,5.0,10.0,10.0,,Fase 2 (5° e 6° ano),Fase 2 (5° e 6° ano)
RA-1069,2012,13,Masculino,13-15 anos,2023,Ingressante 2023,Pública,,1.0,2.0,,Ametista,Ametista,,7.590033333,7.678917391300001,7.678917391300001,,,,,,9.0,9.002,9.002,,7.8,7.0760869565,7.0760869565,,7.52,7.51,7.51,,7.1,6.25,6.25,,7.5,7.0,7.0,,6.7,5.5,5.5,,,,,,5.0,10.0,10.0,,Fase 2 (5° e 6° ano),Fase 2 (5° e 6° ano)
RA-1070,2012,13,Masculino,13-15 anos,2023,Ingressante 2023,Pública,,1.0,1.0,,Agata,Agata,,6.939033333,6.287171861500001,6.287171861500001,,,,,,9.0,9.002,9.002,,7.8,9.3073593075,9.3073593075,,3.14,5.635,5.635,,5.8,2.25,2.25,,5.3,4.5,4.5,,6.3,0.0,0.0,,,,,,5.0,5.0,5.0,,Fase 2 (5° e 6° ano),Fase 2 (5° e 6° ano)
RA-1071,2012,13,Masculino,13-15 anos,2023,Ingressante 2023,Pública,,1.0,2.0,,Agata,Quartzo,,6.414033333,4.8048623378,4.8048623378,,,,,,9.0,8.002,8.002,,8.6,4.188311688500001,4.188311688500001,,7.52,7.51,7.51,,3.5,4.5,4.5,,1.7,4.0,4.0,,5.3,5.0,5.0,,,,,,5.0,5.0,5.0,,Fase 2 (5° e 6° ano),Fase 3 (7° e 8° ano)
RA-1072,2011,14,Masculino,13-15 anos,2023,Ingressante 2023,Pública,,2.0,3.0,,Topázio,Ametista,,8.0152,7.8153856754,7.8153856754,,,,,,9.0,8.751,8.751,,8.6,5.627886710333333,5.627886710333333,,5.0,8.755,8.755,,6.7,8.166666666666666,8.166666666666666,,5.2,8.0,8.0,,8.2,7.0,7.0,,,9.5,9.5,,10.0,10.0,10.0,,Fase 2 (5° e 6° ano),Fase 3 (7° e 8° ano)
RA-1073,2011,14,Feminino,13-15 anos,2022,Ingressante 2023,Pública,,2.0,3.0,,Agata,Ametista,,6.384333333,7.0859945773333335,7.0859945773333335,,,,,,0.0,9.168,9.168,,8.8,6.370972886666667,6.370972886666667,,2.52,7.5,7.5,,6.2,6.5,6.5,,4.8,6.5,6.5,,7.5,5.0,5.0,,,8.0,8.0,,5.0,10.0,10.0,,Fase 3 (7° e 8° ano),Fase 3 (7° e 8° ano)
RA-1074,2010,15,Feminino,13-15 anos,2023,Ingressante,Pública,,2.0,,,Agata,,,6.195833333,,6.195833333,,,,,,0.0,,0.0,,9.8,,9.8,,2.52,,2.52,,6.0,,6.0,,8.0,,8.0,,4.0,,4.0,,,,,,5.0,,5.0,,Fase 3 (7° e 8° ano),
RA-1075,2010,15,Feminino,13-15 anos,2023,Ingressante 2023,Pública,,2.0,2.0,,Agata,Agata,,6.591333333,6.8100812324,6.8100812324,,,,,,0.0,7.5,7.5,,9.6,8.5154061625,8.5154061625,,5.0,3.755,3.755,,5.5,6.0,6.0,,5.0,5.0,5.0,,6.0,7.0,7.0,,,,,,5.0,5.0,5.0,,Fase 3 (7° e 8° ano),Fase 3 (7° e 8° ano)
RA-1076,2011,14,Feminino,13-15 anos,2021,Ingressante 2023,Pública,,2.0,3.0,,Ametista,Ametista,,7.901033333,7.479598365200001,7.479598365200001,,,,,,9.0,8.334,8.334,,9.7,7.777033492666668,7.777033492666668,,2.52,8.125,8.125,,8.5,6.333333333333333,6.333333333333333,,9.0,5.5,5.5,,8.0,6.5,6.5,,,7.0,7.0,,5.0,10.0,10.0,,Fase 3 (7° e 8° ano),Fase 3 (7° e 8° ano)
RA-1077,2012,13,Masculino,13-15 anos,2023,Ingressante 2023,Pública,,2.0,3.0,,Ametista,Quartzo,,7.2115,5.543865740733334,5.543865740733334,,,,,,0.0,0.0,0.0,,9.7,7.703703703666666,7.703703703666666,,2.52,6.885,6.885,,7.3,2.0,2.0,,6.8,0.0,0.0,,7.8,6.0,6.0,,,0.0,0.0,,10.0,10.0,10.0,,Fase 2 (5° e 6° ano),Fase 3 (7° e 8° ano)
RA-1078,2009,16,Masculino,16-17 anos,2023,Ingressante,Pública,,2.0,,,Agata,,,6.472333333,,6.472333333,,,,,,5.3,,5.3,,6.8,,6.8,,2.52,,2.52,,6.4,,6.4,,4.3,,4.3,,8.5,,8.5,,,,,,5.0,,5.0,,Fase 4 (9° ano),
RA-1079,2010,15,Masculino,13-15 anos,2023,Ingressante 2023,Pública,,2.0,3.0,,Agata,Quartzo,,6.916533333,5.4253413299333335,5.4253413299333335,,,,,,9.0,7.5,7.5,,8.1,4.516498316333333,4.516498316333333,,2.52,2.51,2.51,,7.6,6.333333333333333,6.333333333333333,,7.3,5.0,5.0,,7.8,7.5,7.5,,,6.5,6.5,,5.0,10.0,10.0,,Fase 3 (7° e 8° ano),Fase 3 (7° e 8° ano)
RA-1080,2011,14,Masculino,13-15 anos,2023,Ingressante,Pública,,2.0,,,Agata,,,6.571966667,,6.571966667,,,,,,7.9,,7.9,,10.0,,10.0,,5.0,,5.0,,1.5,,1.5,,0.0,,0.0,,3.0,,3.0,,,,,,5.0,,5.0,,Fase 3 (7° e 8° ano),
RA-1081,2009,16,Feminino,16-17 anos,2023,Ingressante 2023,Pública | Privada - Programa de Apadrinhamento,,2.0,4.0,,Ametista,Topázio,,7.666033333,8.5452952381,8.5452952381,,,,,,10.0,6.667,6.667,,10.0,9.523809523666666,9.523809523666666,,2.52,5.005,5.005,,6.5,8.833333333333334,8.833333333333334,,8.0,9.5,9.5,,5.0,8.0,8.0,,,9.0,9.0,,5.0,10.0,10.0,,Fase 4 (9° ano),Fase 4 (9° ano)
RA-1082,2011,14,Feminino,13-15 anos,2023,Ingressante 2023,Pública,,2.0,2.0,,Ametista,Agata,,7.1617,6.6114857142,6.6114857142,,,,,,9.5,7.502,7.502,,9.5,7.5714285715,7.5714285715,,2.52,10.0,10.0,,5.0,3.75,3.75,,3.5,2.0,2.0,,6.5,5.5,5.5,,,,,,5.0,5.0,5.0,,Fase 3 (7° e 8° ano),Fase 3 (7° e 8° ano)
RA-1083,2013,12,Feminino,10-12 anos,2023,Ingressante,Pública,,2.0,,,Topázio,,,8.2345,,8.2345,,,,,,6.8,,6.8,,10.0,,10.0,,5.0,,5.0,,7.5,,7.5,,7.0,,7.0,,8.0,,8.0,,,,,,10.0,,10.0,,Fase 2 (5° e 6° ano),
RA-1084,2012,13,Feminino,13-15 anos,2023,Ingressante 2023,Pública,,2.0,3.0,,Ametista,Agata,,7.9948,6.9071109649333335,6.9071109649333335,,,,,,8.4,8.751,8.751,,10.0,7.705263158,7.705263158,,2.52,5.63,5.63,,6.8,3.6666666666666665,3.6666666666666665,,5.0,1.0,1.0,,8.5,6.0,6.0,,,4.0,4.0,,10.0,10.0,10.0,,Fase 2 (5° e 6° ano),Fase 3 (7° e 8° ano)
RA-1085,2011,14,Feminino,13-15 anos,2023,Ingressante,Pública,,2.0,,,Agata,,,6.563833333,,6.563833333,,,,,,0.0,,0.0,,9.8,,9.8,,2.52,,2.52,,6.7,,6.7,,6.0,,6.0,,7.3,,7.3,,,,,,5.0,,5.0,,Fase 3 (7° e 8° ano),
RA-1086,2011,14,Feminino,13-15 anos,2023,Ingressante,Pública,,2.0,,,Ametista,,,7.2382,,7.2382,,,,,,8.5,,8.5,,9.4,,9.4,,2.52,,2.52,,5.7,,5.7,,6.0,,6.0,,5.3,,5.3,,,,,,5.0,,5.0,,Fase 3 (7° e 8° ano),
RA-1087,2011,14,Feminino,13-15 anos,2023,Ingressante 2023,Pública,,2.0,3.0,,Ametista,Agata,,7.2067,6.913936532,6.913936532,,,,,,10.0,7.917,7.917,,9.5,8.393265993333333,8.393265993333333,,2.52,8.755,8.755,,5.4,2.6666666666666665,2.6666666666666665,,3.7,2.0,2.0,,7.0,5.0,5.0,,,1.0,1.0,,5.0,10.0,10.0,,Fase 3 (7° e 8° ano),Fase 3 (7° e 8° ano)
RA-1088,2010,15,Masculino,13-15 anos,2023,Ingressante,Pública,,2.0,,,Ametista,,,7.4717,,7.4717,,,,,,9.5,,9.5,,9.8,,9.8,,2.52,,2.52,,6.8,,6.8,,6.0,,6.0,,7.5,,7.5,,,,,,5.0,,5.0,,Fase 3 (7° e 8° ano),
RA-1089,2012,13,Feminino,13-15 anos,2023,Ingressante 2023,Pública,,2.0,3.0,,Ametista,Ametista,,7.9947,7.6221531746,7.6221531746,,,,,,9.0,9.168,9.168,,9.5,7.039682539666667,7.039682539666667,,2.52,8.13,8.13,,7.0,6.833333333333333,6.833333333333333,,6.0,6.0,6.0,,8.0,6.0,6.0,,,8.5,8.5,,10.0,10.0,10.0,,Fase 2 (5° e 6° ano),Fase 3 (7° e 8° ano)
RA-1090,2010,15,Masculino,13-15 anos,2023,Ingressante 2023,Pública,,2.0,3.0,,Ametista,Ametista,,7.844033333,7.7652831384,7.7652831384,,,,,,9.0,9.585,9.585,,9.6,7.621832358666666,7.621832358666666,,2.52,7.51,7.51,,9.0,6.333333333333333,6.333333333333333,,8.7,3.5,3.5,,9.3,7.5,7.5,,,8.0,8.0,,5.0,10.0,10.0,,Fase 3 (7° e 8° ano),Fase 3 (7° e 8° ano)
RA-1091,2011,14,Masculino,13-15 anos,2023,Ingressante,Pública,,2.0,,,Topázio,,,8.032533333,,8.032533333,,,,,,8.5,,8.5,,9.0,,9.0,,2.52,,2.52,,9.5,,9.5,,9.3,,9.3,,9.7,,9.7,,,,,,5.0,,5.0,,Fase 3 (7° e 8° ano),
RA-1092,2011,14,Masculino,13-15 anos,2023,Ingressante,Pública,,2.0,,,Ametista,,,7.41,,7.41,,,,,,7.8,,7.8,,9.8,,9.8,,2.52,,2.52,,6.9,,6.9,,6.0,,6.0,,7.8,,7.8,,,,,,5.0,,5.0,,Fase 3 (7° e 8° ano),
RA-1093,2012,13,Masculino,13-15 anos,2023,Ingressante 2023,Pública,,2.0,3.0,,Topázio,Topázio,,8.197533333,8.5079027778,8.5079027778,,,,,,7.0,7.5,7.5,,9.3,7.722222222333333,7.722222222333333,,2.52,8.13,8.13,,9.2,8.666666666666666,8.666666666666666,,9.3,8.5,8.5,,9.0,8.0,8.0,,,9.5,9.5,,10.0,10.0,10.0,,Fase 2 (5° e 6° ano),Fase 3 (7° e 8° ano)
RA-1094,2011,14,Feminino,13-15 anos,2023,Ingressante 2023,Pública,,2.0,3.0,,Topázio,Topázio,,8.1779,8.0164785714,8.0164785714,,,,,,7.8,9.168,9.168,,9.5,9.523809523666666,9.523809523666666,,2.52,2.51,2.51,,8.5,7.333333333333333,7.333333333333333,,7.8,6.0,6.0,,9.2,7.5,7.5,,,8.5,8.5,,10.0,10.0,10.0,,Fase 2 (5° e 6° ano),Fase 3 (7° e 8° ano)
RA-1095,2010,15,Masculino,13-15 anos,2023,Ingressante 2023,Pública,,2.0,3.0,,Agata,Agata,,6.238,6.108547514666667,6.108547514666667,,,,,,0.0,7.5,7.5,,9.8,7.84502924,7.84502924,,2.52,7.51,7.51,,5.3,2.3333333333333335,2.3333333333333335,,5.8,3.0,3.0,,4.7,2.0,2.0,,,2.0,2.0,,5.0,10.0,10.0,,Fase 3 (7° e 8° ano),Fase 3 (7° e 8° ano)
RA-1096,2012,13,Feminino,13-15 anos,2023,Ingressante 2023,Pública,,2.0,3.0,,Topázio,Topázio,,8.615533333,9.189883333333334,9.189883333333334,,,,,,9.5,9.168,9.168,,9.9,9.866666666666667,9.866666666666667,,2.52,8.755,8.755,,9.6,8.5,8.5,,9.5,8.5,8.5,,9.7,7.0,7.0,,,10.0,10.0,,10.0,10.0,10.0,,Fase 2 (5° e 6° ano),Fase 2 (5° e 6° ano)
RA-1097,2009,16,Masculino,16-17 anos,2023,Ingressante 2023,Pública,,2.0,3.0,,Agata,Quartzo,,6.9547,5.475324895633334,5.475324895633334,,,,,,9.5,10.002,10.002,,8.6,4.849791144666667,4.849791144666667,,5.0,6.25,6.25,,5.4,3.0,3.0,,4.3,4.5,4.5,,6.5,4.5,4.5,,,0.0,0.0,,5.0,5.0,5.0,,Fase 4 (9° ano),Fase 4 (9° ano)
RA-1098,2010,15,Feminino,13-15 anos,2023,Ingressante 2023,Pública,,2.0,3.0,,Ametista,Agata,,7.2787,6.5744562514,6.5744562514,,,,,,9.5,8.751,8.751,,9.5,5.822406257,5.822406257,,2.52,7.51,7.51,,6.4,3.5,3.5,,6.3,1.0,1.0,,6.5,3.5,3.5,,,6.0,6.0,,5.0,10.0,10.0,,Fase 3 (7° e 8° ano),Fase 3 (7° e 8° ano)
RA-1099,2010,15,Feminino,13-15 anos,2023,Ingressante 2023,Pública,,2.0,3.0,,Ametista,Ametista,,7.113533333,7.332483333333334,7.332483333333334,,,,,,9.0,8.334,8.334,,9.6,8.133333333333333,8.133333333333333,,2.52,10.0,10.0,,5.2,3.8333333333333335,3.8333333333333335,,5.7,2.5,2.5,,4.7,3.5,3.5,,,5.5,5.5,,5.0,10.0,10.0,,Fase 3 (7° e 8° ano),Fase 3 (7° e 8° ano)
RA-1100,2012,13,Masculino,13-15 anos,2023,Ingressante 2023,Pública,,2.0,3.0,,Topázio,Agata,,8.261033333,6.649708333333334,6.649708333333334,,,,,,10.0,7.5,7.5,,9.2,7.1000000000000005,7.1000000000000005,,5.0,7.51,7.51,,7.1,4.666666666666667,4.666666666666667,,6.3,4.0,4.0,,7.8,4.0,4.0,,,6.0,6.0,,10.0,10.0,10.0,,Fase 2 (5° e 6° ano),Fase 2 (5° e 6° ano)
RA-1101,2013,12,Masculino,10-12 anos,2023,Ingressante,Pública,,2.0,,,Agata,,,6.446666667,,6.446666667,,,,,,0.0,,0.0,,7.2,,7.2,,5.0,,5.0,,5.3,,5.3,,4.2,,4.2,,6.3,,6.3,,,,,,10.0,,10.0,,Fase 2 (5° e 6° ano),
RA-1102,2012,13,Masculino,13-15 anos,2023,Ingressante 2023,Pública,,2.0,3.0,,Topázio,Topázio,,8.123033333,8.440611904733334,8.440611904733334,,,,,,9.5,8.751,8.751,,9.5,9.390476190333333,9.390476190333333,,5.0,8.13,8.13,,7.5,9.333333333333334,9.333333333333334,,5.7,10.0,10.0,,9.2,8.0,8.0,,,10.0,10.0,,10.0,10.0,10.0,,Fase 2 (5° e 6° ano),Fase 2 (5° e 6° ano)
RA-1103,2012,13,Masculino,13-15 anos,2023,Ingressante 2023,Pública,,2.0,2.0,,Ametista,Ametista,,7.574866667,7.861995031000001,7.861995031000001,,,,,,9.0,8.502,8.502,,8.7,7.763975155000001,7.763975155000001,,5.0,7.51,7.51,,5.0,7.25,7.25,,4.5,6.0,6.0,,5.5,8.5,8.5,,,,,,10.0,10.0,10.0,,Fase 2 (5° e 6° ano),Fase 2 (5° e 6° ano)
RA-1104,2010,15,Feminino,13-15 anos,2023,Ingressante,Pública,,2.0,,,Ametista,,,7.265533333,,7.265533333,,,,,,5.7,,5.7,,10.0,,10.0,,2.52,,2.52,,6.4,,6.4,,5.5,,5.5,,7.3,,7.3,,,,,,5.0,,5.0,,Fase 3 (7° e 8° ano),
RA-1105,2010,15,Feminino,13-15 anos,2023,Ingressante,Pública,,2.0,,,Agata,,,6.299166667,,6.299166667,,,,,,0.0,,0.0,,9.0,,9.0,,2.52,,2.52,,6.0,,6.0,,5.0,,5.0,,7.0,,7.0,,,,,,5.0,,5.0,,Fase 3 (7° e 8° ano),
RA-1106,2011,14,Masculino,13-15 anos,2023,Ingressante 2023,Pública,,2.0,3.0,,Ametista,Quartzo,,7.1642,5.936272086266667,5.936272086266667,,,,,,8.5,8.334,8.334,,9.3,5.4312354313333335,5.4312354313333335,,5.0,7.51,7.51,,5.1,0.0,0.0,,5.2,0.0,0.0,,5.0,0.0,0.0,,,0.0,0.0,,5.0,10.0,10.0,,Fase 3 (7° e 8° ano),Fase 3 (7° e 8° ano)
RA-1107,2010,15,Feminino,13-15 anos,2023,Ingressante 2023,Pública,,2.0,3.0,,Ametista,Quartzo,,7.9327,5.9731,5.9731,,,,,,9.0,8.751,8.751,,9.4,6.2,6.2,,5.0,2.51,2.51,,7.5,2.5,2.5,,8.0,1.0,1.0,,7.0,3.5,3.5,,,3.0,3.0,,5.0,10.0,10.0,,Fase 3 (7° e 8° ano),Fase 3 (7° e 8° ano)
RA-1108,2010,15,Masculino,13-15 anos,2023,Ingressante 2023,Pública,,2.0,3.0,,Agata,Agata,,6.310833333,6.017215010400001,6.017215010400001,,,,,,0.0,9.168,9.168,,9.3,3.7546583853333337,3.7546583853333337,,5.0,8.13,8.13,,4.7,3.6666666666666665,3.6666666666666665,,3.7,3.5,3.5,,5.7,3.5,3.5,,,4.0,4.0,,5.0,10.0,10.0,,Fase 3 (7° e 8° ano),Fase 3 (7° e 8° ano)
RA-1109,2009,16,Masculino,16-17 anos,2023,Ingressante,Pública,,2.0,,,Agata,,,6.277533333,,6.277533333,,,,,,10.0,,10.0,,6.4,,6.4,,5.0,,5.0,,3.4,,3.4,,3.5,,3.5,,3.3,,3.3,,,,,,5.0,,5.0,,Fase 4 (9° ano),
RA-1110,2011,14,Feminino,13-15 anos,2023,Ingressante,Pública,,2.0,,,Ametista,,,7.248566667,,7.248566667,,,,,,4.6,,4.6,,9.2,,9.2,,5.0,,5.0,,6.8,,6.8,,6.5,,6.5,,7.0,,7.0,,,,,,5.0,,5.0,,Fase 3 (7° e 8° ano),
RA-1111,2012,13,Feminino,13-15 anos,2023,Ingressante 2023,Pública,,2.0,3.0,,Agata,Agata,,6.559166667,6.116032815733334,6.116032815733334,,,,,,0.0,6.249,6.249,,8.9,4.600414078666667,4.600414078666667,,2.52,7.5,7.5,,5.4,5.0,5.0,,4.8,5.0,5.0,,6.0,4.0,4.0,,,6.0,6.0,,10.0,10.0,10.0,,Fase 2 (5° e 6° ano),Fase 2 (5° e 6° ano)
RA-1112,2011,14,Masculino,13-15 anos,2023,Ingressante 2023,Pública,,2.0,3.0,,Ametista,Agata,,7.088866667,6.8560823939999995,6.8560823939999995,,,,,,9.5,9.585,9.585,,7.9,9.02791197,9.02791197,,2.52,8.135,8.135,,6.3,4.0,4.0,,5.2,4.0,4.0,,7.3,4.0,4.0,,,4.0,4.0,,5.0,10.0,10.0,,Fase 3 (7° e 8° ano),Fase 3 (7° e 8° ano)
RA-1113,2011,14,Masculino,13-15 anos,2023,Ingressante,Pública,,2.0,,,Quartzo,,,5.636666667,,5.636666667,,,,,,0.0,,0.0,,6.0,,6.0,,7.52,,7.52,,5.0,,5.0,,5.0,,5.0,,5.0,,5.0,,,,,,5.0,,5.0,,Fase 3 (7° e 8° ano),
RA-1114,2011,14,Feminino,13-15 anos,2023,Ingressante 2023,Pública,,2.0,3.0,,Ametista,Ametista,,7.5667,7.437466666666667,7.437466666666667,,,,,,8.5,8.751,8.751,,9.8,9.533333333333333,9.533333333333333,,2.52,2.51,2.51,,4.9,5.0,5.0,,4.3,5.0,5.0,,5.5,3.0,3.0,,,7.0,7.0,,10.0,10.0,10.0,,Fase 2 (5° e 6° ano),Fase 3 (7° e 8° ano)
RA-1115,2012,13,Feminino,13-15 anos,2023,Ingressante 2023,Pública,,2.0,2.0,,Agata,Agata,,6.474,6.570068686900001,6.570068686900001,,,,,,0.0,8.002,8.002,,8.3,4.2676767675,4.2676767675,,7.52,7.51,7.51,,4.0,6.25,6.25,,6.0,6.5,6.5,,2.0,6.0,6.0,,,,,,10.0,10.0,10.0,,Fase 2 (5° e 6° ano),Fase 2 (5° e 6° ano)
RA-1116,2009,16,Masculino,16-17 anos,2023,Ingressante 2023,Pública,,2.0,3.0,,Agata,Quartzo,,6.956533333,3.7894777778,3.7894777778,,,,,,9.5,0.0,0.0,,9.2,3.3555555556666667,3.3555555556666667,,5.0,6.26,6.26,,4.9,2.3333333333333335,2.3333333333333335,,3.8,1.0,1.0,,6.0,3.0,3.0,,,3.0,3.0,,5.0,5.0,5.0,,Fase 3 (7° e 8° ano),Fase 4 (9° ano)
RA-1117,2012,13,Feminino,13-15 anos,2023,Ingressante 2023,Pública,,2.0,3.0,,Topázio,Ametista,,8.382366667,7.601562962866668,7.601562962866668,,,,,,9.0,8.751,8.751,,9.6,8.314814814666667,8.314814814666667,,7.52,7.51,7.51,,7.3,5.666666666666667,5.666666666666667,,6.0,5.0,5.0,,8.5,5.0,5.0,,,7.0,7.0,,10.0,10.0,10.0,,Fase 2 (5° e 6° ano),Fase 2 (5° e 6° ano)
RA-1118,2010,15,Feminino,13-15 anos,2023,Ingressante 2023,Pública,,2.0,3.0,,Ametista,Ametista,,7.163833333,7.0305545924,7.0305545924,,,,,,5.3,7.084,7.084,,8.8,7.846439628666666,7.846439628666666,,7.52,9.38,9.38,,6.0,3.8333333333333335,3.8333333333333335,,4.8,3.0,3.0,,7.2,4.5,4.5,,,4.0,4.0,,5.0,10.0,10.0,,Fase 3 (7° e 8° ano),Fase 3 (7° e 8° ano)
RA-1119,2010,15,Feminino,13-15 anos,2023,Ingressante 2023,Pública,,2.0,3.0,,Ametista,Ametista,,7.192,7.388266666666667,7.388266666666667,,,,,,7.3,9.585,9.585,,9.7,8.716666666666667,8.716666666666667,,3.77,7.51,7.51,,5.9,5.666666666666667,5.666666666666667,,3.0,6.0,6.0,,8.8,3.5,3.5,,,7.5,7.5,,5.0,5.0,5.0,,Fase 3 (7° e 8° ano),Fase 4 (9° ano)
RA-1120,2012,13,Feminino,13-15 anos,2023,Ingressante,Pública,,2.0,,,Topázio,,,9.103366667,,9.103366667,,,,,,9.5,,9.5,,9.6,,9.6,,7.52,,7.52,,8.3,,8.3,,7.3,,7.3,,9.2,,9.2,,,,,,10.0,,10.0,,Fase 2 (5° e 6° ano),
RA-1121,2012,13,Masculino,13-15 anos,2023,Ingressante 2023,Pública,,2.0,3.0,,Topázio,Topázio,,8.049,8.407166666633334,8.407166666633334,,,,,,0.0,9.585,9.585,,9.9,10.0,10.0,,6.26,7.51,7.51,,8.0,6.666666666666667,6.666666666666667,,6.5,9.0,9.0,,9.5,5.0,5.0,,,6.0,6.0,,10.0,10.0,10.0,,Fase 2 (5° e 6° ano),Fase 3 (7° e 8° ano)
RA-1122,2012,13,Masculino,13-15 anos,2023,Ingressante 2023,Pública,,2.0,3.0,,Ametista,Ametista,,7.3715,7.817322222166666,7.817322222166666,,,,,,0.0,8.751,8.751,,9.3,9.861111111,9.861111111,,6.89,7.51,7.51,,6.9,5.333333333333333,5.333333333333333,,5.2,5.0,5.0,,8.5,4.5,4.5,,,6.5,6.5,,10.0,10.0,10.0,,Fase 2 (5° e 6° ano),Fase 2 (5° e 6° ano)
RA-1123,2010,15,Masculino,13-15 anos,2023,Ingressante,Pública,,2.0,,,Agata,,,6.9565,,6.9565,,,,,,7.3,,7.3,,8.9,,8.9,,7.52,,7.52,,5.3,,5.3,,3.8,,3.8,,6.8,,6.8,,,,,,5.0,,5.0,,Fase 3 (7° e 8° ano),
RA-1124,2009,16,Feminino,16-17 anos,2023,Ingressante,Pública,,2.0,,,Agata,,,6.667866667,,6.667866667,,,,,,9.5,,9.5,,8.0,,8.0,,7.52,,7.52,,3.0,,3.0,,1.0,,1.0,,5.0,,5.0,,,,,,5.0,,5.0,,Fase 4 (9° ano),
RA-1125,2012,13,Feminino,13-15 anos,2023,Ingressante,Pública,,2.0,,,Agata,,,6.655366667,,6.655366667,,,,,,4.7,,4.7,,7.9,,7.9,,7.52,,7.52,,4.0,,4.0,,1.0,,1.0,,7.0,,7.0,,,,,,10.0,,10.0,,Fase 2 (5° e 6° ano),
RA-1126,2011,14,Feminino,13-15 anos,2023,Ingressante,Pública,,2.0,,,,,,,,,,,,,,0.0,,0.0,,5.2,,5.2,,3.77,,3.77,,,,,,,,,,,,,,,,,,5.0,,5.0,,Fase 3 (7° e 8° ano),
RA-1127,2012,13,Feminino,13-15 anos,2023,Ingressante 2023,Pública,,2.0,3.0,,Topázio,Topázio,,8.3167,8.180966666666668,8.180966666666668,,,,,,8.5,9.168,9.168,,9.9,10.0,10.0,,5.02,7.51,7.51,,6.9,5.833333333333333,5.833333333333333,,5.0,8.5,8.5,,8.7,4.5,4.5,,,4.5,4.5,,10.0,10.0,10.0,,Fase 2 (5° e 6° ano),Fase 3 (7° e 8° ano)
RA-1128,2011,14,Masculino,13-15 anos,2023,Ingressante,Pública,,2.0,,,Agata,,,6.404533333,,6.404533333,,,,,,9.5,,9.5,,7.3,,7.3,,5.02,,5.02,,3.5,,3.5,,3.0,,3.0,,4.0,,4.0,,,,,,5.0,,5.0,,Fase 3 (7° e 8° ano),
RA-1129,2012,13,Masculino,13-15 anos,2023,Ingressante 2023,Pública,,2.0,3.0,,Ametista,Ametista,,7.309333333,7.360417647066668,7.360417647066668,,,,,,0.0,9.168,9.168,,9.2,7.137254902,7.137254902,,6.27,8.13,8.13,,7.8,6.833333333333333,6.833333333333333,,6.8,9.0,9.0,,8.7,5.5,5.5,,,6.0,6.0,,10.0,10.0,10.0,,Fase 2 (5° e 6° ano),Fase 3 (7° e 8° ano)
RA-1130,2012,13,Masculino,13-15 anos,2023,Ingressante 2023,Pública,,2.0,3.0,,Topázio,Agata,,8.0037,6.563952941199999,6.563952941199999,,,,,,8.5,8.751,8.751,,8.4,6.278431372666667,6.278431372666667,,7.52,8.13,8.13,,7.3,4.333333333333333,4.333333333333333,,6.3,7.5,7.5,,8.2,3.5,3.5,,,2.0,2.0,,10.0,10.0,10.0,,Fase 2 (5° e 6° ano),Fase 3 (7° e 8° ano)
RA-1131,2011,14,Feminino,13-15 anos,2023,Ingressante 2023,Pública | Privada - Programa de Apadrinhamento,,2.0,3.0,,Topázio,Topázio,,8.316133333,8.2889555555,8.2889555555,,,,,,7.9,8.334,8.334,,9.9,9.277777777666666,9.277777777666666,,5.02,6.255,6.255,,9.1,8.333333333333334,8.333333333333334,,8.3,8.0,8.0,,9.8,7.0,7.0,,,10.0,10.0,,5.0,10.0,10.0,,Fase 3 (7° e 8° ano),Fase 3 (7° e 8° ano)
RA-1132,2011,14,Masculino,13-15 anos,2023,Ingressante,Pública,,2.0,,,Agata,,,6.829533333,,6.829533333,,,,,,10.0,,10.0,,6.3,,6.3,,6.27,,6.27,,5.8,,5.8,,5.2,,5.2,,6.3,,6.3,,,,,,5.0,,5.0,,Fase 3 (7° e 8° ano),
RA-1133,2013,12,Feminino,10-12 anos,2023,Ingressante 2023,Pública,,2.0,3.0,,Topázio,Topázio,,8.600033333,8.238553968266668,8.238553968266668,,,,,,9.5,9.168,9.168,,10.0,9.841269841333334,9.841269841333334,,6.27,8.75,8.75,,6.5,4.5,4.5,,5.0,5.0,5.0,,8.0,3.5,3.5,,,5.0,5.0,,10.0,10.0,10.0,,Fase 2 (5° e 6° ano),Fase 2 (5° e 6° ano)
RA-1134,2011,14,Masculino,13-15 anos,2023,Ingressante 2023,Pública,,2.0,3.0,,Ametista,Ametista,,7.769866667,7.7564571427,7.7564571427,,,,,,8.0,8.751,8.751,,9.7,8.914285714,8.914285714,,3.76,7.51,7.51,,6.8,6.0,6.0,,5.5,6.0,6.0,,8.0,5.5,5.5,,,6.5,6.5,,10.0,10.0,10.0,,Fase 2 (5° e 6° ano),Fase 3 (7° e 8° ano)
RA-1135,2011,14,Masculino,13-15 anos,2023,Ingressante,Pública,,2.0,,,Ametista,,,7.453833333,,7.453833333,,,,,,0.0,,0.0,,9.4,,9.4,,7.52,,7.52,,7.2,,7.2,,4.8,,4.8,,9.5,,9.5,,,,,,10.0,,10.0,,Fase 2 (5° e 6° ano),
RA-1136,2009,16,Feminino,16-17 anos,2023,Ingressante 2023,Pública,,2.0,3.0,,Agata,Quartzo,,6.7351,5.458179831866667,5.458179831866667,,,,,,6.8,8.751,8.751,,8.1,4.547899159666667,4.547899159666667,,2.52,8.135,8.135,,6.6,1.6666666666666667,1.6666666666666667,,4.8,1.0,1.0,,8.3,2.0,2.0,,,2.0,2.0,,5.0,5.0,5.0,,Fase 3 (7° e 8° ano),Fase 4 (9° ano)
RA-1137,2013,12,Feminino,10-12 anos,2023,Ingressante 2023,Pública,,2.0,3.0,,Topázio,Ametista,,8.743366667,7.1837526524666675,7.1837526524666675,,,,,,9.5,8.334,8.334,,9.8,7.588638262333333,7.588638262333333,,6.27,8.13,8.13,,6.5,3.5,3.5,,6.0,1.0,1.0,,7.0,4.5,4.5,,,5.0,5.0,,10.0,10.0,10.0,,Fase 2 (5° e 6° ano),Fase 2 (5° e 6° ano)
RA-1138,2011,14,Feminino,13-15 anos,2023,Ingressante,Pública,,2.0,,,Topázio,,,8.3472,,8.3472,,,,,,9.0,,9.0,,9.2,,9.2,,6.27,,6.27,,9.3,,9.3,,9.0,,9.0,,9.5,,9.5,,,,,,5.0,,5.0,,Fase 3 (7° e 8° ano),
RA-1139,2012,13,Masculino,13-15 anos,2023,Ingressante 2023,Pública,,2.0,3.0,,Ametista,Agata,,7.6647,6.906276357600001,6.906276357600001,,,,,,8.5,8.334,8.334,,9.1,6.152715121333333,6.152715121333333,,5.64,7.51,7.51,,5.3,4.666666666666667,4.666666666666667,,6.3,5.0,5.0,,4.3,3.0,3.0,,,6.0,6.0,,10.0,10.0,10.0,,Fase 2 (5° e 6° ano),Fase 2 (5° e 6° ano)
RA-1140,2012,13,Feminino,13-15 anos,2023,Ingressante 2023,Pública,,2.0,2.0,,Ametista,Ametista,,7.703533333,7.3473880383,7.3473880383,,,,,,4.7,6.834,6.834,,8.7,6.112440191499999,6.112440191499999,,7.52,7.51,7.51,,7.3,7.0,7.0,,8.5,4.5,4.5,,6.0,9.5,9.5,,,,,,10.0,10.0,10.0,,Fase 2 (5° e 6° ano),Fase 2 (5° e 6° ano)
RA-1141,2011,14,Feminino,13-15 anos,2023,Ingressante 2023,Pública,,2.0,3.0,,Ametista,Agata,,7.2757,6.793890866866667,6.793890866866667,,,,,,9.0,9.585,9.585,,8.8,6.191537667666666,6.191537667666666,,7.52,7.51,7.51,,5.9,4.166666666666667,4.166666666666667,,5.5,5.0,5.0,,6.2,4.5,4.5,,,3.0,3.0,,5.0,10.0,10.0,,Fase 3 (7° e 8° ano),Fase 3 (7° e 8° ano)
RA-1142,2012,13,Feminino,13-15 anos,2023,Ingressante 2023,Pública,,2.0,3.0,,Topázio,Topázio,,9.175033333,8.390566666666668,8.390566666666668,,,,,,9.0,8.334,8.334,,10.0,9.133333333333333,9.133333333333333,,7.52,7.51,7.51,,10.0,8.5,8.5,,10.0,10.0,10.0,,10.0,8.0,8.0,,,7.5,7.5,,10.0,10.0,10.0,,Fase 2 (5° e 6° ano),Fase 3 (7° e 8° ano)
RA-1143,2008,17,Feminino,16-17 anos,2021,Ingressante 2023,Pública,,3.0,3.0,,Agata,Quartzo,,6.445933333,5.881225668333334,5.881225668333334,,,,,,8.8,9.585,9.585,,7.0,5.201336675,5.201336675,,6.26,9.38,9.38,,5.3,3.1666666666666665,3.1666666666666665,,6.0,3.0,3.0,,6.3,6.5,6.5,,3.5,0.0,0.0,,5.0,2.5,2.5,,Fase 5 (1° EM),Fase 6 (2° EM)
RA-1144,2010,15,Feminino,13-15 anos,2023,Ingressante,Pública,,3.0,,,Ametista,,,7.410625,,7.410625,,,,,,0.0,,0.0,,9.4,,9.4,,5.02,,5.02,,8.0,,8.0,,7.0,,7.0,,8.2,,8.2,,8.8,,8.8,,10.0,,10.0,,Fase 3 (7° e 8° ano),
RA-1145,2012,13,Feminino,13-15 anos,2023,Ingressante,Pública,,3.0,,,Ametista,,,7.484375,,7.484375,,,,,,0.0,,0.0,,9.5,,9.5,,4.39,,4.39,,7.8,,7.8,,7.7,,7.7,,7.7,,7.7,,8.0,,8.0,,10.0,,10.0,,Fase 2 (5° e 6° ano),
RA-1146,2008,17,Feminino,16-17 anos,2023,Ingressante 2023,Pública,,3.0,3.0,,Agata,Quartzo,,6.689583333,5.3933086048000005,5.3933086048000005,,,,,,9.6,10.002,10.002,,8.8,5.017209691,5.017209691,,6.26,6.88,6.88,,3.7,2.0,2.0,,5.0,2.0,2.0,,3.3,0.0,0.0,,2.7,4.0,4.0,,5.0,5.0,5.0,,Fase 4 (9° ano),Fase 5 (1° EM)
RA-1147,2009,16,Feminino,16-17 anos,2023,Ingressante 2023,Pública,,3.0,3.0,,Ametista,Quartzo,,7.072983333,5.833118518533334,5.833118518533334,,,,,,8.3,8.751,8.751,,8.3,6.125925926,6.125925926,,6.26,8.755,8.755,,6.7,3.1666666666666665,3.1666666666666665,,5.0,2.0,2.0,,7.5,5.0,5.0,,7.5,2.5,2.5,,5.0,5.0,5.0,,Fase 4 (9° ano),Fase 4 (9° ano)
RA-1148,2011,14,Feminino,13-15 anos,2023,Ingressante,Pública,,3.0,,,Ametista,,,7.227866667,,7.227866667,,,,,,7.9,,7.9,,8.6,,8.6,,3.77,,3.77,,5.7,,5.7,,5.7,,5.7,,5.3,,5.3,,6.2,,6.2,,10.0,,10.0,,Fase 2 (5° e 6° ano),
RA-1149,2009,16,Feminino,16-17 anos,2023,Ingressante 2023,Pública,,3.0,4.0,,Ametista,Topázio,,7.410108333,8.1371,8.1371,,,,,,8.3,8.334,8.334,,9.8,10.0,10.0,,2.52,10.0,10.0,,7.2,6.0,6.0,,6.0,2.0,2.0,,6.8,6.0,6.0,,8.7,10.0,10.0,,5.0,5.0,5.0,,Fase 4 (9° ano),Fase 5 (1° EM)
RA-1150,2007,18,Masculino,18+ anos,2023,Ingressante 2023,Pública,,3.0,4.0,,Ametista,Ametista,,7.076008333,7.1023212964,7.1023212964,,,,,,9.2,8.334,8.334,,9.8,6.481481481666667,6.481481481666667,,2.52,7.51,7.51,,6.7,6.833333333333333,6.833333333333333,,7.0,4.0,4.0,,6.5,6.5,6.5,,6.5,10.0,10.0,,2.5,5.0,5.0,,Fase 6 (2° EM),Fase 6 (2° EM)
RA-1151,2011,14,Feminino,13-15 anos,2023,Ingressante 2023,Pública,,3.0,4.0,,Ametista,Topázio,,7.829958333,8.749111111066668,8.749111111066668,,,,,,7.5,7.5,7.5,,9.5,9.722222222333334,9.722222222333334,,2.52,5.635,5.635,,8.3,9.0,9.0,,7.3,9.0,9.0,,8.8,8.0,8.0,,8.7,10.0,10.0,,10.0,10.0,10.0,,Fase 3 (7° e 8° ano),Fase 3 (7° e 8° ano)
RA-1152,2009,16,Masculino,16-17 anos,2023,Ingressante,Pública,,3.0,,,Agata,,,6.544916667,,6.544916667,,,,,,0.0,,0.0,,9.4,,9.4,,5.0,,5.0,,6.8,,6.8,,6.7,,6.7,,6.0,,6.0,,7.8,,7.8,,5.0,,5.0,,Fase 4 (9° ano),
RA-1153,2009,16,Feminino,16-17 anos,2021,Ingressante 2023,Pública | Privada - Programa de Apadrinhamento,,3.0,4.0,,Ametista,Topázio,,7.968658333,8.268876190466667,8.268876190466667,,,,,,7.9,8.751,8.751,,10.0,9.702380952333334,9.702380952333334,,7.52,5.635,5.635,,7.2,8.5,8.5,,6.7,8.0,8.0,,7.8,8.5,8.5,,7.0,9.0,9.0,,5.0,5.0,5.0,,Fase 4 (9° ano),Fase 5 (1° EM)
RA-1154,2010,15,Masculino,13-15 anos,2023,Ingressante 2023,Pública,,3.0,3.0,,Ametista,Ametista,,7.701125,7.5660750000000005,7.5660750000000005,,,,,,9.6,7.917,7.917,,9.3,9.200000000000001,9.200000000000001,,5.63,7.51,7.51,,5.1,8.0,8.0,,5.3,7.0,7.0,,5.0,7.0,7.0,,5.0,10.0,10.0,,10.0,5.0,5.0,,Fase 3 (7° e 8° ano),Fase 4 (9° ano)
RA-1155,2009,16,Feminino,16-17 anos,2023,Ingressante 2023,Pública,,3.0,4.0,,Ametista,Ametista,,7.821633333,7.119011111133333,7.119011111133333,,,,,,9.2,8.334,8.334,,9.2,8.888888889,8.888888889,,5.63,5.005,5.005,,8.0,4.666666666666667,4.666666666666667,,6.7,6.0,6.0,,8.2,8.0,8.0,,9.0,0.0,0.0,,5.0,5.0,5.0,,Fase 4 (9° ano),Fase 5 (1° EM)
RA-1156,2011,14,Feminino,13-15 anos,2023,Ingressante 2023,Pública,,3.0,4.0,,Ametista,Agata,,7.340775,6.6777135642,6.6777135642,,,,,,8.3,7.5,7.5,,9.2,7.821067821,7.821067821,,2.52,7.51,7.51,,5.3,2.0,2.0,,6.2,6.0,6.0,,6.0,0.0,0.0,,3.7,0.0,0.0,,10.0,10.0,10.0,,Fase 3 (7° e 8° ano),Fase 3 (7° e 8° ano)
RA-1157,2009,16,Masculino,16-17 anos,2023,Ingressante 2023,Pública,,3.0,3.0,,Ametista,Ametista,,7.086633333,7.916082936533334,7.916082936533334,,,,,,9.2,9.585,9.585,,8.8,9.082539682666665,9.082539682666665,,6.26,7.51,7.51,,5.7,7.0,7.0,,5.0,8.0,8.0,,6.3,6.0,6.0,,5.7,7.0,7.0,,5.0,5.0,5.0,,Fase 4 (9° ano),Fase 4 (9° ano)
RA-1158,2009,16,Feminino,16-17 anos,2023,Ingressante,Pública,,3.0,,,Agata,,,6.306666667,,6.306666667,,,,,,7.5,,7.5,,8.6,,8.6,,2.52,,2.52,,4.3,,4.3,,5.3,,5.3,,5.0,,5.0,,2.7,,2.7,,5.0,,5.0,,Fase 4 (9° ano),
RA-1159,2010,15,Feminino,13-15 anos,2023,Ingressante,Pública,,3.0,,,Quartzo,,,5.913883333,,5.913883333,,,,,,5.8,,5.8,,6.6,,6.6,,2.52,,2.52,,3.1,,3.1,,5.2,,5.2,,1.5,,1.5,,2.5,,2.5,,10.0,,10.0,,Fase 3 (7° e 8° ano),
RA-1160,2010,15,Masculino,13-15 anos,2023,Ingressante 2023,Pública,,3.0,3.0,,Agata,Agata,,6.636166667,6.274190982333334,6.274190982333334,,,,,,9.6,8.751,8.751,,8.7,8.201288245,8.201288245,,2.52,7.51,7.51,,2.7,3.1666666666666665,3.1666666666666665,,4.8,5.5,5.5,,2.7,2.0,2.0,,0.7,2.0,2.0,,10.0,5.0,5.0,,Fase 3 (7° e 8° ano),Fase 4 (9° ano)
RA-1161,2010,15,Feminino,13-15 anos,2023,Ingressante,Pública,,3.0,,,Ametista,,,7.317791667,,7.317791667,,,,,,6.3,,6.3,,8.1,,8.1,,2.52,,2.52,,6.3,,6.3,,7.3,,7.3,,6.5,,6.5,,5.2,,5.2,,10.0,,10.0,,Fase 3 (7° e 8° ano),
RA-1162,2009,16,Feminino,16-17 anos,2023,Ingressante 2023,Pública,,3.0,4.0,,Ametista,Ametista,,7.44215,7.473167836266667,7.473167836266667,,,,,,8.3,7.917,7.917,,8.5,9.135672514666666,9.135672514666666,,3.77,6.26,6.26,,6.0,5.666666666666667,5.666666666666667,,7.3,4.0,4.0,,5.5,7.5,7.5,,5.2,5.5,5.5,,10.0,10.0,10.0,,Fase 3 (7° e 8° ano),Fase 4 (9° ano)
RA-1163,2009,16,Masculino,16-17 anos,2023,Ingressante 2023,Pública,,3.0,4.0,,Ametista,Topázio,,7.749391667,8.6794789474,8.6794789474,,,,,,8.8,8.334,8.334,,9.3,9.824561403666666,9.824561403666666,,7.52,7.51,7.51,,7.2,7.833333333333333,7.833333333333333,,7.0,9.5,9.5,,6.7,6.5,6.5,,8.0,7.5,7.5,,5.0,10.0,10.0,,Fase 4 (9° ano),Fase 4 (9° ano)
RA-1164,2010,15,Masculino,13-15 anos,2023,Ingressante,Pública,,3.0,,,Agata,,,6.910091667,,6.910091667,,,,,,9.2,,9.2,,7.5,,7.5,,2.52,,2.52,,4.8,,4.8,,7.0,,7.0,,7.5,,7.5,,0.0,,0.0,,10.0,,10.0,,Fase 3 (7° e 8° ano),
RA-1165,2011,14,Feminino,13-15 anos,2023,Ingressante 2023,Pública,,3.0,3.0,,Ametista,Ametista,,7.880716667,7.908044272466667,7.908044272466667,,,,,,9.2,8.751,8.751,,9.1,6.829721362333333,6.829721362333333,,5.0,8.135,8.135,,7.3,8.0,8.0,,7.0,9.0,9.0,,6.0,7.5,7.5,,9.0,7.5,7.5,,10.0,10.0,10.0,,Fase 3 (7° e 8° ano),Fase 3 (7° e 8° ano)
RA-1166,2008,17,Feminino,16-17 anos,2023,Ingressante 2023,Pública,,3.0,4.0,,Ametista,Ametista,,7.307858333,7.452799122766667,7.452799122766667,,,,,,8.3,8.334,8.334,,9.6,8.498245614,8.498245614,,7.52,6.26,6.26,,4.8,6.333333333333333,6.333333333333333,,5.3,5.0,5.0,,2.8,7.0,7.0,,6.2,7.0,7.0,,5.0,5.0,5.0,,Fase 5 (1° EM),Fase 5 (1° EM)
RA-1167,2007,18,Masculino,18+ anos,2023,Ingressante,Pública,,3.0,,,Agata,,,6.021891667,,6.021891667,,,,,,8.8,,8.8,,7.6,,7.6,,2.52,,2.52,,3.8,,3.8,,6.0,,6.0,,3.7,,3.7,,1.8,,1.8,,2.5,,2.5,,Fase 6 (2° EM),
RA-1168,2010,15,Feminino,13-15 anos,2023,Ingressante 2023,Pública,,3.0,3.0,,Quartzo,Agata,,5.886625,6.864053921600001,6.864053921600001,,,,,,0.0,9.585,9.585,,8.8,7.682352941333334,7.682352941333334,,2.52,7.51,7.51,,3.5,5.666666666666667,5.666666666666667,,5.0,8.5,8.5,,2.0,3.5,3.5,,3.5,5.0,5.0,,10.0,5.0,5.0,,Fase 3 (7° e 8° ano),Fase 4 (9° ano)
RA-1169,2009,16,Feminino,16-17 anos,2023,Ingressante 2023,Pública,,3.0,4.0,,Ametista,Agata,,7.213625,6.885305555533334,6.885305555533334,,,,,,7.5,6.25,6.25,,9.5,8.444444444333334,8.444444444333334,,5.0,5.635,5.635,,6.3,6.833333333333333,6.833333333333333,,6.8,6.0,6.0,,7.3,6.5,6.5,,4.8,8.0,8.0,,5.0,5.0,5.0,,Fase 4 (9° ano),Fase 5 (1° EM)
RA-1170,2009,16,Masculino,16-17 anos,2023,Ingressante 2023,Pública,,3.0,3.0,,Agata,Agata,,6.874683333,6.095440873,6.095440873,,,,,,8.8,9.168,9.168,,7.7,5.565079365,5.565079365,,7.52,8.13,8.13,,5.9,3.5,3.5,,6.0,1.0,1.0,,6.8,2.5,2.5,,4.8,7.0,7.0,,5.0,5.0,5.0,,Fase 4 (9° ano),Fase 5 (1° EM)
RA-1171,2009,16,Masculino,16-17 anos,2023,Ingressante 2023,Pública,,3.0,4.0,,Ametista,Ametista,,7.856033333,7.6236817459,7.6236817459,,,,,,7.9,8.334,8.334,,8.4,7.230158729999999,7.230158729999999,,5.0,7.51,7.51,,8.7,7.5,7.5,,7.3,5.0,5.0,,9.0,9.5,9.5,,9.7,8.0,8.0,,5.0,5.0,5.0,,Fase 4 (9° ano),Fase 5 (1° EM)
RA-1172,2007,18,Feminino,18+ anos,2023,Ingressante 2023,Pública,,4.0,5.0,,Ametista,Quartzo,,7.030108333,5.719565079333334,5.719565079333334,,,,,,8.3,7.5,7.5,,7.8,6.0634920633333325,6.0634920633333325,,2.52,6.26,6.26,,6.7,3.3333333333333335,3.3333333333333335,,6.0,0.0,0.0,,5.7,5.0,5.0,,8.3,5.0,5.0,,5.0,5.0,5.0,,Fase 6 (2° EM),Fase 6 (2° EM)
RA-1173,2009,16,Masculino,16-17 anos,2023,Ingressante 2023,Pública,,4.0,5.0,,Ametista,Topázio,,7.67285,8.220132915666667,8.220132915666667,,,,,,8.8,9.168,9.168,,9.7,9.665831245,9.665831245,,2.52,7.51,7.51,,6.0,5.833333333333333,5.833333333333333,,7.0,6.0,6.0,,5.0,7.5,7.5,,6.0,4.0,4.0,,10.0,10.0,10.0,,Fase 4 (9° ano),Fase 5 (1° EM)
RA-1174,2008,17,Feminino,16-17 anos,2023,Ingressante 2023,Pública,,4.0,5.0,,Ametista,Ametista,,7.333591667,7.374213419866667,7.374213419866667,,,,,,9.2,8.751,8.751,,8.7,8.349567099333333,8.349567099333333,,2.52,6.26,6.26,,6.8,5.0,5.0,,6.5,5.0,5.0,,7.2,3.0,3.0,,6.8,7.0,7.0,,5.0,10.0,10.0,,Fase 5 (1° EM),Fase 5 (1° EM)
RA-1175,2006,19,Feminino,18+ anos,2023,Ingressante,Pública,,4.0,,,Quartzo,,,5.939858333,,5.939858333,,,,,,8.3,,8.3,,5.3,,5.3,,2.52,,2.52,,6.3,,6.3,,6.3,,6.3,,6.3,,6.3,,6.2,,6.2,,2.5,,2.5,,Fase 7 (3° EM),
RA-1176,2010,15,Masculino,13-15 anos,2023,Ingressante 2023,Pública | Privada - Programa de Apadrinhamento,,4.0,5.0,,Topázio,Topázio,,8.881483333,8.914816269866666,8.914816269866666,,,,,,8.3,8.751,8.751,,9.3,9.682539682666667,9.682539682666667,,7.52,6.26,6.26,,8.2,9.166666666666666,9.166666666666666,,8.0,10.0,10.0,,7.8,8.0,8.0,,8.7,9.5,9.5,,10.0,10.0,10.0,,Fase 3 (7° e 8° ano),Fase 4 (9° ano)
RA-1177,2008,17,Feminino,16-17 anos,2023,Ingressante 2023,Pública,,4.0,5.0,,Topázio,Topázio,,8.345491667,8.3233039474,8.3233039474,,,,,,10.0,8.751,8.751,,9.9,9.824561403666666,9.824561403666666,,2.52,6.26,6.26,,7.2,7.333333333333333,7.333333333333333,,7.0,9.5,9.5,,6.7,5.5,5.5,,8.0,7.0,7.0,,10.0,10.0,10.0,,Fase 4 (9° ano),Fase 5 (1° EM)
RA-1178,2007,18,Masculino,18+ anos,2023,Ingressante 2023,Pública,,4.0,5.0,,Ametista,Topázio,,7.066475,8.0934746032,8.0934746032,,,,,,8.8,8.751,8.751,,9.3,9.682539682666667,9.682539682666667,,2.52,6.26,6.26,,5.7,8.333333333333334,8.333333333333334,,6.3,9.0,9.0,,4.5,8.0,8.0,,6.3,8.0,8.0,,5.0,5.0,5.0,,Fase 6 (2° EM),Fase 6 (2° EM)
RA-1179,2008,17,Masculino,16-17 anos,2023,Ingressante,Pública,,4.0,,,Agata,,,6.631333333,,6.631333333,,,,,,9.6,,9.6,,8.1,,8.1,,4.38,,4.38,,5.0,,5.0,,6.7,,6.7,,3.7,,3.7,,4.5,,4.5,,5.0,,5.0,,Fase 5 (1° EM),
RA-1180,2008,17,Masculino,16-17 anos,2023,Ingressante,Pública,,4.0,,,Ametista,,,7.067983333,,7.067983333,,,,,,8.3,,8.3,,9.5,,9.5,,5.0,,5.0,,5.4,,5.4,,6.0,,6.0,,4.8,,4.8,,5.3,,5.3,,5.0,,5.0,,Fase 5 (1° EM),
RA-1181,2009,16,Feminino,16-17 anos,2023,Ingressante 2023,Pública,,4.0,5.0,,Agata,Agata,,6.971266667,6.2015816738666665,6.2015816738666665,,,,,,8.8,9.168,9.168,,8.3,5.036075036,5.036075036,,2.52,6.26,6.26,,4.8,3.8333333333333335,3.8333333333333335,,5.7,1.0,1.0,,4.3,1.0,1.0,,4.5,9.5,9.5,,10.0,10.0,10.0,,Fase 4 (9° ano),Fase 5 (1° EM)
RA-1182,2007,18,Feminino,18+ anos,2023,Ingressante,Pública,,4.0,,,Quartzo,,,5.709808333,,5.709808333,,,,,,7.5,,7.5,,6.3,,6.3,,2.52,,2.52,,4.2,,4.2,,5.3,,5.3,,2.0,,2.0,,5.2,,5.2,,5.0,,5.0,,Fase 6 (2° EM),
RA-1183,2007,18,Masculino,18+ anos,2023,Ingressante,Pública,,4.0,,,Agata,,,6.269541667,,6.269541667,,,,,,7.5,,7.5,,8.7,,8.7,,2.52,,2.52,,5.3,,5.3,,6.0,,6.0,,4.0,,4.0,,6.0,,6.0,,5.0,,5.0,,Fase 5 (1° EM),
RA-1184,2007,18,Masculino,18+ anos,2023,Ingressante 2023,Pública,,4.0,5.0,,Ametista,Ametista,,7.381566667,7.411701731566668,7.411701731566668,,,,,,8.3,6.666,6.666,,8.3,8.658008657666668,8.658008657666668,,5.0,7.51,7.51,,7.3,7.666666666666667,7.666666666666667,,8.0,6.0,6.0,,5.5,7.0,7.0,,8.5,10.0,10.0,,5.0,5.0,5.0,,Fase 6 (2° EM),Fase 6 (2° EM)
RA-1185,2010,15,Feminino,13-15 anos,2023,Ingressante,Pública,,4.0,,,Topázio,,,8.02675,,8.02675,,,,,,7.5,,7.5,,9.1,,9.1,,5.0,,5.0,,7.5,,7.5,,6.7,,6.7,,6.3,,6.3,,9.5,,9.5,,10.0,,10.0,,Fase 3 (7° e 8° ano),
RA-1186,2007,18,Feminino,18+ anos,2023,Ingressante,Pública,,4.0,,,Ametista,,,7.281433333,,7.281433333,,,,,,8.8,,8.8,,9.8,,9.8,,6.89,,6.89,,5.5,,5.5,,6.7,,6.7,,5.2,,5.2,,4.5,,4.5,,5.0,,5.0,,Fase 6 (2° EM),
RA-1187,2010,15,Feminino,13-15 anos,2023,Ingressante,Pública,,4.0,,,Agata,,,6.644475,,6.644475,,,,,,8.8,,8.8,,6.9,,6.9,,2.52,,2.52,,5.3,,5.3,,4.7,,4.7,,5.0,,5.0,,6.2,,6.2,,10.0,,10.0,,Fase 3 (7° e 8° ano),
RA-1188,2008,17,Feminino,16-17 anos,2023,Ingressante 2023,Pública,,4.0,5.0,,,Ametista,,,7.801633333400001,7.801633333400001,,,,,,9.6,9.168,9.168,,9.4,10.0,10.0,,,7.51,7.51,,6.4,7.0,7.0,,6.5,7.0,7.0,,7.5,6.0,6.0,,5.2,8.0,8.0,,5.0,5.0,5.0,,Fase 5 (1° EM),Fase 6 (2° EM)
RA-1189,2008,17,Feminino,16-17 anos,2023,Ingressante 2023,Pública,,4.0,5.0,,,Ametista,,,7.6486387164,7.6486387164,,,,,,8.8,9.585,9.585,,9.0,8.672360248333332,8.672360248333332,,,7.51,7.51,,6.1,7.666666666666667,7.666666666666667,,6.3,7.0,7.0,,5.7,7.0,7.0,,6.2,9.0,9.0,,5.0,5.0,5.0,,Fase 5 (1° EM),Fase 6 (2° EM)
RA-1190,2009,16,Masculino,16-17 anos,2023,Ingressante,Pública,,4.0,,,Agata,,,6.330041667,,6.330041667,,,,,,0.0,,0.0,,9.2,,9.2,,5.0,,5.0,,4.2,,4.2,,3.0,,3.0,,4.2,,4.2,,5.5,,5.5,,10.0,,10.0,,Fase 4 (9° ano),
RA-1191,2009,16,Masculino,16-17 anos,2023,Ingressante,Pública,,4.0,,,Agata,,,6.175333333,,6.175333333,,,,,,7.5,,7.5,,7.2,,7.2,,5.0,,5.0,,3.7,,3.7,,2.3,,2.3,,2.5,,2.5,,6.2,,6.2,,10.0,,10.0,,Fase 4 (9° ano),
RA-1192,2007,18,Feminino,18+ anos,2023,Ingressante,Pública,,4.0,,,Agata,,,6.780741667,,6.780741667,,,,,,7.9,,7.9,,8.7,,8.7,,2.52,,2.52,,5.8,,5.8,,4.7,,4.7,,6.0,,6.0,,6.8,,6.8,,5.0,,5.0,,Fase 5 (1° EM),
RA-1193,2009,16,Feminino,16-17 anos,2023,Ingressante 2023,Pública,,4.0,4.0,,Agata,Agata,,6.018083333,6.6304815790000005,6.6304815790000005,,,,,,0.0,8.751,8.751,,7.8,7.763157895,7.763157895,,5.0,5.635,5.635,,4.1,4.0,4.0,,3.7,3.0,3.0,,3.5,6.0,6.0,,5.0,3.0,3.0,,10.0,5.0,5.0,,Fase 4 (9° ano),Fase 5 (1° EM)
RA-1194,2010,15,Masculino,13-15 anos,2023,Ingressante,Pública,,4.0,,,Ametista,,,7.671933333,,7.671933333,,,,,,8.8,,8.8,,9.0,,9.0,,5.0,,5.0,,6.1,,6.1,,6.0,,6.0,,4.2,,4.2,,8.0,,8.0,,10.0,,10.0,,Fase 3 (7° e 8° ano),
RA-1195,2006,19,Feminino,18+ anos,2022,Ingressante 2023,Pública,,4.0,5.0,,Quartzo,Ametista,,5.677291667,7.5085144926666665,7.5085144926666665,,,,,,0.0,9.585,9.585,,8.3,9.855072463666666,9.855072463666666,,2.52,5.63,5.63,,5.4,6.166666666666667,6.166666666666667,,4.3,8.0,8.0,,4.7,5.0,5.0,,7.3,5.5,5.5,,2.5,5.0,5.0,,Fase 7 (3° EM),Fase 7 (3° EM)
RA-1196,2008,17,Masculino,16-17 anos,2023,Ingressante,Privada,,5.0,,,Ametista,,,7.03025,,7.03025,,,,,,0.0,,0.0,,8.2,,8.2,,5.0,,5.0,,7.5,,7.5,,8.0,,8.0,,6.2,,6.2,,8.3,,8.3,,10.0,,10.0,,Fase 5 (1° EM),
RA-1197,2007,18,Feminino,18+ anos,2023,Ingressante,Pública,,5.0,,,Agata,,,6.946058333,,6.946058333,,,,,,6.7,,6.7,,8.4,,8.4,,5.0,,5.0,,7.3,,7.3,,5.3,,5.3,,7.2,,7.2,,9.3,,9.3,,5.0,,5.0,,Fase 6 (2° EM),
RA-1198,2007,18,Feminino,18+ anos,2023,Ingressante 2023,Pública,,5.0,5.0,,Ametista,Agata,,7.515233333,6.9217748918,6.9217748918,,,,,,8.3,8.751,8.751,,9.4,9.458874459,9.458874459,,6.26,7.51,7.51,,6.7,3.5,3.5,,7.3,0.0,0.0,,3.7,1.0,1.0,,9.0,9.5,9.5,,5.0,5.0,5.0,,Fase 6 (2° EM),Fase 6 (2° EM)
RA-1199,2006,19,Masculino,18+ anos,2023,Ingressante 2023,Pública | Concluiu o 3º EM,,5.0,5.0,,Ametista,Ametista,,7.024933333,7.614235714266666,7.614235714266666,,,,,,6.7,7.5,7.5,,9.1,8.571428571333334,8.571428571333334,,5.0,5.005,5.005,,6.2,9.0,9.0,,6.8,10.0,10.0,,5.0,7.0,7.0,,6.7,10.0,10.0,,5.0,5.0,5.0,,Fase 7 (3° EM),Fase 7 (3° EM)
RA-1200,2007,18,Feminino,18+ anos,2023,Ingressante 2023,Pública,,5.0,5.0,,Quartzo,Quartzo,,5.711166667,5.6415838956,5.6415838956,,,,,,0.0,7.917,7.917,,6.4,7.099419478000001,7.099419478000001,,5.0,6.26,6.26,,4.0,1.5,1.5,,4.3,0.0,0.0,,2.3,4.5,4.5,,5.5,0.0,0.0,,10.0,5.0,5.0,,Fase 5 (1° EM),Fase 6 (2° EM)
RA-1201,2008,17,Masculino,16-17 anos,2023,Ingressante 2023,Pública,,5.0,5.0,,Topázio,Topázio,,8.378008333,8.376195238033333,8.376195238033333,,,,,,9.2,8.751,8.751,,9.6,9.523809523666666,9.523809523666666,,3.77,7.51,7.51,,7.8,9.0,9.0,,8.3,9.0,9.0,,6.5,8.0,8.0,,8.5,10.0,10.0,,10.0,5.0,5.0,,Fase 5 (1° EM),Fase 6 (2° EM)
RA-1202,2007,18,Feminino,18+ anos,2023,Ingressante,Pública,,5.0,,,Agata,,,6.202008333,,6.202008333,,,,,,7.1,,7.1,,7.6,,7.6,,7.52,,7.52,,3.3,,3.3,,4.5,,4.5,,3.3,,3.3,,2.0,,2.0,,5.0,,5.0,,Fase 6 (2° EM),
RA-1203,2007,18,Feminino,18+ anos,2023,Ingressante 2023,Pública | Privada - Programa de Apadrinhamento,,5.0,6.0,,Ametista,Topázio,,7.487841667,8.9495245614,8.9495245614,,,,,,9.2,9.168,9.168,,10.0,9.649122807,9.649122807,,2.52,7.51,7.51,,7.2,9.0,9.0,,6.7,8.5,8.5,,5.8,9.0,9.0,,9.2,9.5,9.5,,5.0,10.0,10.0,,Fase 6 (2° EM),Fase 6 (2° EM)
RA-1204,2007,18,Masculino,18+ anos,2023,Ingressante,Pública,,5.0,,,Agata,,,6.940416667,,6.940416667,,,,,,7.5,,7.5,,8.7,,8.7,,5.0,,5.0,,6.1,,6.1,,5.0,,5.0,,3.7,,3.7,,9.7,,9.7,,5.0,,5.0,,Fase 6 (2° EM),
RA-1205,2005,20,Feminino,18+ anos,2023,Ingressante,Pública,,5.0,,,Agata,,,6.806466667,,6.806466667,,,,,,9.2,,9.2,,9.2,,9.2,,6.26,,6.26,,5.0,,5.0,,5.2,,5.2,,3.7,,3.7,,6.2,,6.2,,2.5,,2.5,,Fase 8 (Universitários),
RA-1206,2006,19,Feminino,18+ anos,2023,Ingressante,Pública,,5.0,,,Agata,,,6.724183333,,6.724183333,,,,,,8.8,,8.8,,8.3,,8.3,,2.52,,2.52,,5.6,,5.6,,4.7,,4.7,,3.7,,3.7,,8.3,,8.3,,5.0,,5.0,,Fase 7 (3° EM),
RA-1207,2008,17,Feminino,16-17 anos,2023,Ingressante 2023,Pública,,5.0,5.0,,Ametista,Agata,,7.58235,6.509169736866667,6.509169736866667,,,,,,8.8,8.334,8.334,,9.0,6.581140350999999,6.581140350999999,,5.0,7.51,7.51,,5.5,5.333333333333333,5.333333333333333,,5.0,4.5,4.5,,4.0,1.5,1.5,,7.5,10.0,10.0,,10.0,5.0,5.0,,Fase 5 (1° EM),Fase 6 (2° EM)
RA-1208,2008,17,Masculino,16-17 anos,2023,Ingressante,Pública,,5.0,,,Ametista,,,7.0651,,7.0651,,,,,,8.8,,8.8,,8.8,,8.8,,2.52,,2.52,,6.2,,6.2,,5.0,,5.0,,4.8,,4.8,,8.8,,8.8,,10.0,,10.0,,Fase 5 (1° EM),
RA-1209,2007,18,Feminino,18+ anos,2023,Ingressante,Pública,,5.0,,,Ametista,,,7.43375,,7.43375,,,,,,7.5,,7.5,,9.4,,9.4,,5.0,,5.0,,7.4,,7.4,,7.7,,7.7,,5.7,,5.7,,8.8,,8.8,,5.0,,5.0,,Fase 6 (2° EM),
RA-1210,2007,18,Feminino,18+ anos,2023,Ingressante 2023,Pública,,5.0,6.0,,Ametista,Topázio,,7.171083333,8.2302,8.2302,,,,,,9.6,9.585,9.585,,9.4,10.0,10.0,,5.0,7.51,7.51,,4.7,5.5,5.5,,5.0,5.0,5.0,,2.0,6.5,6.5,,7.0,5.0,5.0,,5.0,10.0,10.0,,Fase 6 (2° EM),Fase 6 (2° EM)
RA-1211,2007,18,Feminino,18+ anos,2023,Ingressante,Pública,,5.0,,,Ametista,,,7.09205,,7.09205,,,,,,7.1,,7.1,,9.1,,9.1,,5.0,,5.0,,6.2,,6.2,,6.3,,6.3,,4.5,,4.5,,7.8,,7.8,,5.0,,5.0,,Fase 6 (2° EM),
RA-1212,2007,18,Feminino,18+ anos,2023,Ingressante,Pública,,5.0,,,Agata,,,6.755358333,,6.755358333,,,,,,8.3,,8.3,,8.9,,8.9,,5.0,,5.0,,4.2,,4.2,,0.0,,0.0,,3.5,,3.5,,9.0,,9.0,,5.0,,5.0,,Fase 6 (2° EM),
RA-1213,2006,19,Feminino,18+ anos,2023,Ingressante,Pública,,5.0,,,Quartzo,,,5.95625,,5.95625,,,,,,0.0,,0.0,,8.4,,8.4,,2.52,,2.52,,6.0,,6.0,,6.7,,6.7,,4.8,,4.8,,6.5,,6.5,,5.0,,5.0,,Fase 7 (3° EM),
RA-1214,2007,18,Masculino,18+ anos,2023,Ingressante 2023,Pública,,6.0,7.0,,Topázio,Topázio,,8.378666667,8.5902971362,8.5902971362,,,,,,9.6,10.002,10.002,,9.8,9.081527348,9.081527348,,6.89,8.13,8.13,,7.4,8.0,8.0,,8.0,8.0,8.0,,5.0,6.0,6.0,,9.3,10.0,10.0,,10.0,10.0,10.0,,Fase 6 (2° EM),Fase 7 (3° EM)
RA-1215,2007,18,Feminino,18+ anos,2023,Ingressante,Pública,,6.0,,,Agata,,,6.339466667,,6.339466667,,,,,,7.1,,7.1,,5.6,,5.6,,5.0,,5.0,,4.1,,4.1,,5.0,,5.0,,2.7,,2.7,,4.7,,4.7,,10.0,,10.0,,Fase 6 (2° EM),
RA-1216,2004,21,Feminino,18+ anos,2023,Ingressante 2023,Concluiu o 3º EM | Privada *Parcerias com Bolsa 100%,,6.0,8.0,,Ametista,,,7.7105,,7.7105,,,,,,9.6,,9.6,,9.0,0.0,0.0,,5.63,,5.63,,7.9,,7.9,,8.7,,8.7,,5.3,,5.3,,9.7,,9.7,,5.0,10.0,10.0,,Fase 8 (Universitários),Fase 8 (Universitários)
RA-1217,2006,19,Feminino,18+ anos,2023,Ingressante,Pública,,6.0,,,Agata,,,6.064625,,6.064625,,,,,,0.0,,0.0,,7.9,,7.9,,5.63,,5.63,,5.9,,5.9,,7.0,,7.0,,4.0,,4.0,,6.7,,6.7,,5.0,,5.0,,Fase 7 (3° EM),
RA-1218,2006,19,Masculino,18+ anos,2023,Ingressante,Pública,,6.0,,,Agata,,,6.8265,,6.8265,,,,,,7.5,,7.5,,9.2,,9.2,,5.0,,5.0,,5.3,,5.3,,6.7,,6.7,,3.5,,3.5,,5.7,,5.7,,5.0,,5.0,,Fase 7 (3° EM),
RA-1219,2007,18,Feminino,18+ anos,2023,Ingressante,Pública,,6.0,,,Ametista,,,7.215141667,,7.215141667,,,,,,8.8,,8.8,,6.5,,6.5,,5.63,,5.63,,6.3,,6.3,,7.2,,7.2,,5.5,,5.5,,6.3,,6.3,,10.0,,10.0,,Fase 6 (2° EM),
RA-1220,2005,20,Feminino,18+ anos,2023,Ingressante 2023,Pública | Concluiu o 3º EM,,6.0,6.0,,Agata,Ametista,,6.46725,7.143244444466667,7.143244444466667,,,,,,0.0,7.083,7.083,,9.0,8.555555555666666,8.555555555666666,,5.0,6.885,6.885,,6.8,7.666666666666667,7.666666666666667,,8.8,9.0,9.0,,5.3,7.0,7.0,,6.3,7.0,7.0,,5.0,5.0,5.0,,Fase 7 (3° EM),Fase 7 (3° EM)
RA-1221,2001,24,Feminino,18+ anos,2023,Ingressante 2023,Concluiu o 3º EM,,7.0,8.0,,Topázio,,,8.027466667,,8.027466667,,,,,,9.2,,9.2,,9.1,0.0,0.0,,6.26,,6.26,,8.7,8.0,8.0,,8.2,7.0,7.0,,8.0,7.0,7.0,,10.0,10.0,10.0,,5.0,10.0,10.0,,Fase 8 (Universitários),Fase 8 (Universitários)
RA-1222,2003,22,Feminino,18+ anos,2023,Ingressante,Nenhuma das opções acima,,7.0,,,Ametista,,,7.026466667,,7.026466667,,,,,,7.1,,7.1,,10.0,,10.0,,5.63,,5.63,,6.8,,6.8,,5.0,,5.0,,6.5,,6.5,,9.0,,9.0,,5.0,,5.0,,Fase 8 (Universitários),
RA-1223,2006,19,Masculino,18+ anos,2023,Ingressante,Pública,,7.0,,,Topázio,,,8.187766667,,8.187766667,,,,,,8.8,,8.8,,9.3,,9.3,,5.0,,5.0,,9.0,,9.0,,9.5,,9.5,,8.3,,8.3,,9.3,,9.3,,10.0,,10.0,,Fase 7 (3° EM),
RA-1224,2003,22,Masculino,18+ anos,2023,Ingressante 2023,Concluiu o 3º EM,,7.0,8.0,,Ametista,,,7.5524,,7.5524,,,,,,8.3,,8.3,,9.4,0.0,0.0,,5.0,,5.0,,8.0,,8.0,,8.2,,8.2,,6.3,,6.3,,9.5,,9.5,,5.0,10.0,10.0,,Fase 8 (Universitários),Fase 8 (Universitários)
RA-1225,2005,20,Feminino,18+ anos,2021,Ingressante 2023,Concluiu o 3º EM | Privada *Parcerias com Bolsa 100%,,7.0,8.0,,,,,,,,,,,,,7.5,,7.5,,,0.0,0.0,,2.52,,2.52,,,,,,,,,,,,,,,,,,5.0,10.0,10.0,,Fase 8 (Universitários),Fase 8 (Universitários)
RA-1226,2007,18,Feminino,18+ anos,2021,Ingressante 2023,Privada *Parcerias com Bolsa 100%,,7.0,7.0,,,Ametista,,,7.785233333333334,7.785233333333334,,,,,,9.2,8.334,8.334,,,9.0,9.0,,7.52,6.885,6.885,,,6.066666666666666,6.066666666666666,,,6.0,6.0,,,6.2,6.2,,,6.0,6.0,,10.0,10.0,10.0,,Fase 6 (2° EM),Fase 7 (3° EM)
RA-1227,2006,19,Feminino,18+ anos,2021,Ingressante 2023,Privada - Programa de Apadrinhamento,,7.0,7.0,,,Quartzo,,,4.8446,4.8446,,,,,,9.2,8.751,8.751,,,0.0,0.0,,2.52,7.195,7.195,,,0.0,0.0,,,0.0,0.0,,,0.0,0.0,,,0.0,0.0,,10.0,10.0,10.0,,Fase 6 (2° EM),Fase 7 (3° EM)
RA-1228,2006,19,Feminino,18+ anos,2021,Ingressante 2023,Privada - Programa de Apadrinhamento,,7.0,7.0,,,Quartzo,,,4.8761,4.8761,,,,,,7.5,8.751,8.751,,,0.0,0.0,,2.52,7.51,7.51,,,0.0,0.0,,,0.0,0.0,,,0.0,0.0,,,0.0,0.0,,10.0,10.0,10.0,,Fase 7 (3° EM),Fase 7 (3° EM)
RA-1229,2006,19,Feminino,18+ anos,2021,Ingressante 2023,Privada - Programa de Apadrinhamento,,7.0,7.0,,,Quartzo,,,4.8238,4.8238,,,,,,8.3,9.168,9.168,,,0.0,0.0,,7.52,6.57,6.57,,,0.0,0.0,,,0.0,0.0,,,0.0,0.0,,,0.0,0.0,,10.0,10.0,10.0,,Fase 6 (2° EM),Fase 7 (3° EM)
RA-1230,2007,18,Feminino,18+ anos,2021,Ingressante 2023,Privada - Programa de Apadrinhamento,,7.0,7.0,,,Quartzo,,,4.7612000000000005,4.7612000000000005,,,,,,0.0,7.917,7.917,,,0.0,0.0,,2.52,7.195,7.195,,,0.0,0.0,,,0.0,0.0,,,0.0,0.0,,,0.0,0.0,,10.0,10.0,10.0,,Fase 6 (2° EM),Fase 7 (3° EM)
RA-1231,2001,24,Masculino,18+ anos,2021,Ingressante 2023,Privada *Parcerias com Bolsa 100% | Privada,,8.0,9.0,,,INCLUIR,,,,,,,,,,,,,,,0.0,0.0,,,,,,,,,,,,,,,,,,,,,,10.0,10.0,10.0,,Fase 8 (Universitários),Fase 8 (Universitários)
RA-1232,2002,23,Masculino,18+ anos,2021,Ingressante 2023,Privada *Parcerias com Bolsa 100% | Privada,,8.0,9.0,,,INCLUIR,,,,,,,,,,,,,,,0.0,0.0,,,,,,,,,,,,,,,,,,,,,,10.0,10.0,10.0,,Fase 8 (Universitários),Fase 8 (Universitários)
RA-1233,2001,24,Feminino,18+ anos,2021,Ingressante 2023,Privada *Parcerias com Bolsa 100% | Privada,,8.0,9.0,,,INCLUIR,,,,,,,,,,,,,,,0.0,0.0,,,,,,,,,,,,,,,,,,,,,,10.0,10.0,10.0,,Fase 8 (Universitários),Fase 8 (Universitários)
RA-1234,2002,23,Feminino,18+ anos,2021,Ingressante 2023,Privada *Parcerias com Bolsa 100% | Privada,,8.0,8.0,,,,,,,,,,,,,,,,,,0.0,0.0,,,,,,,,,,,,,,,,,,,,,,10.0,10.0,10.0,,Fase 8 (Universitários),Fase 8 (Universitários)
RA-1235,2002,23,Masculino,18+ anos,2021,Ingressante 2023,Privada *Parcerias com Bolsa 100% | Privada,,8.0,9.0,,,INCLUIR,,,,,,,,,,,,,,,0.0,0.0,,,,,,,,,,,,,,,,,,,,,,10.0,10.0,10.0,,Fase 8 (Universitários),Fase 8 (Universitários)
RA-1236,2002,23,Feminino,18+ anos,2021,Ingressante 2023,Privada *Parcerias com Bolsa 100% | Privada,,8.0,8.0,,,,,,,,,,,,,,,,,,0.0,0.0,,,,,,,,,,,,,,,,,,,,,,10.0,10.0,10.0,,Fase 8 (Universitários),Fase 8 (Universitários)
RA-1237,2002,23,Feminino,18+ anos,2021,Ingressante 2023,Privada *Parcerias com Bolsa 100%,,8.0,9.0,,,INCLUIR,,,,,,,,,,,,,,,0.0,0.0,,,,,,,,,,,,,,,,,,,,,,10.0,10.0,10.0,,Fase 8 (Universitários),Fase 8 (Universitários)
RA-1238,2002,23,Feminino,18+ anos,2021,Ingressante 2023,Privada *Parcerias com Bolsa 100% | Privada,,8.0,9.0,,,INCLUIR,,,,,,,,,,,,,,,0.0,0.0,,,,,,,,,,,,,,,,,,,,,,10.0,10.0,10.0,,Fase 8 (Universitários),Fase 8 (Universitários)
RA-1239,2003,22,Feminino,18+ anos,2021,Ingressante 2023,Privada *Parcerias com Bolsa 100% | Privada - Pagamento por *Empresa Parceira,,8.0,8.0,,,,,,,,,,,,,,,,,,0.0,0.0,,,,,,,,,,,,,,,,,,,,,,10.0,10.0,10.0,,Fase 8 (Universitários),Fase 8 (Universitários)
RA-1240,2003,22,Masculino,18+ anos,2021,Ingressante 2023,Privada *Parcerias com Bolsa 100% | Privada,,8.0,8.0,,,,,,,,,,,,,,,,,,0.0,0.0,,,,,,,,,,,,,,,,,,,,,,10.0,10.0,10.0,,Fase 8 (Universitários),Fase 8 (Universitários)
RA-1241,2003,22,Feminino,18+ anos,2021,Ingressante 2023,Privada *Parcerias com Bolsa 100% | Privada,,8.0,8.0,,,,,,,,,,,,,,,,,,0.0,0.0,,,,,,,,,,,,,,,,,,,,,,10.0,10.0,10.0,,Fase 8 (Universitários),Fase 8 (Universitários)
RA-1242,2003,22,Feminino,18+ anos,2021,Ingressante 2023,Privada *Parcerias com Bolsa 100% | Privada,,8.0,8.0,,,,,,,,,,,,,,,,,,0.0,0.0,,,,,,,,,,,,,,,,,,,,,,10.0,10.0,10.0,,Fase 8 (Universitários),Fase 8 (Universitários)
RA-1243,2003,22,Feminino,18+ anos,2021,Ingressante,Privada *Parcerias com Bolsa 100%,,8.0,,,,,,,,,,,,,,,,,,,,,,,,,,,,,,,,,,,,,,,,,,10.0,,10.0,,Fase 8 (Universitários),
RA-1244,2003,22,Feminino,18+ anos,2021,Ingressante 2023,Privada *Parcerias com Bolsa 100% | Privada,,8.0,8.0,,,,,,,,,,,,,,,,,,0.0,0.0,,,,,,,,,,,,,,,,,,,,,,10.0,10.0,10.0,,Fase 8 (Universitários),Fase 8 (Universitários)
RA-1245,2003,22,Masculino,18+ anos,2021,Ingressante 2023,Privada *Parcerias com Bolsa 100% | Privada,,8.0,8.0,,,,,,,,,,,,,,,,,,0.0,0.0,,,,,,,,,,,,,,,,,,,,,,10.0,10.0,10.0,,Fase 8 (Universitários),Fase 8 (Universitários)
RA-1246,2003,22,Feminino,18+ anos,2021,Ingressante 2023,Privada - Pagamento por *Empresa Parceira | Privada,,8.0,8.0,,,,,,,,,,,,,,,,,,0.0,0.0,,,,,,,,,,,,,,,,,,,,,,10.0,10.0,10.0,,Fase 8 (Universitários),Fase 8 (Universitários)
RA-1247,2002,23,Feminino,18+ anos,2021,Ingressante,Privada *Parcerias com Bolsa 100%,,8.0,,,,,,,,,,,,,,,,,,,,,,,,,,,,,,,,,,,,,,,,,,10.0,,10.0,,Fase 8 (Universitários),
RA-1248,2003,22,Masculino,18+ anos,2021,Ingressante 2023,Privada *Parcerias com Bolsa 100% | Privada,,8.0,8.0,,,,,,,,,,,,,,,,,,0.0,0.0,,,,,,,,,,,,,,,,,,,,,,10.0,10.0,10.0,,Fase 8 (Universitários),Fase 8 (Universitários)
RA-1249,1996,29,Masculino,18+ anos,2021,Ingressante 2023,Privada *Parcerias com Bolsa 100% | Privada,,8.0,8.0,,,,,,,,,,,,,,,,,,0.0,0.0,,,,,,,,,,,,,,,,,,,,,,10.0,10.0,10.0,,Fase 8 (Universitários),Fase 8 (Universitários)
RA-1250,2003,22,Masculino,18+ anos,2021,Ingressante 2023,Privada - Pagamento por *Empresa Parceira,,8.0,8.0,,,,,,,,,,,,,,,,,,0.0,0.0,,,,,,,,,,,,,,,,,,,,,,10.0,10.0,10.0,,Fase 8 (Universitários),Fase 8 (Universitários)
RA-1251,2003,22,Feminino,18+ anos,2021,Ingressante 2023,Privada *Parcerias com Bolsa 100% | Privada,,8.0,8.0,,,,,,,,,,,,,,,,,,0.0,0.0,,,,,,,,,,,,,,,,,,,,,,10.0,10.0,10.0,,Fase 8 (Universitários),Fase 8 (Universitários)
RA-1252,2002,23,Feminino,18+ anos,2021,Ingressante 2023,Privada *Parcerias com Bolsa 100% | Privada,,8.0,9.0,,,INCLUIR,,,,,,,,,,,,,,,0.0,0.0,,,,,,,,,,,,,,,,,,,,,,10.0,10.0,10.0,,Fase 8 (Universitários),Fase 8 (Universitários)
RA-1253,1999,26,Feminino,18+ anos,2021,Ingressante 2023,Privada *Parcerias com Bolsa 100% | Privada,,8.0,8.0,,,,,,,,,,,,,,,,,,0.0,0.0,,,,,,,,,,,,,,,,,,,,,,10.0,10.0,10.0,,Fase 8 (Universitários),Fase 8 (Universitários)
RA-1254,2003,22,Masculino,18+ anos,2021,Ingressante 2023,Privada *Parcerias com Bolsa 100% | Privada,,8.0,9.0,,,INCLUIR,,,,,,,,,,,,,,,0.0,0.0,,,,,,,,,,,,,,,,,,,,,,10.0,10.0,10.0,,Fase 8 (Universitários),Fase 8 (Universitários)
RA-1255,2004,21,Masculino,18+ anos,2021,Ingressante 2023,Privada *Parcerias com Bolsa 100% | Privada,,8.0,8.0,,,,,,,,,,,,,,,,,,0.0,0.0,,,,,,,,,,,,,,,,,,,,,,10.0,10.0,10.0,,Fase 8 (Universitários),Fase 8 (Universitários)
RA-1256,2004,21,Feminino,18+ anos,2021,Ingressante 2023,Privada *Parcerias com Bolsa 100% | Privada,,8.0,8.0,,,,,,,,,,,,,,,,,,0.0,0.0,,,,,,,,,,,,,,,,,,,,,,10.0,10.0,10.0,,Fase 8 (Universitários),Fase 8 (Universitários)
RA-1257,2004,21,Masculino,18+ anos,2021,Ingressante 2023,Privada *Parcerias com Bolsa 100% | Privada,,8.0,8.0,,,,,,,,,,,,,,,,,,0.0,0.0,,,,,,,,,,,,,,,,,,,,,,10.0,10.0,10.0,,Fase 8 (Universitários),Fase 8 (Universitários)
RA-1258,1998,27,Masculino,18+ anos,2021,Ingressante 2023,Privada *Parcerias com Bolsa 100% | Privada,,8.0,9.0,,,INCLUIR,,,,,,,,,,,,,,,0.0,0.0,,,,,,,,,,,,,,,,,,,,,,10.0,10.0,10.0,,Fase 8 (Universitários),Fase 8 (Universitários)
RA-1259,2004,21,Feminino,18+ anos,2021,Ingressante 2023,Privada *Parcerias com Bolsa 100% | Privada,,8.0,8.0,,,,,,,,,,,,,,,,,,0.0,0.0,,,,,,,,,,,,,,,,,,,,,,10.0,10.0,10.0,,Fase 8 (Universitários),Fase 8 (Universitários)
RA-1260,2004,21,Masculino,18+ anos,2021,Ingressante 2023,Privada *Parcerias com Bolsa 100% | Privada,,8.0,9.0,,,INCLUIR,,,,,,,,,,,,,,,0.0,0.0,,,,,,,,,,,,,,,,,,,,,,10.0,10.0,10.0,,Fase 8 (Universitários),Fase 8 (Universitários)
RA-1261,2004,21,Feminino,18+ anos,2021,Ingressante 2023,Privada *Parcerias com Bolsa 100% | Privada,,8.0,8.0,,,,,,,,,,,,,,,,,,0.0,0.0,,,,,,,,,,,,,,,,,,,,,,10.0,10.0,10.0,,Fase 8 (Universitários),Fase 8 (Universitários)
RA-1262,2004,21,Feminino,18+ anos,2021,Ingressante 2023,Privada *Parcerias com Bolsa 100% | Privada,,8.0,8.0,,,,,,,,,,,,,,,,,,0.0,0.0,,,,,,,,,,,,,,,,,,,,,,10.0,10.0,10.0,,Fase 8 (Universitários),Fase 8 (Universitários)
RA-1263,2003,22,Feminino,18+ anos,2021,Ingressante 2023,Privada *Parcerias com Bolsa 100%,,8.0,8.0,,,,,,,,,,,,,,,,,,0.0,0.0,,,,,,,,,,,,,,,,,,,,,,10.0,10.0,10.0,,Fase 8 (Universitários),Fase 8 (Universitários)
RA-1264,2002,23,Feminino,18+ anos,2021,Ingressante 2023,Privada *Parcerias com Bolsa 100% | Privada,,8.0,8.0,,,,,,,,,,,,,,,,,,0.0,0.0,,,,,,,,,,,,,,,,,,,,,,10.0,10.0,10.0,,Fase 8 (Universitários),Fase 8 (Universitários)
RA-1265,2002,23,Masculino,18+ anos,2022,Ingressante 2023,Privada *Parcerias com Bolsa 100% | Pública,,8.0,8.0,,,,,,,,,,,,,,,,,,0.0,0.0,,,,,,,,,,,,,,,,,,,,,,10.0,10.0,10.0,,Fase 8 (Universitários),Fase 8 (Universitários)
RA-1266,2004,21,Feminino,18+ anos,2021,Ingressante 2023,Privada *Parcerias com Bolsa 100% | Privada,,8.0,9.0,,,INCLUIR,,,,,,,,,,,,,,,0.0,0.0,,,,,,,,,,,,,,,,,,,,,,10.0,10.0,10.0,,Fase 8 (Universitários),Fase 8 (Universitários)
RA-1267,2001,24,Feminino,18+ anos,2021,Ingressante 2023,Privada *Parcerias com Bolsa 100% | Privada,,8.0,9.0,,,INCLUIR,,,,,,,,,,,,,,,0.0,0.0,,,,,,,,,,,,,,,,,,,,,,10.0,10.0,10.0,,Fase 8 (Universitários),Fase 8 (Universitários)
RA-1268,2004,21,Masculino,18+ anos,2021,Ingressante 2023,Privada *Parcerias com Bolsa 100% | Privada,,8.0,9.0,,,INCLUIR,,,,,,,,,,,,,,,0.0,0.0,,,,,,,,,,,,,,,,,,,,,,10.0,10.0,10.0,,Fase 8 (Universitários),Fase 8 (Universitários)
RA-1269,2005,20,Feminino,18+ anos,2021,Ingressante 2023,Privada - Pagamento por *Empresa Parceira,,8.0,8.0,,,,,,,,,,,,,,,,,,0.0,0.0,,,,,,,,,,,,,,,,,,,,,,10.0,10.0,10.0,,Fase 8 (Universitários),Fase 8 (Universitários)
RA-1270,2004,21,Feminino,18+ anos,2021,Ingressante 2023,Privada *Parcerias com Bolsa 100% | Privada - Pagamento por *Empresa Parceira,,8.0,8.0,,,,,,,,,,,,,,,,,,0.0,0.0,,,,,,,,,,,,,,,,,,,,,,10.0,10.0,10.0,,Fase 8 (Universitários),Fase 8 (Universitários)
RA-1271,2004,21,Feminino,18+ anos,2021,Ingressante 2023,Privada *Parcerias com Bolsa 100%,,8.0,8.0,,,,,,,,,,,,,,,,,,0.0,0.0,,,,,,,,,,,,,,,,,,,,,,10.0,10.0,10.0,,Fase 8 (Universitários),Fase 8 (Universitários)
RA-1272,2004,21,Feminino,18+ anos,2021,Ingressante 2023,Privada *Parcerias com Bolsa 100%,,8.0,8.0,,,,,,,,,,,,,,,,,,0.0,0.0,,,,,,,,,,,,,,,,,,,,,,10.0,10.0,10.0,,Fase 8 (Universitários),Fase 8 (Universitários)
RA-1273,2005,20,Feminino,18+ anos,2023,Ingressante 2023,Privada - Pagamento por *Empresa Parceira | Privada *Parcerias com Bolsa 100%,,8.0,8.0,,,,,,,,,,,,,,,,,,0.0,0.0,,,,,,,,,,,,,,,,,,,,,,10.0,10.0,10.0,,Fase 7 (3° EM),Fase 8 (Universitários)
RA-1274,2005,20,Feminino,18+ anos,2021,Ingressante 2023,Privada - Pagamento por *Empresa Parceira,,8.0,8.0,,,,,,,,,,,,,,,,,,0.0,0.0,,,,,,,,,,,,,,,,,,,,,,10.0,10.0,10.0,,Fase 8 (Universitários),Fase 8 (Universitários)
RA-1275,2016,9,Masculino,6-9 anos,2024,Ingressante 2024,Pública,,,,,,Ametista,,,7.611366666700001,7.611366666700001,,,,,,,10.002,10.002,,,8.6666666665,8.6666666665,,,6.26,6.26,,,8.0,8.0,,,10.0,10.0,,,6.0,6.0,,,,,,,10.0,10.0,,,ALFA (1° e 2° ano)
RA-1276,2016,9,Feminino,6-9 anos,2024,Ingressante 2024,Pública,,,,,,Topázio,,,8.002866666700001,8.002866666700001,,,,,,,10.002,10.002,,,9.3333333335,9.3333333335,,,3.76,3.76,,,8.0,8.0,,,10.0,10.0,,,6.0,6.0,,,,,,,10.0,10.0,,,ALFA (1° e 2° ano)
RA-1277,2016,9,Masculino,6-9 anos,2024,Ingressante 2024,Pública,,,,,,Ametista,,,7.952200000100001,7.952200000100001,,,,,,,10.002,10.002,,,9.0833333335,9.0833333335,,,3.76,3.76,,,8.0,8.0,,,10.0,10.0,,,6.0,6.0,,,,,,,10.0,10.0,,,ALFA (1° e 2° ano)
RA-1278,2015,10,Masculino,10-12 anos,2024,Ingressante 2024,Pública,,,,,,Quartzo,,,5.444199999900001,5.444199999900001,,,,,,,9.002,9.002,,,4.1666666665,4.1666666665,,,3.76,3.76,,,7.5,7.5,,,8.0,8.0,,,7.0,7.0,,,,,,,5.0,5.0,,,Fase 1 (3° e 4° ano)
RA-1279,2015,10,Feminino,10-12 anos,2024,Ingressante 2024,Pública,,,,,,Topázio,,,8.0822,8.0822,,,,,,,10.002,10.002,,,10.0,10.0,,,6.26,6.26,,,8.25,8.25,,,9.0,9.0,,,7.5,7.5,,,,,,,5.0,5.0,,,Fase 1 (3° e 4° ano)
RA-1280,2015,10,Masculino,10-12 anos,2024,Ingressante 2024,Pública,,,,,,Topázio,,,8.152624242500002,8.152624242500002,,,,,,,10.002,10.002,,,9.5454545455,9.5454545455,,,6.26,6.26,,,8.5,8.5,,,10.0,10.0,,,7.0,7.0,,,,,,,5.0,5.0,,,Fase 1 (3° e 4° ano)
RA-1281,2015,10,Feminino,10-12 anos,2024,Ingressante 2024,Pública,,,,,,Ametista,,,7.982890909100001,7.982890909100001,,,,,,,7.918,7.918,,,9.5454545455,9.5454545455,,,6.26,6.26,,,9.25,9.25,,,10.0,10.0,,,8.5,8.5,,,,,,,5.0,5.0,,,Fase 1 (3° e 4° ano)
RA-1282,2014,11,Feminino,10-12 anos,2024,Ingressante 2024,Pública,,,,,,Ametista,,,7.8769272727000015,7.8769272727000015,,,,,,,9.502,9.502,,,8.1136363635,8.1136363635,,,6.26,6.26,,,9.25,9.25,,,10.0,10.0,,,8.5,8.5,,,,,,,5.0,5.0,,,Fase 1 (3° e 4° ano)
RA-1283,2014,11,Masculino,10-12 anos,2024,Ingressante 2024,Pública,,,,,,Topázio,,,8.3033538462,8.3033538462,,,,,,,10.002,10.002,,,9.230769231,9.230769231,,,7.51,7.51,,,9.0,9.0,,,10.0,10.0,,,8.0,8.0,,,,,,,5.0,5.0,,,Fase 2 (5° e 6° ano)
RA-1284,2016,9,Feminino,6-9 anos,2024,Ingressante 2024,Pública,,,,,,Topázio,,,8.3800152174,8.3800152174,,,,,,,9.002,9.002,,,9.347826087,9.347826087,,,2.51,2.51,,,10.0,10.0,,,10.0,10.0,,,10.0,10.0,,,,,,,10.0,10.0,,,ALFA (1° e 2° ano)
RA-1285,2017,8,Feminino,6-9 anos,2024,Ingressante 2024,Pública,,,,,,Topázio,,,8.156578882000002,8.156578882000002,,,,,,,10.002,10.002,,,8.830227742999998,8.830227742999998,,,2.51,2.51,,,8.0,8.0,,,8.0,8.0,,,8.0,8.0,,,,,,,10.0,10.0,,,ALFA (1° e 2° ano)
RA-1286,2016,9,Masculino,6-9 anos,2024,Ingressante 2024,Pública,,,,,,Quartzo,,,5.914801966800001,5.914801966800001,,,,,,,8.002,8.002,,,5.051759834,5.051759834,,,2.51,2.51,,,7.0,7.0,,,8.0,8.0,,,6.0,6.0,,,,,,,10.0,10.0,,,ALFA (1° e 2° ano)
RA-1287,2016,9,Feminino,6-9 anos,2024,Ingressante 2024,Pública,,,,,,Ametista,,,7.619650310500001,7.619650310500001,,,,,,,10.002,10.002,,,9.3064182195,9.3064182195,,,2.51,2.51,,,7.75,7.75,,,8.0,8.0,,,7.5,7.5,,,,,,,5.0,5.0,,,Fase 1 (3° e 4° ano)
RA-1288,2017,8,Feminino,6-9 anos,2024,Ingressante 2024,Pública,,,,,,Ametista,,,7.9208899585,7.9208899585,,,,,,,9.002,9.002,,,7.9813664595,7.9813664595,,,2.51,2.51,,,10.0,10.0,,,10.0,10.0,,,10.0,10.0,,,,,,,10.0,10.0,,,ALFA (1° e 2° ano)
RA-1289,2014,11,Feminino,10-12 anos,2024,Ingressante 2024,Pública,,,,,,Ametista,,,7.2171722223,7.2171722223,,,,,,,7.002,7.002,,,9.4444444445,9.4444444445,,,7.51,7.51,,,7.75,7.75,,,9.0,9.0,,,6.5,6.5,,,,,,,5.0,5.0,,,Fase 1 (3° e 4° ano)
RA-1290,2015,10,Masculino,10-12 anos,2024,Ingressante 2024,Pública,,,,,,Topázio,,,8.407200000000001,8.407200000000001,,,,,,,10.002,10.002,,,10.0,10.0,,,7.51,7.51,,,8.75,8.75,,,10.0,10.0,,,7.5,7.5,,,,,,,5.0,5.0,,,Fase 1 (3° e 4° ano)
RA-1291,2015,10,Masculino,10-12 anos,2024,Ingressante 2024,Pública,,,,,,Topázio,,,8.079200000000002,8.079200000000002,,,,,,,9.502,9.502,,,9.5,9.5,,,7.51,7.51,,,8.25,8.25,,,10.0,10.0,,,6.5,6.5,,,,,,,5.0,5.0,,,Fase 1 (3° e 4° ano)
RA-1292,2015,10,Feminino,10-12 anos,2024,Ingressante 2024,Pública,,,,,,Agata,,,6.9031621211,6.9031621211,,,,,,,7.502,7.502,,,4.7727272725,4.7727272725,,,7.51,7.51,,,8.25,8.25,,,10.0,10.0,,,6.5,6.5,,,,,,,5.0,5.0,,,Fase 1 (3° e 4° ano)
RA-1293,2015,10,Feminino,10-12 anos,2024,Ingressante 2024,Pública,,,,,,Topázio,,,8.005023232300001,8.005023232300001,,,,,,,8.002,8.002,,,9.4949494945,9.4949494945,,,7.51,7.51,,,8.5,8.5,,,8.5,8.5,,,8.5,8.5,,,,,,,5.0,5.0,,,Fase 1 (3° e 4° ano)
RA-1294,2014,11,Masculino,10-12 anos,2024,Ingressante 2024,Pública,,,,,,Ametista,,,7.9493666666,7.9493666666,,,,,,,9.502,9.502,,,10.0,10.0,,,7.51,7.51,,,7.75,7.75,,,9.0,9.0,,,6.5,6.5,,,,,,,5.0,5.0,,,Fase 2 (5° e 6° ano)
RA-1295,2016,9,Feminino,6-9 anos,2024,Ingressante 2024,Pública,,,,,,Topázio,,,8.0617454545,8.0617454545,,,,,,,10.002,10.002,,,9.5227272725,9.5227272725,,,2.51,2.51,,,7.5,7.5,,,7.0,7.0,,,8.0,8.0,,,,,,,10.0,10.0,,,ALFA (1° e 2° ano)
RA-1296,2015,10,Feminino,10-12 anos,2024,Ingressante 2024,Pública,,,,,,Ametista,,,7.0574222223000005,7.0574222223000005,,,,,,,9.002,9.002,,,8.4444444445,8.4444444445,,,2.51,2.51,,,6.5,6.5,,,7.5,7.5,,,5.5,5.5,,,,,,,5.0,5.0,,,Fase 1 (3° e 4° ano)
RA-1297,2016,9,Masculino,6-9 anos,2024,Ingressante 2024,Pública,,,,,,Ametista,,,7.620247619000001,7.620247619000001,,,,,,,9.502,9.502,,,9.761904762,9.761904762,,,2.51,2.51,,,9.25,9.25,,,10.0,10.0,,,8.5,8.5,,,,,,,5.0,5.0,,,Fase 1 (3° e 4° ano)
RA-1298,2016,9,Masculino,6-9 anos,2024,Ingressante 2024,Pública,,,,,,Ametista,,,7.577287995300001,7.577287995300001,,,,,,,9.502,9.502,,,6.643356643500001,6.643356643500001,,,7.51,7.51,,,6.75,6.75,,,7.0,7.0,,,6.5,6.5,,,,,,,10.0,10.0,,,ALFA (1° e 2° ano)
RA-1299,2014,11,Masculino,10-12 anos,2024,Ingressante 2024,Pública,,,,,,Ametista,,,7.069727777800001,7.069727777800001,,,,,,,8.502,8.502,,,7.638888889,7.638888889,,,7.51,7.51,,,6.5,6.5,,,7.0,7.0,,,6.0,6.0,,,,,,,5.0,5.0,,,Fase 2 (5° e 6° ano)
RA-1300,2016,9,Feminino,6-9 anos,2024,Ingressante 2024,Pública,,,,,,Ametista,,,7.623866666600001,7.623866666600001,,,,,,,8.502,8.502,,,8.75,8.75,,,2.51,2.51,,,9.0,9.0,,,10.0,10.0,,,8.0,8.0,,,,,,,5.0,5.0,,,Fase 1 (3° e 4° ano)
RA-1301,2015,10,Masculino,10-12 anos,2024,Ingressante 2024,Pública,,,,,,Quartzo,,,5.6345333333,5.6345333333,,,,,,,9.502,9.502,,,2.9166666665000003,2.9166666665000003,,,2.51,2.51,,,7.0,7.0,,,10.0,10.0,,,4.0,4.0,,,,,,,5.0,5.0,,,Fase 1 (3° e 4° ano)
RA-1302,2016,9,Masculino,6-9 anos,2024,Ingressante 2024,Pública,,,,,,Quartzo,,,5.758866666800001,5.758866666800001,,,,,,,10.002,10.002,,,5.416666667,5.416666667,,,2.51,2.51,,,4.0,4.0,,,4.0,4.0,,,4.0,4.0,,,,,,,10.0,10.0,,,ALFA (1° e 2° ano)
RA-1303,2016,9,Feminino,6-9 anos,2024,Ingressante 2024,Pública,,,,,,Topázio,,,8.8352,8.8352,,,,,,,10.002,10.002,,,10.0,10.0,,,2.51,2.51,,,10.0,10.0,,,10.0,10.0,,,10.0,10.0,,,,,,,10.0,10.0,,,ALFA (1° e 2° ano)
RA-1304,2014,11,Feminino,10-12 anos,2024,Ingressante 2024,Pública,,,,,,Ametista,,,7.085119934500001,7.085119934500001,,,,,,,9.002,9.002,,,7.9575163395,7.9575163395,,,8.135,8.135,,,6.0,6.0,,,6.0,6.0,,,6.0,6.0,,,,,,,5.0,5.0,,,Fase 2 (5° e 6° ano)
RA-1305,2014,11,Feminino,10-12 anos,2024,Ingressante 2024,Pública,,,,,,Agata,,,6.685221929800001,6.685221929800001,,,,,,,8.502,8.502,,,8.710526316,8.710526316,,,2.51,2.51,,,4.75,4.75,,,2.0,2.0,,,7.5,7.5,,,,,,,5.0,5.0,,,Fase 1 (3° e 4° ano)
RA-1306,2016,9,Feminino,6-9 anos,2024,Ingressante 2024,Pública,,,,,,Topázio,,,8.503033333400001,8.503033333400001,,,,,,,9.002,9.002,,,10.0,10.0,,,8.135,8.135,,,9.75,9.75,,,10.0,10.0,,,9.5,9.5,,,,,,,5.0,5.0,,,Fase 1 (3° e 4° ano)
RA-1307,2016,9,Masculino,6-9 anos,2024,Ingressante 2024,Pública,,,,,,Agata,,,6.5940333333000005,6.5940333333000005,,,,,,,10.002,10.002,,,5.833333333500001,5.833333333500001,,,6.255,6.255,,,5.5,5.5,,,7.0,7.0,,,4.0,4.0,,,,,,,10.0,10.0,,,ALFA (1° e 2° ano)
RA-1308,2015,10,Feminino,10-12 anos,2024,Ingressante 2024,Pública,,,,,,Agata,,,6.876997101400001,6.876997101400001,,,,,,,10.002,10.002,,,7.445652174,7.445652174,,,7.51,7.51,,,6.0,6.0,,,8.0,8.0,,,4.0,4.0,,,,,,,5.0,5.0,,,Fase 1 (3° e 4° ano)
RA-1309,2016,9,Feminino,6-9 anos,2024,Ingressante 2024,Pública,,,,,,Topázio,,,8.379199999899999,8.379199999899999,,,,,,,9.002,9.002,,,9.1666666665,9.1666666665,,,7.51,7.51,,,7.5,7.5,,,8.0,8.0,,,7.0,7.0,,,,,,,10.0,10.0,,,ALFA (1° e 2° ano)
RA-1310,2017,8,Feminino,6-9 anos,2024,Ingressante 2024,Pública,,,,,,Topázio,,,8.3907833334,8.3907833334,,,,,,,8.502,8.502,,,9.375,9.375,,,2.51,2.51,,,10.0,10.0,,,10.0,10.0,,,10.0,10.0,,,,,,,10.0,10.0,,,ALFA (1° e 2° ano)
RA-1311,2016,9,Masculino,6-9 anos,2024,Ingressante 2024,Pública,,,,,,Agata,,,6.4118666668,6.4118666668,,,,,,,9.002,9.002,,,9.166666667,9.166666667,,,2.51,2.51,,,0.0,0.0,,,0.0,0.0,,,0.0,0.0,,,,,,,10.0,10.0,,,ALFA (1° e 2° ano)
RA-1312,2015,10,Masculino,10-12 anos,2024,Ingressante 2024,Pública,,,,,,Ametista,,,7.510200000000001,7.510200000000001,,,,,,,10.002,10.002,,,8.333333333,8.333333333,,,7.51,7.51,,,6.5,6.5,,,8.0,8.0,,,5.0,5.0,,,,,,,5.0,5.0,,,Fase 1 (3° e 4° ano)
RA-1313,2016,9,Masculino,6-9 anos,2024,Ingressante 2024,Pública,,,,,,Topázio,,,8.0155333334,8.0155333334,,,,,,,9.502,9.502,,,8.125,8.125,,,7.51,7.51,,,6.25,6.25,,,4.0,4.0,,,8.5,8.5,,,,,,,10.0,10.0,,,ALFA (1° e 2° ano)
RA-1314,2017,8,Feminino,6-9 anos,2024,Ingressante 2024,Pública,,,,,,Topázio,,,8.239799999999999,8.239799999999999,,,,,,,7.418,7.418,,,8.541666667,8.541666667,,,7.51,7.51,,,9.0,9.0,,,8.0,8.0,,,10.0,10.0,,,,,,,10.0,10.0,,,ALFA (1° e 2° ano)
RA-1315,2017,8,Masculino,6-9 anos,2024,Ingressante 2024,Pública,,,,,,Topázio,,,8.3510666667,8.3510666667,,,,,,,6.834,6.834,,,8.3333333335,8.3333333335,,,7.51,7.51,,,9.0,9.0,,,10.0,10.0,,,8.0,8.0,,,,,,,10.0,10.0,,,ALFA (1° e 2° ano)
RA-1316,2015,10,Feminino,10-12 anos,2024,Ingressante 2024,Pública,,,,,,Ametista,,,7.59291123,7.59291123,,,,,,,9.002,9.002,,,8.20855615,8.20855615,,,7.51,7.51,,,7.75,7.75,,,9.0,9.0,,,6.5,6.5,,,,,,,5.0,5.0,,,Fase 1 (3° e 4° ano)
RA-1317,2015,10,Feminino,10-12 anos,2024,Ingressante 2024,Pública,,,,,,Ametista,,,7.665638502700001,7.665638502700001,,,,,,,7.502,7.502,,,7.0721925135,7.0721925135,,,7.51,7.51,,,10.0,10.0,,,10.0,10.0,,,10.0,10.0,,,,,,,5.0,5.0,,,Fase 1 (3° e 4° ano)
RA-1318,2016,9,Feminino,6-9 anos,2024,Ingressante 2024,Pública,,,,,,Agata,,,6.823383155100001,6.823383155100001,,,,,,,8.502,8.502,,,7.6871657755000005,7.6871657755000005,,,7.51,7.51,,,5.0,5.0,,,4.0,4.0,,,6.0,6.0,,,,,,,5.0,5.0,,,Fase 1 (3° e 4° ano)
RA-1319,2015,10,Masculino,10-12 anos,2024,Ingressante 2024,Pública,,,,,,Ametista,,,7.201526797300001,7.201526797300001,,,,,,,8.502,8.502,,,5.7516339865,5.7516339865,,,7.51,7.51,,,8.5,8.5,,,10.0,10.0,,,7.0,7.0,,,,,,,5.0,5.0,,,Fase 1 (3° e 4° ano)
RA-1320,2014,11,Masculino,10-12 anos,2024,Ingressante 2024,Pública,,,,,,Ametista,,,7.8845333333,7.8845333333,,,,,,,9.002,9.002,,,9.1666666665,9.1666666665,,,7.51,7.51,,,8.25,8.25,,,9.0,9.0,,,7.5,7.5,,,,,,,5.0,5.0,,,Fase 1 (3° e 4° ano)
RA-1321,2016,9,Masculino,6-9 anos,2024,Ingressante 2024,Pública,,,,,,Ametista,,,7.95295,7.95295,,,,,,,9.002,9.002,,,8.875,8.875,,,6.885,6.885,,,8.75,8.75,,,10.0,10.0,,,7.5,7.5,,,,,,,10.0,10.0,,,ALFA (1° e 2° ano)
RA-1322,2016,9,Feminino,6-9 anos,2024,Ingressante 2024,Pública,,,,,,Topázio,,,8.47795,8.47795,,,,,,,9.502,9.502,,,9.0,9.0,,,7.51,7.51,,,7.5,7.5,,,8.5,8.5,,,6.5,6.5,,,,,,,10.0,10.0,,,ALFA (1° e 2° ano)
RA-1323,2015,10,Masculino,10-12 anos,2024,Ingressante 2024,Pública,,,,,,Ametista,,,7.487366666700001,7.487366666700001,,,,,,,10.002,10.002,,,9.0833333335,9.0833333335,,,7.51,7.51,,,7.0,7.0,,,10.0,10.0,,,4.0,4.0,,,,,,,5.0,5.0,,,Fase 1 (3° e 4° ano)
RA-1324,2015,10,Masculino,10-12 anos,2024,Ingressante 2024,Pública,,,,,,Topázio,,,8.332450000000001,8.332450000000001,,,,,,,10.002,10.002,,,10.0,10.0,,,7.51,7.51,,,8.5,8.5,,,10.0,10.0,,,7.0,7.0,,,,,,,5.0,5.0,,,Fase 1 (3° e 4° ano)
RA-1325,2016,9,Masculino,6-9 anos,2024,Ingressante 2024,Pública,,,,,,Topázio,,,8.9824954545,8.9824954545,,,,,,,9.002,9.002,,,9.5227272725,9.5227272725,,,7.51,7.51,,,10.0,10.0,,,10.0,10.0,,,10.0,10.0,,,,,,,10.0,10.0,,,ALFA (1° e 2° ano)
RA-1326,2016,9,Feminino,6-9 anos,2024,Ingressante 2024,Pública,,,,,,Ametista,,,7.6397833333000005,7.6397833333000005,,,,,,,9.002,9.002,,,9.2916666665,9.2916666665,,,7.51,7.51,,,4.5,4.5,,,0.0,0.0,,,9.0,9.0,,,,,,,10.0,10.0,,,ALFA (1° e 2° ano)
RA-1327,2017,8,Feminino,6-9 anos,2024,Ingressante 2024,Pública,,,,,,Topázio,,,8.264116666700001,8.264116666700001,,,,,,,9.002,9.002,,,9.3333333335,9.3333333335,,,7.51,7.51,,,7.5,7.5,,,10.0,10.0,,,5.0,5.0,,,,,,,10.0,10.0,,,ALFA (1° e 2° ano)
RA-1328,2015,10,Feminino,10-12 anos,2024,Ingressante 2024,Pública,,,,,,Topázio,,,8.0588666667,8.0588666667,,,,,,,8.502,8.502,,,8.2083333335,8.2083333335,,,7.51,7.51,,,10.0,10.0,,,10.0,10.0,,,10.0,10.0,,,,,,,5.0,5.0,,,Fase 1 (3° e 4° ano)
RA-1329,2016,9,Masculino,6-9 anos,2024,Ingressante 2024,Pública,,,,,,Ametista,,,7.98945,7.98945,,,,,,,9.502,9.502,,,10.0,10.0,,,7.51,7.51,,,6.5,6.5,,,10.0,10.0,,,3.0,3.0,,,,,,,10.0,10.0,,,ALFA (1° e 2° ano)
RA-1330,2016,9,Feminino,6-9 anos,2024,Ingressante 2024,Pública,,,,,,Topázio,,,8.944616666700002,8.944616666700002,,,,,,,10.002,10.002,,,9.3333333335,9.3333333335,,,7.51,7.51,,,9.5,9.5,,,10.0,10.0,,,9.0,9.0,,,,,,,10.0,10.0,,,ALFA (1° e 2° ano)
RA-1331,2017,8,Feminino,6-9 anos,2024,Ingressante 2024,Pública,,,,,,Ametista,,,7.8522833333,7.8522833333,,,,,,,9.002,9.002,,,7.291666666499999,7.291666666499999,,,7.51,7.51,,,7.25,7.25,,,8.0,8.0,,,6.5,6.5,,,,,,,10.0,10.0,,,ALFA (1° e 2° ano)
RA-1332,2014,11,Masculino,10-12 anos,2024,Ingressante 2024,Pública,,,,,,Topázio,,,8.1040529412,8.1040529412,,,,,,,8.502,8.502,,,9.411764706,9.411764706,,,7.51,7.51,,,8.25,8.25,,,10.0,10.0,,,6.5,6.5,,,,,,,5.0,5.0,,,Fase 2 (5° e 6° ano)
RA-1333,2015,10,Masculino,10-12 anos,2024,Ingressante 2024,Pública,,,,,,Topázio,,,8.213199999999999,8.213199999999999,,,,,,,7.502,7.502,,,10.0,10.0,,,6.255,6.255,,,9.25,9.25,,,10.0,10.0,,,8.5,8.5,,,,,,,5.0,5.0,,,Fase 1 (3° e 4° ano)
RA-1334,2015,10,Masculino,10-12 anos,2024,Ingressante 2024,Pública,,,,,,Topázio,,,8.350200000000001,8.350200000000001,,,,,,,10.002,10.002,,,10.0,10.0,,,5.625,5.625,,,9.0,9.0,,,10.0,10.0,,,8.0,8.0,,,,,,,5.0,5.0,,,Fase 1 (3° e 4° ano)
RA-1335,2014,11,Masculino,10-12 anos,2024,Ingressante 2024,Pública,,,,,,Topázio,,,8.3217,8.3217,,,,,,,9.002,9.002,,,9.75,9.75,,,7.51,7.51,,,8.75,8.75,,,10.0,10.0,,,7.5,7.5,,,,,,,5.0,5.0,,,Fase 2 (5° e 6° ano)
RA-1336,2016,9,Feminino,6-9 anos,2024,Ingressante 2024,Pública,,,,,,Ametista,,,7.141365631500001,7.141365631500001,,,,,,,9.502,9.502,,,6.2008281575,6.2008281575,,,2.51,2.51,,,9.5,9.5,,,10.0,10.0,,,9.0,9.0,,,,,,,5.0,5.0,,,Fase 1 (3° e 4° ano)
RA-1337,2014,11,Masculino,10-12 anos,2024,Ingressante 2024,Pública,,,,,,Agata,,,6.015144444400001,6.015144444400001,,,,,,,8.002,8.002,,,4.722222222,4.722222222,,,7.51,7.51,,,6.0,6.0,,,6.0,6.0,,,6.0,6.0,,,,,,,5.0,5.0,,,Fase 2 (5° e 6° ano)
RA-1338,2015,10,Masculino,10-12 anos,2024,Ingressante 2024,Pública,,,,,,Agata,,,6.1368428571,6.1368428571,,,,,,,8.002,8.002,,,8.6607142855,8.6607142855,,,7.51,7.51,,,3.0,3.0,,,2.0,2.0,,,4.0,4.0,,,,,,,5.0,5.0,,,Fase 1 (3° e 4° ano)
RA-1339,2016,9,Feminino,6-9 anos,2024,Ingressante 2024,Pública,,,,,,Ametista,,,7.3547,7.3547,,,,,,,8.502,8.502,,,10.0,10.0,,,6.885,6.885,,,8.75,8.75,,,10.0,10.0,,,7.5,7.5,,,,,,,5.0,5.0,,,Fase 1 (3° e 4° ano)
RA-1340,2016,9,Feminino,6-9 anos,2024,Ingressante 2024,Pública,,,,,,Topázio,,,8.3422714286,8.3422714286,,,,,,,9.502,9.502,,,8.392857143,8.392857143,,,7.51,7.51,,,10.0,10.0,,,10.0,10.0,,,10.0,10.0,,,,,,,10.0,10.0,,,ALFA (1° e 2° ano)
RA-1341,2015,10,Masculino,10-12 anos,2024,Ingressante 2024,Pública,,,,,,Ametista,,,7.862906349200001,7.862906349200001,,,,,,,10.002,10.002,,,9.246031746,9.246031746,,,7.51,7.51,,,10.0,10.0,,,10.0,10.0,,,10.0,10.0,,,,,,,5.0,5.0,,,Fase 1 (3° e 4° ano)
RA-1342,2015,10,Masculino,10-12 anos,2024,Ingressante 2024,Pública,,,,,,Ametista,,,7.8185809524000005,7.8185809524000005,,,,,,,9.502,9.502,,,9.761904762,9.761904762,,,7.51,7.51,,,9.0,9.0,,,10.0,10.0,,,8.0,8.0,,,,,,,5.0,5.0,,,Fase 1 (3° e 4° ano)
RA-1343,2017,8,Feminino,6-9 anos,2024,Ingressante 2024,Pública,,,,,,Topázio,,,8.8262,8.8262,,,,,,,8.002,8.002,,,10.0,10.0,,,7.51,7.51,,,9.75,9.75,,,10.0,10.0,,,9.5,9.5,,,,,,,10.0,10.0,,,ALFA (1° e 2° ano)
RA-1344,2016,9,Feminino,6-9 anos,2024,Ingressante 2024,Pública,,,,,,Topázio,,,9.3612,9.3612,,,,,,,8.502,8.502,,,10.0,10.0,,,7.51,7.51,,,10.0,10.0,,,10.0,10.0,,,10.0,10.0,,,,,,,10.0,10.0,,,ALFA (1° e 2° ano)
RA-1345,2015,10,Masculino,10-12 anos,2023,Ingressante 2024,Pública,,,,,,Ametista,,,7.2340128655000004,7.2340128655000004,,,,,,,8.502,8.502,,,9.4590643275,9.4590643275,,,7.51,7.51,,,6.25,6.25,,,6.0,6.0,,,6.5,6.5,,,,,,,5.0,5.0,,,Fase 1 (3° e 4° ano)
RA-1346,2016,9,Masculino,6-9 anos,2024,Ingressante 2024,Pública,,,,,,Ametista,,,7.3701047619,7.3701047619,,,,,,,9.502,9.502,,,8.0595238095,8.0595238095,,,7.51,7.51,,,5.5,5.5,,,5.0,5.0,,,6.0,6.0,,,,,,,10.0,10.0,,,ALFA (1° e 2° ano)
RA-1347,2015,10,Masculino,10-12 anos,2024,Ingressante 2024,Pública,,,,,,Agata,,,6.153842857100001,6.153842857100001,,,,,,,8.502,8.502,,,8.7857142855,8.7857142855,,,2.51,2.51,,,5.0,5.0,,,5.0,5.0,,,5.0,5.0,,,,,,,5.0,5.0,,,Fase 1 (3° e 4° ano)
RA-1348,2015,10,Masculino,10-12 anos,2024,Ingressante 2024,Pública,,,,,,Ametista,,,7.9604662539,7.9604662539,,,,,,,7.502,7.502,,,8.5913312695,8.5913312695,,,7.51,7.51,,,9.0,9.0,,,10.0,10.0,,,8.0,8.0,,,,,,,5.0,5.0,,,Fase 1 (3° e 4° ano)
RA-1349,2014,11,Masculino,10-12 anos,2024,Ingressante 2024,Pública,,,,,,Ametista,,,7.855727777800001,7.855727777800001,,,,,,,8.002,8.002,,,8.388888889,8.388888889,,,7.51,7.51,,,8.5,8.5,,,10.0,10.0,,,7.0,7.0,,,,,,,5.0,5.0,,,Fase 1 (3° e 4° ano)
RA-1350,2014,11,Feminino,10-12 anos,2024,Ingressante 2024,Pública,,,,,,Topázio,,,8.335450000000002,8.335450000000002,,,,,,,8.502,8.502,,,10.0,10.0,,,8.755,8.755,,,8.5,8.5,,,10.0,10.0,,,7.0,7.0,,,,,,,5.0,5.0,,,Fase 2 (5° e 6° ano)
RA-1351,2015,10,Masculino,10-12 anos,2024,Ingressante 2024,Pública,,,,,,Topázio,,,8.1861038462,8.1861038462,,,,,,,9.002,9.002,,,9.230769231,9.230769231,,,8.13,8.13,,,8.75,8.75,,,10.0,10.0,,,7.5,7.5,,,,,,,5.0,5.0,,,Fase 1 (3° e 4° ano)
RA-1352,2015,10,Masculino,10-12 anos,2024,Ingressante 2024,Pública,,,,,,Topázio,,,8.289950000000001,8.289950000000001,,,,,,,10.002,10.002,,,9.5,9.5,,,8.13,8.13,,,8.5,8.5,,,8.0,8.0,,,9.0,9.0,,,,,,,5.0,5.0,,,Fase 1 (3° e 4° ano)
RA-1353,2014,11,Feminino,10-12 anos,2024,Ingressante 2024,Pública,,,,,,Agata,,,6.454700000000001,6.454700000000001,,,,,,,8.002,8.002,,,9.5,9.5,,,7.51,7.51,,,3.0,3.0,,,3.5,3.5,,,2.5,2.5,,,,,,,5.0,5.0,,,Fase 1 (3° e 4° ano)
RA-1354,2014,11,Feminino,10-12 anos,2024,Ingressante 2024,Pública,,,,,,Ametista,,,7.353427272700001,7.353427272700001,,,,,,,9.502,9.502,,,8.3636363635,8.3636363635,,,7.51,7.51,,,6.0,6.0,,,6.5,6.5,,,5.5,5.5,,,,,,,5.0,5.0,,,Fase 1 (3° e 4° ano)
RA-1355,2014,11,Masculino,10-12 anos,2024,Ingressante 2024,Pública,,,,,,Ametista,,,7.202245454500001,7.202245454500001,,,,,,,10.002,10.002,,,6.5227272725,6.5227272725,,,7.51,7.51,,,7.0,7.0,,,8.0,8.0,,,6.0,6.0,,,,,,,5.0,5.0,,,Fase 1 (3° e 4° ano)
RA-1356,2016,9,Feminino,6-9 anos,2024,Ingressante 2024,Pública,,,,,,Ametista,,,7.8695888889,7.8695888889,,,,,,,9.002,9.002,,,9.4444444445,9.4444444445,,,7.51,7.51,,,5.5,5.5,,,5.5,5.5,,,5.5,5.5,,,,,,,10.0,10.0,,,ALFA (1° e 2° ano)
RA-1357,2015,10,Masculino,10-12 anos,2024,Ingressante 2024,Pública,,,,,,Ametista,,,7.1807,7.1807,,,,,,,8.002,8.002,,,7.5,7.5,,,7.51,7.51,,,6.75,6.75,,,8.0,8.0,,,5.5,5.5,,,,,,,5.0,5.0,,,Fase 1 (3° e 4° ano)
RA-1358,2016,9,Feminino,6-9 anos,2024,Ingressante 2024,Pública,,,,,,Agata,,,6.552990476200001,6.552990476200001,,,,,,,9.168,9.168,,,7.380952381,7.380952381,,,5.01,5.01,,,4.0,4.0,,,4.0,4.0,,,4.0,4.0,,,,,,,10.0,10.0,,,ALFA (1° e 2° ano)
RA-1359,2017,8,Feminino,6-9 anos,2024,Ingressante 2024,Pública,,,,,,Ametista,,,7.2102,7.2102,,,,,,,8.502,8.502,,,9.0,9.0,,,5.635,5.635,,,6.0,6.0,,,4.0,4.0,,,8.0,8.0,,,,,,,10.0,10.0,,,ALFA (1° e 2° ano)
RA-1360,2016,9,Masculino,6-9 anos,2024,Ingressante 2024,Pública,,,,,,Agata,,,6.8480623189,6.8480623189,,,,,,,8.502,8.502,,,7.0018115945,7.0018115945,,,7.51,7.51,,,5.0,5.0,,,0.0,0.0,,,10.0,10.0,,,,,,,10.0,10.0,,,ALFA (1° e 2° ano)
RA-1361,2016,9,Feminino,6-9 anos,2024,Ingressante 2024,Pública,,,,,,Topázio,,,8.738700000000001,8.738700000000001,,,,,,,9.502,9.502,,,9.375,9.375,,,5.635,5.635,,,10.0,10.0,,,10.0,10.0,,,10.0,10.0,,,,,,,10.0,10.0,,,ALFA (1° e 2° ano)
RA-1362,2017,8,Masculino,6-9 anos,2024,Ingressante 2024,Pública,,,,,,Ametista,,,7.709200000000001,7.709200000000001,,,,,,,10.002,10.002,,,6.875,6.875,,,5.635,5.635,,,8.5,8.5,,,8.0,8.0,,,9.0,9.0,,,,,,,10.0,10.0,,,ALFA (1° e 2° ano)
RA-1363,2017,8,Feminino,6-9 anos,2024,Ingressante 2024,Pública,,,,,,Ametista,,,7.690800000000001,7.690800000000001,,,,,,,7.418,7.418,,,10.0,10.0,,,5.635,5.635,,,6.5,6.5,,,6.5,6.5,,,6.5,6.5,,,,,,,10.0,10.0,,,ALFA (1° e 2° ano)
RA-1364,2015,10,Masculino,10-12 anos,2024,Ingressante 2024,Pública,,,,,,Ametista,,,7.570033333300001,7.570033333300001,,,,,,,8.002,8.002,,,8.4166666665,8.4166666665,,,7.51,7.51,,,8.75,8.75,,,9.5,9.5,,,8.0,8.0,,,,,,,5.0,5.0,,,Fase 1 (3° e 4° ano)
RA-1365,2015,10,Masculino,10-12 anos,2024,Ingressante 2024,Pública,,,,,,Ametista,,,7.3700333333,7.3700333333,,,,,,,9.002,9.002,,,9.7916666665,9.7916666665,,,6.26,6.26,,,6.5,6.5,,,5.5,5.5,,,7.5,7.5,,,,,,,5.0,5.0,,,Fase 1 (3° e 4° ano)
RA-1366,2015,10,Feminino,10-12 anos,2024,Ingressante 2024,Pública,,,,,,Agata,,,6.919852173900001,6.919852173900001,,,,,,,9.002,9.002,,,6.6032608695,6.6032608695,,,7.51,7.51,,,6.5,6.5,,,6.5,6.5,,,6.5,6.5,,,,,,,5.0,5.0,,,Fase 1 (3° e 4° ano)
RA-1367,2016,9,Feminino,6-9 anos,2024,Ingressante 2024,Pública,,,,,,Topázio,,,8.427286956500001,8.427286956500001,,,,,,,10.002,10.002,,,8.3804347825,8.3804347825,,,7.51,7.51,,,8.75,8.75,,,9.0,9.0,,,8.5,8.5,,,,,,,10.0,10.0,,,ALFA (1° e 2° ano)
RA-1368,2016,9,Masculino,6-9 anos,2024,Ingressante 2024,Pública,,,,,,Topázio,,,8.6012,8.6012,,,,,,,7.002,7.002,,,10.0,10.0,,,7.51,7.51,,,9.5,9.5,,,10.0,10.0,,,9.0,9.0,,,,,,,10.0,10.0,,,ALFA (1° e 2° ano)
RA-1369,2017,8,Feminino,6-9 anos,2024,Ingressante 2024,Pública,,,,,,Topázio,,,8.052286956500001,8.052286956500001,,,,,,,8.502,8.502,,,8.6304347825,8.6304347825,,,6.26,6.26,,,8.0,8.0,,,8.0,8.0,,,8.0,8.0,,,,,,,10.0,10.0,,,ALFA (1° e 2° ano)
RA-1370,2015,10,Masculino,10-12 anos,2024,Ingressante 2024,Pública,,,,,,Topázio,,,8.0456444444,8.0456444444,,,,,,,10.002,10.002,,,8.722222222,8.722222222,,,7.51,7.51,,,9.0,9.0,,,10.0,10.0,,,8.0,8.0,,,,,,,5.0,5.0,,,Fase 1 (3° e 4° ano)
RA-1371,2013,12,Feminino,10-12 anos,2024,Ingressante 2024,Pública,,,,,,Agata,,,6.4843521739,6.4843521739,,,,,,,7.502,7.502,,,6.9782608695,6.9782608695,,,7.51,7.51,,,4.5,4.5,,,3.0,3.0,,,6.0,6.0,,,,,,,5.0,5.0,,,Fase 1 (3° e 4° ano)
RA-1372,2016,9,Feminino,6-9 anos,2024,Ingressante 2024,Pública,,,,,,Ametista,,,7.9632000000000005,7.9632000000000005,,,,,,,9.502,9.502,,,10.0,10.0,,,8.13,8.13,,,4.75,4.75,,,3.0,3.0,,,6.5,6.5,,,,,,,10.0,10.0,,,ALFA (1° e 2° ano)
RA-1373,2015,10,Feminino,10-12 anos,2024,Ingressante 2024,Pública,,,,,,Ametista,,,7.577286956500001,7.577286956500001,,,,,,,9.502,9.502,,,8.8804347825,8.8804347825,,,7.51,7.51,,,6.75,6.75,,,6.0,6.0,,,7.5,7.5,,,,,,,5.0,5.0,,,Fase 1 (3° e 4° ano)
RA-1374,2015,10,Masculino,10-12 anos,2024,Ingressante 2024,Pública,,,,,,Ametista,,,7.3707652174,7.3707652174,,,,,,,9.502,9.502,,,9.347826087,9.347826087,,,7.51,7.51,,,5.25,5.25,,,5.0,5.0,,,5.5,5.5,,,,,,,5.0,5.0,,,Fase 1 (3° e 4° ano)
RA-1375,2015,10,Masculino,10-12 anos,2024,Ingressante 2024,Pública,,,,,,Topázio,,,8.101200000000002,8.101200000000002,,,,,,,9.502,9.502,,,10.0,10.0,,,7.51,7.51,,,8.25,8.25,,,10.0,10.0,,,6.5,6.5,,,,,,,5.0,5.0,,,Fase 1 (3° e 4° ano)
RA-1376,2015,10,Masculino,10-12 anos,2024,Ingressante 2024,Pública,,,,,,Topázio,,,8.2742769231,8.2742769231,,,,,,,9.002,9.002,,,9.6153846155,9.6153846155,,,7.51,7.51,,,9.75,9.75,,,10.0,10.0,,,9.5,9.5,,,,,,,5.0,5.0,,,Fase 1 (3° e 4° ano)
RA-1377,2016,9,Masculino,6-9 anos,2024,Ingressante 2024,Pública,,,,,,Ametista,,,7.8987,7.8987,,,,,,,9.002,9.002,,,10.0,10.0,,,8.13,8.13,,,5.5,5.5,,,5.0,5.0,,,6.0,6.0,,,,,,,10.0,10.0,,,ALFA (1° e 2° ano)
RA-1378,2014,11,Feminino,10-12 anos,2024,Ingressante 2024,Pública,,,,,,Ametista,,,7.6703428571,7.6703428571,,,,,,,9.002,9.002,,,9.2857142855,9.2857142855,,,8.13,8.13,,,6.75,6.75,,,7.5,7.5,,,6.0,6.0,,,,,,,5.0,5.0,,,Fase 1 (3° e 4° ano)
RA-1379,2016,9,Masculino,6-9 anos,2024,Ingressante 2024,Pública,,,,,,Agata,,,6.638292105300001,6.638292105300001,,,,,,,9.502,9.502,,,8.6842105265,8.6842105265,,,3.755,3.755,,,7.25,7.25,,,8.5,8.5,,,6.0,6.0,,,,,,,5.0,5.0,,,Fase 1 (3° e 4° ano)
RA-1380,2016,9,Masculino,6-9 anos,2024,Ingressante 2024,Pública,,,,,,Ametista,,,7.964342230600001,7.964342230600001,,,,,,,9.502,9.502,,,8.784461152999999,8.784461152999999,,,4.385,4.385,,,8.0,8.0,,,10.0,10.0,,,6.0,6.0,,,,,,,10.0,10.0,,,ALFA (1° e 2° ano)
RA-1381,2016,9,Feminino,6-9 anos,2024,Ingressante 2024,Pública,,,,,,Topázio,,,9.038200000000002,9.038200000000002,,,,,,,9.502,9.502,,,10.0,10.0,,,8.13,8.13,,,9.5,9.5,,,10.0,10.0,,,9.0,9.0,,,,,,,10.0,10.0,,,ALFA (1° e 2° ano)
RA-1382,2015,10,Feminino,10-12 anos,2024,Ingressante 2024,Pública,,,,,,Ametista,,,7.834830952400001,7.834830952400001,,,,,,,8.502,8.502,,,9.761904762,9.761904762,,,7.51,7.51,,,7.5,7.5,,,8.0,8.0,,,7.0,7.0,,,,,,,5.0,5.0,,,Fase 1 (3° e 4° ano)
RA-1383,2016,9,Feminino,6-9 anos,2024,Ingressante 2024,Pública,,,,,,Topázio,,,8.3720803259,8.3720803259,,,,,,,8.502,8.502,,,9.2606516295,9.2606516295,,,7.51,7.51,,,8.5,8.5,,,10.0,10.0,,,7.0,7.0,,,,,,,10.0,10.0,,,ALFA (1° e 2° ano)
RA-1384,2014,11,Masculino,10-12 anos,2024,Ingressante 2024,Pública,,,,,,Agata,,,6.221984461100001,6.221984461100001,,,,,,,8.002,8.002,,,7.5689223055,7.5689223055,,,7.51,7.51,,,5.0,5.0,,,5.0,5.0,,,5.0,5.0,,,,,,,5.0,5.0,,,Fase 2 (5° e 6° ano)
RA-1385,2015,10,Masculino,10-12 anos,2024,Ingressante 2024,Pública,,,,,,Ametista,,,7.7262,7.7262,,,,,,,10.002,10.002,,,10.0,10.0,,,4.385,4.385,,,8.0,8.0,,,9.0,9.0,,,7.0,7.0,,,,,,,5.0,5.0,,,Fase 1 (3° e 4° ano)
RA-1386,2016,9,Feminino,6-9 anos,2024,Ingressante 2024,Pública,,,,,,Ametista,,,7.803580952400001,7.803580952400001,,,,,,,9.002,9.002,,,9.761904762,9.761904762,,,7.51,7.51,,,7.25,7.25,,,8.5,8.5,,,6.0,6.0,,,,,,,5.0,5.0,,,Fase 1 (3° e 4° ano)
RA-1387,2016,9,Feminino,6-9 anos,2024,Ingressante 2024,Pública,,,,,,Ametista,,,7.8030796992,7.8030796992,,,,,,,9.502,9.502,,,8.759398496,8.759398496,,,7.51,7.51,,,8.0,8.0,,,9.0,9.0,,,7.0,7.0,,,,,,,5.0,5.0,,,Fase 1 (3° e 4° ano)
RA-1388,2016,9,Feminino,6-9 anos,2024,Ingressante 2024,Pública,,,,,,Ametista,,,7.015057142799999,7.015057142799999,,,,,,,9.002,9.002,,,8.214285713999999,8.214285713999999,,,6.88,6.88,,,5.0,5.0,,,4.0,4.0,,,6.0,6.0,,,,,,,5.0,5.0,,,Fase 1 (3° e 4° ano)
RA-1389,2017,8,Feminino,6-9 anos,2024,Ingressante 2024,Pública,,,,,,Topázio,,,8.980533333299999,8.980533333299999,,,,,,,9.002,9.002,,,9.7916666665,9.7916666665,,,6.88,6.88,,,10.0,10.0,,,10.0,10.0,,,10.0,10.0,,,,,,,10.0,10.0,,,ALFA (1° e 2° ano)
RA-1390,2016,9,Feminino,6-9 anos,2024,Ingressante 2024,Pública,,,,,,Topázio,,,8.4930333333,8.4930333333,,,,,,,9.502,9.502,,,9.7916666665,9.7916666665,,,5.005,5.005,,,8.25,8.25,,,8.0,8.0,,,8.5,8.5,,,,,,,10.0,10.0,,,ALFA (1° e 2° ano)
RA-1391,2016,9,Masculino,6-9 anos,2024,Ingressante 2024,Pública,,,,,,Topázio,,,8.8435333333,8.8435333333,,,,,,,8.502,8.502,,,9.2916666665,9.2916666665,,,7.51,7.51,,,10.0,10.0,,,10.0,10.0,,,10.0,10.0,,,,,,,10.0,10.0,,,ALFA (1° e 2° ano)
RA-1392,2015,10,Masculino,10-12 anos,2024,Ingressante 2024,Pública,,,,,,Quartzo,,,5.4262,5.4262,,,,,,,9.002,9.002,,,5.625,5.625,,,7.51,7.51,,,0.0,0.0,,,0.0,0.0,,,0.0,0.0,,,,,,,5.0,5.0,,,Fase 1 (3° e 4° ano)
RA-1393,2017,8,Feminino,6-9 anos,2024,Ingressante 2024,Pública,,,,,,Ametista,,,7.2597000000000005,7.2597000000000005,,,,,,,9.502,9.502,,,7.5,7.5,,,3.755,3.755,,,5.0,5.0,,,10.0,10.0,,,0.0,0.0,,,,,,,10.0,10.0,,,ALFA (1° e 2° ano)
RA-1394,2013,12,Feminino,10-12 anos,2024,Ingressante 2024,Pública,,,1.0,,,Ametista,,,7.503255555500002,7.503255555500002,,,,,,,9.502,9.502,,,8.6944444445,8.6944444445,,,7.51,7.51,,,5.75,5.75,,,5.5,5.5,,,6.0,6.0,,,,,,,5.0,5.0,,,Fase 2 (5° e 6° ano)
RA-1395,2014,11,Feminino,10-12 anos,2024,Ingressante 2024,Pública,,,1.0,,,Topázio,,,8.5997833334,8.5997833334,,,,,,,9.502,9.502,,,10.0,10.0,,,7.51,7.51,,,7.75,7.75,,,7.5,7.5,,,8.0,8.0,,,,,,,10.0,10.0,,,Fase 1 (3° e 4° ano)
RA-1396,2013,12,Feminino,10-12 anos,2024,Ingressante 2024,Pública,,,1.0,,,Ametista,,,7.8477,7.8477,,,,,,,9.502,9.502,,,10.0,10.0,,,7.51,7.51,,,6.5,6.5,,,6.0,6.0,,,7.0,7.0,,,,,,,5.0,5.0,,,Fase 2 (5° e 6° ano)
RA-1397,2014,11,Feminino,10-12 anos,2024,Ingressante 2024,Pública,,,1.0,,,Ametista,,,7.8280333334000005,7.8280333334000005,,,,,,,9.002,9.002,,,10.0,10.0,,,6.26,6.26,,,7.0,7.0,,,7.0,7.0,,,7.0,7.0,,,,,,,5.0,5.0,,,Fase 2 (5° e 6° ano)
RA-1398,2013,12,Feminino,10-12 anos,2024,Ingressante 2024,Pública,,,1.0,,,Ametista,,,7.989700527000001,7.989700527000001,,,,,,,6.918,6.918,,,9.555335968,9.555335968,,,7.51,7.51,,,8.0,8.0,,,8.0,8.0,,,8.0,8.0,,,,,,,5.0,5.0,,,Fase 2 (5° e 6° ano)
RA-1399,2013,12,Feminino,10-12 anos,2024,Ingressante 2024,Pública,,,1.0,,,Ametista,,,7.438578787899999,7.438578787899999,,,,,,,9.002,9.002,,,9.7727272725,9.7727272725,,,5.005,5.005,,,6.0,6.0,,,6.0,6.0,,,6.0,6.0,,,,,,,5.0,5.0,,,Fase 2 (5° e 6° ano)
RA-1400,2015,10,Masculino,10-12 anos,2024,Ingressante 2024,Pública,,,1.0,,,Ametista,,,7.622839525700001,7.622839525700001,,,,,,,8.418,8.418,,,6.6501976285,6.6501976285,,,7.51,7.51,,,7.25,7.25,,,6.5,6.5,,,8.0,8.0,,,,,,,10.0,10.0,,,Fase 1 (3° e 4° ano)
RA-1401,2011,14,Masculino,13-15 anos,2024,Ingressante 2024,Pública,,,1.0,,,Topázio,,,8.1188277778,8.1188277778,,,,,,,6.918,6.918,,,8.888888889,8.888888889,,,7.51,7.51,,,10.0,10.0,,,10.0,10.0,,,10.0,10.0,,,,,,,5.0,5.0,,,Fase 3 (7° e 8° ano)
RA-1402,2014,11,Feminino,10-12 anos,2024,Ingressante 2024,Pública,,,1.0,,,Topázio,,,8.588040909100002,8.588040909100002,,,,,,,10.002,10.002,,,9.5454545455,9.5454545455,,,7.51,7.51,,,7.25,7.25,,,7.0,7.0,,,7.5,7.5,,,,,,,10.0,10.0,,,Fase 1 (3° e 4° ano)
RA-1403,2013,12,Feminino,10-12 anos,2024,Ingressante 2024,Pública,,,1.0,,,Topázio,,,8.257421861500001,8.257421861500001,,,,,,,9.002,9.002,,,9.3073593075,9.3073593075,,,7.51,7.51,,,8.75,8.75,,,7.5,7.5,,,10.0,10.0,,,,,,,5.0,5.0,,,Fase 2 (5° e 6° ano)
RA-1404,2014,11,Feminino,10-12 anos,2024,Ingressante 2024,Pública,,,1.0,,,Topázio,,,8.3971318182,8.3971318182,,,,,,,8.502,8.502,,,9.090909091,9.090909091,,,7.51,7.51,,,7.5,7.5,,,6.0,6.0,,,9.0,9.0,,,,,,,10.0,10.0,,,Fase 1 (3° e 4° ano)
RA-1405,2014,11,Feminino,10-12 anos,2024,Ingressante 2024,Pública,,,1.0,,,Topázio,,,8.4749727273,8.4749727273,,,,,,,8.002,8.002,,,8.6363636365,8.6363636365,,,7.51,7.51,,,8.75,8.75,,,8.0,8.0,,,9.5,9.5,,,,,,,10.0,10.0,,,Fase 1 (3° e 4° ano)
RA-1406,2014,11,Feminino,10-12 anos,2024,Ingressante 2024,Pública,,,1.0,,,Ametista,,,7.8186772727000005,7.8186772727000005,,,,,,,8.002,8.002,,,8.8636363635,8.8636363635,,,7.51,7.51,,,7.5,7.5,,,5.5,5.5,,,9.5,9.5,,,,,,,5.0,5.0,,,Fase 2 (5° e 6° ano)
RA-1407,2014,11,Masculino,10-12 anos,2024,Ingressante 2024,Pública,,,1.0,,,Ametista,,,7.546086363600001,7.546086363600001,,,,,,,10.002,10.002,,,9.318181818,9.318181818,,,7.51,7.51,,,5.75,5.75,,,5.5,5.5,,,6.0,6.0,,,,,,,5.0,5.0,,,Fase 2 (5° e 6° ano)
RA-1408,2013,12,Masculino,10-12 anos,2024,Ingressante 2024,Pública,,,1.0,,,Ametista,,,7.626768181800001,7.626768181800001,,,,,,,10.002,10.002,,,8.409090909,8.409090909,,,7.51,7.51,,,6.75,6.75,,,5.5,5.5,,,8.0,8.0,,,,,,,5.0,5.0,,,Fase 2 (5° e 6° ano)
RA-1409,2014,11,Masculino,10-12 anos,2024,Ingressante 2024,Pública,,,1.0,,,Ametista,,,7.863131818100001,7.863131818100001,,,,,,,10.002,10.002,,,9.0909090905,9.0909090905,,,7.51,7.51,,,7.25,7.25,,,7.5,7.5,,,7.0,7.0,,,,,,,5.0,5.0,,,Fase 2 (5° e 6° ano)
RA-1410,2013,12,Masculino,10-12 anos,2024,Ingressante 2024,Pública,,,1.0,,,Ametista,,,7.5319272727,7.5319272727,,,,,,,9.002,9.002,,,8.1136363635,8.1136363635,,,7.51,7.51,,,6.25,6.25,,,6.5,6.5,,,6.0,6.0,,,,,,,5.0,5.0,,,Fase 2 (5° e 6° ano)
RA-1411,2013,12,Masculino,10-12 anos,2024,Ingressante 2024,Pública,,,1.0,,,Agata,,,6.886950000000001,6.886950000000001,,,,,,,9.002,9.002,,,9.5,9.5,,,6.26,6.26,,,2.75,2.75,,,5.5,5.5,,,0.0,0.0,,,,,,,5.0,5.0,,,Fase 2 (5° e 6° ano)
RA-1412,2014,11,Masculino,10-12 anos,2024,Ingressante 2024,Pública,,,1.0,,,Topázio,,,9.204671861500001,9.204671861500001,,,,,,,10.002,10.002,,,9.3073593075,9.3073593075,,,7.51,7.51,,,9.75,9.75,,,10.0,10.0,,,9.5,9.5,,,,,,,10.0,10.0,,,Fase 1 (3° e 4° ano)
RA-1413,2012,13,Masculino,13-15 anos,2024,Ingressante 2024,Pública,,,1.0,,,Ametista,,,7.747564718600001,7.747564718600001,,,,,,,9.002,9.002,,,8.593073593,8.593073593,,,7.51,7.51,,,7.25,7.25,,,7.5,7.5,,,7.0,7.0,,,,,,,5.0,5.0,,,Fase 3 (7° e 8° ano)
RA-1414,2014,11,Feminino,10-12 anos,2024,Ingressante 2024,Pública,,,1.0,,,Topázio,,,8.840007359300001,8.840007359300001,,,,,,,9.502,9.502,,,9.2965367965,9.2965367965,,,6.885,6.885,,,8.5,8.5,,,10.0,10.0,,,7.0,7.0,,,,,,,10.0,10.0,,,Fase 1 (3° e 4° ano)
RA-1415,2014,11,Feminino,10-12 anos,2024,Ingressante 2024,Pública,,,1.0,,,Ametista,,,7.3712454546,7.3712454546,,,,,,,8.002,8.002,,,9.7727272725,9.7727272725,,,6.26,6.26,,,6.75,6.75,,,6.5,6.5,,,7.0,7.0,,,,,,,5.0,5.0,,,Fase 2 (5° e 6° ano)
RA-1416,2012,13,Feminino,13-15 anos,2024,Ingressante 2024,Pública,,,1.0,,,Ametista,,,7.375503030400001,7.375503030400001,,,,,,,8.502,8.502,,,8.2765151515,8.2765151515,,,7.51,7.51,,,7.75,7.75,,,6.5,6.5,,,9.0,9.0,,,,,,,5.0,5.0,,,Fase 2 (5° e 6° ano)
RA-1417,2014,11,Masculino,10-12 anos,2024,Ingressante 2024,Pública,,,1.0,,,Ametista,,,7.7436242424,7.7436242424,,,,,,,9.002,9.002,,,9.337121212,9.337121212,,,7.51,7.51,,,9.0,9.0,,,10.0,10.0,,,8.0,8.0,,,,,,,5.0,5.0,,,Fase 2 (5° e 6° ano)
RA-1418,2013,12,Masculino,10-12 anos,2024,Ingressante 2024,Pública,,,1.0,,,Ametista,,,7.7352909091000015,7.7352909091000015,,,,,,,8.502,8.502,,,9.128787879,9.128787879,,,7.51,7.51,,,8.25,8.25,,,8.5,8.5,,,8.0,8.0,,,,,,,5.0,5.0,,,Fase 2 (5° e 6° ano)
RA-1419,2014,11,Feminino,10-12 anos,2024,Ingressante 2024,Pública,,,1.0,,,Topázio,,,8.7536999999,8.7536999999,,,,,,,8.502,8.502,,,10.0,10.0,,,7.51,7.51,,,7.5,7.5,,,6.0,6.0,,,9.0,9.0,,,,,,,10.0,10.0,,,Fase 1 (3° e 4° ano)
RA-1420,2012,13,Masculino,13-15 anos,2024,Ingressante 2024,Pública,,,1.0,,,Quartzo,,,5.6558,5.6558,,,,,,,7.918,7.918,,,5.520833333500001,5.520833333500001,,,6.26,6.26,,,4.5,4.5,,,5.0,5.0,,,4.0,4.0,,,,,,,5.0,5.0,,,Fase 3 (7° e 8° ano)
RA-1421,2013,12,Masculino,10-12 anos,2024,Ingressante 2024,Pública,,,1.0,,,Ametista,,,7.126922222200001,7.126922222200001,,,,,,,9.002,9.002,,,6.777777778,6.777777778,,,7.51,7.51,,,7.5,7.5,,,8.0,8.0,,,7.0,7.0,,,,,,,5.0,5.0,,,Fase 2 (5° e 6° ano)
RA-1422,2013,12,Feminino,10-12 anos,2024,Ingressante 2024,Pública,,,1.0,,,Ametista,,,7.0132,7.0132,,,,,,,9.502,9.502,,,7.5,7.5,,,7.51,7.51,,,4.75,4.75,,,0.0,0.0,,,9.5,9.5,,,,,,,5.0,5.0,,,Fase 2 (5° e 6° ano)
RA-1423,2013,12,Masculino,10-12 anos,2024,Ingressante 2024,Pública,,,1.0,,,Agata,,,6.403450000000001,6.403450000000001,,,,,,,8.502,8.502,,,5.3125,5.3125,,,7.51,7.51,,,5.75,5.75,,,4.0,4.0,,,7.5,7.5,,,,,,,5.0,5.0,,,Fase 2 (5° e 6° ano)
RA-1424,2012,13,Feminino,13-15 anos,2024,Ingressante 2024,Pública,,,1.0,,,Ametista,,,7.5543388889,7.5543388889,,,,,,,9.002,9.002,,,8.9444444445,8.9444444445,,,7.51,7.51,,,7.25,7.25,,,7.5,7.5,,,7.0,7.0,,,,,,,5.0,5.0,,,Fase 2 (5° e 6° ano)
RA-1425,2012,13,Masculino,13-15 anos,2024,Ingressante 2024,Pública,,,1.0,,,Agata,,,6.8290988095000005,6.8290988095000005,,,,,,,9.002,9.002,,,6.7976190475,6.7976190475,,,7.51,7.51,,,7.0,7.0,,,6.0,6.0,,,8.0,8.0,,,,,,,5.0,5.0,,,Fase 2 (5° e 6° ano)
RA-1426,2013,12,Feminino,10-12 anos,2023,Ingressante 2024,Pública,,,1.0,,,Quartzo,,,5.8367476190000005,5.8367476190000005,,,,,,,9.502,9.502,,,5.845238095,5.845238095,,,7.51,7.51,,,2.75,2.75,,,5.5,5.5,,,0.0,0.0,,,,,,,5.0,5.0,,,Fase 2 (5° e 6° ano)
RA-1427,2013,12,Feminino,10-12 anos,2024,Ingressante 2024,Pública,,,1.0,,,Topázio,,,8.425325,8.425325,,,,,,,9.502,9.502,,,10.0,10.0,,,7.51,7.51,,,8.0,8.0,,,6.5,6.5,,,9.5,9.5,,,,,,,5.0,5.0,,,Fase 2 (5° e 6° ano)
RA-1428,2013,12,Masculino,10-12 anos,2024,Ingressante 2024,Pública,,,1.0,,,Topázio,,,8.006108496800001,8.006108496800001,,,,,,,8.502,8.502,,,8.8562091505,8.8562091505,,,7.51,7.51,,,8.0,8.0,,,7.0,7.0,,,9.0,9.0,,,,,,,5.0,5.0,,,Fase 2 (5° e 6° ano)
RA-1429,2013,12,Masculino,10-12 anos,2024,Ingressante 2024,Pública,,,1.0,,,Topázio,,,8.041811111100001,8.041811111100001,,,,,,,9.502,9.502,,,8.888888889,8.888888889,,,7.51,7.51,,,7.75,7.75,,,8.5,8.5,,,7.0,7.0,,,,,,,5.0,5.0,,,Fase 2 (5° e 6° ano)
RA-1430,2013,12,Masculino,10-12 anos,2024,Ingressante 2024,Pública,,,1.0,,,Ametista,,,7.864033333300001,7.864033333300001,,,,,,,8.502,8.502,,,10.0,10.0,,,7.51,7.51,,,6.25,6.25,,,6.0,6.0,,,6.5,6.5,,,,,,,5.0,5.0,,,Fase 2 (5° e 6° ano)
RA-1431,2013,12,Feminino,10-12 anos,2024,Ingressante 2024,Pública,,,1.0,,,Ametista,,,7.9147292443,7.9147292443,,,,,,,9.002,9.002,,,7.7432712215,7.7432712215,,,7.51,7.51,,,8.0,8.0,,,8.0,8.0,,,8.0,8.0,,,,,,,5.0,5.0,,,Fase 2 (5° e 6° ano)
RA-1432,2014,11,Feminino,10-12 anos,2024,Ingressante 2024,Pública,,,1.0,,,Topázio,,,8.774075000000002,8.774075000000002,,,,,,,10.002,10.002,,,10.0,10.0,,,7.51,7.51,,,9.5,9.5,,,10.0,10.0,,,9.0,9.0,,,,,,,5.0,5.0,,,Fase 2 (5° e 6° ano)
RA-1433,2014,11,Feminino,10-12 anos,2024,Ingressante 2024,Pública,,,1.0,,,Topázio,,,8.1939895962,8.1939895962,,,,,,,8.502,8.502,,,9.068322981,9.068322981,,,7.51,7.51,,,8.75,8.75,,,8.0,8.0,,,9.5,9.5,,,,,,,5.0,5.0,,,Fase 2 (5° e 6° ano)
RA-1434,2014,11,Masculino,10-12 anos,2024,Ingressante 2024,Pública,,,1.0,,,Topázio,,,8.2775982919,8.2775982919,,,,,,,8.502,8.502,,,7.9813664595,7.9813664595,,,6.26,6.26,,,9.0,9.0,,,10.0,10.0,,,8.0,8.0,,,,,,,5.0,5.0,,,Fase 2 (5° e 6° ano)
RA-1435,2014,11,Masculino,10-12 anos,2024,Ingressante 2024,Pública,,,1.0,,,Ametista,,,7.7196166667,7.7196166667,,,,,,,9.502,9.502,,,7.833333333500001,7.833333333500001,,,7.51,7.51,,,7.5,7.5,,,7.5,7.5,,,7.5,7.5,,,,,,,10.0,10.0,,,Fase 1 (3° e 4° ano)
RA-1436,2013,12,Feminino,10-12 anos,2024,Ingressante 2024,Pública,,,1.0,,,Ametista,,,7.589914648100001,7.589914648100001,,,,,,,7.418,7.418,,,8.674948240500001,8.674948240500001,,,7.51,7.51,,,8.0,8.0,,,8.0,8.0,,,8.0,8.0,,,,,,,5.0,5.0,,,Fase 2 (5° e 6° ano)
RA-1437,2013,12,Feminino,10-12 anos,2024,Ingressante 2024,Pública,,,1.0,,,Ametista,,,7.982890217400001,7.982890217400001,,,,,,,8.502,8.502,,,9.347826087,9.347826087,,,7.51,7.51,,,8.0,8.0,,,8.0,8.0,,,8.0,8.0,,,,,,,5.0,5.0,,,Fase 2 (5° e 6° ano)
RA-1438,2013,12,Feminino,10-12 anos,2024,Ingressante 2024,Pública,,,1.0,,,Topázio,,,8.176825000000001,8.176825000000001,,,,,,,10.002,10.002,,,9.0,9.0,,,7.51,7.51,,,7.0,7.0,,,6.0,6.0,,,8.0,8.0,,,,,,,5.0,5.0,,,Fase 2 (5° e 6° ano)
RA-1439,2013,12,Feminino,10-12 anos,2024,Ingressante 2024,Pública,,,1.0,,,Topázio,,,8.507700000000002,8.507700000000002,,,,,,,7.502,7.502,,,10.0,10.0,,,7.51,7.51,,,8.5,8.5,,,9.0,9.0,,,8.0,8.0,,,,,,,5.0,5.0,,,Fase 2 (5° e 6° ano)
RA-1440,2014,11,Feminino,10-12 anos,2024,Ingressante 2024,Pública,,,1.0,,,Ametista,,,7.469102691500001,7.469102691500001,,,,,,,9.002,9.002,,,9.544513457499999,9.544513457499999,,,7.51,7.51,,,4.5,4.5,,,9.0,9.0,,,0.0,0.0,,,,,,,5.0,5.0,,,Fase 2 (5° e 6° ano)
RA-1441,2015,10,Masculino,10-12 anos,2024,Ingressante 2024,Pública,,,1.0,,,Topázio,,,8.961646169800002,8.961646169800002,,,,,,,9.502,9.502,,,9.109730849,9.109730849,,,7.51,7.51,,,8.5,8.5,,,9.0,9.0,,,8.0,8.0,,,,,,,10.0,10.0,,,Fase 1 (3° e 4° ano)
RA-1442,2010,15,Masculino,13-15 anos,2024,Ingressante 2024,Pública,,,1.0,,,Ametista,,,7.135189648100001,7.135189648100001,,,,,,,8.002,8.002,,,8.674948240500001,8.674948240500001,,,7.51,7.51,,,7.25,7.25,,,8.5,8.5,,,6.0,6.0,,,,,,,5.0,5.0,,,Fase 3 (7° e 8° ano)
RA-1443,2011,14,Feminino,13-15 anos,2024,Ingressante 2024,Pública,,,1.0,,,Agata,,,6.921633333300001,6.921633333300001,,,,,,,6.918,6.918,,,7.5,7.5,,,6.26,6.26,,,6.75,6.75,,,6.5,6.5,,,7.0,7.0,,,,,,,5.0,5.0,,,Fase 3 (7° e 8° ano)
RA-1444,2012,13,Masculino,13-15 anos,2024,Ingressante 2024,Pública,,,1.0,,,Agata,,,6.610588888900001,6.610588888900001,,,,,,,8.502,8.502,,,5.277777778,5.277777778,,,7.51,7.51,,,6.0,6.0,,,8.0,8.0,,,4.0,4.0,,,,,,,5.0,5.0,,,Fase 2 (5° e 6° ano)
RA-1445,2014,11,Feminino,10-12 anos,2024,Ingressante 2024,Pública,,,1.0,,,Ametista,,,7.842866666700001,7.842866666700001,,,,,,,9.502,9.502,,,9.5,9.5,,,7.51,7.51,,,7.25,7.25,,,6.5,6.5,,,8.0,8.0,,,,,,,5.0,5.0,,,Fase 2 (5° e 6° ano)
RA-1446,2014,11,Masculino,10-12 anos,2024,Ingressante 2024,Pública,,,1.0,,,Quartzo,,,5.9004061924,5.9004061924,,,,,,,8.002,8.002,,,6.6501976285,6.6501976285,,,6.26,6.26,,,0.0,0.0,,,0.0,0.0,,,0.0,0.0,,,,,,,10.0,10.0,,,Fase 1 (3° e 4° ano)
RA-1447,2012,13,Feminino,13-15 anos,2024,Ingressante 2024,Pública,,,1.0,,,Ametista,,,7.5402350878,7.5402350878,,,,,,,9.502,9.502,,,9.7368421055,9.7368421055,,,7.51,7.51,,,5.25,5.25,,,6.5,6.5,,,4.0,4.0,,,,,,,5.0,5.0,,,Fase 2 (5° e 6° ano)
RA-1448,2011,14,Feminino,13-15 anos,2024,Ingressante 2024,Pública,,,1.0,,,Ametista,,,7.466126406900001,7.466126406900001,,,,,,,9.002,9.002,,,9.5346320345,9.5346320345,,,7.51,7.51,,,6.0,6.0,,,6.0,6.0,,,6.0,6.0,,,,,,,5.0,5.0,,,Fase 3 (7° e 8° ano)
RA-1449,2014,11,Feminino,10-12 anos,2024,Ingressante 2024,Pública,,,1.0,,,Ametista,,,7.214341666700001,7.214341666700001,,,,,,,7.418,7.418,,,8.3333333335,8.3333333335,,,7.51,7.51,,,6.75,6.75,,,6.5,6.5,,,7.0,7.0,,,,,,,5.0,5.0,,,Fase 2 (5° e 6° ano)
RA-1450,2015,10,Masculino,10-12 anos,2024,Ingressante 2024,Pública,,,1.0,,,Ametista,,,7.405235714200002,7.405235714200002,,,,,,,9.502,9.502,,,8.571428571,8.571428571,,,7.51,7.51,,,3.5,3.5,,,0.0,0.0,,,7.0,7.0,,,,,,,10.0,10.0,,,Fase 1 (3° e 4° ano)
RA-1451,2013,12,Feminino,10-12 anos,2024,Ingressante 2024,Pública,,,1.0,,,Ametista,,,7.560479761900002,7.560479761900002,,,,,,,10.002,10.002,,,8.8095238095,8.8095238095,,,7.51,7.51,,,6.0,6.0,,,6.0,6.0,,,6.0,6.0,,,,,,,5.0,5.0,,,Fase 2 (5° e 6° ano)
RA-1452,2012,13,Masculino,13-15 anos,2024,Ingressante 2024,Pública,,,2.0,,,Topázio,,,8.6268666667,8.6268666667,,,,,,,9.002,9.002,,,10.0,10.0,,,7.51,7.51,,,7.75,7.75,,,7.0,7.0,,,8.5,8.5,,,,,,,10.0,10.0,,,Fase 2 (5° e 6° ano)
RA-1453,2012,13,Feminino,13-15 anos,2021,Ingressante 2024,Pública,,,2.0,,,Ametista,,,7.1234857143,7.1234857143,,,,,,,8.502,8.502,,,7.8214285715,7.8214285715,,,6.25,6.25,,,6.5,6.5,,,4.5,4.5,,,8.5,8.5,,,,,,,5.0,5.0,,,Fase 3 (7° e 8° ano)
RA-1454,2014,11,Feminino,10-12 anos,2023,Ingressante 2024,Pública,,,2.0,,,Ametista,,,7.7042238095,7.7042238095,,,,,,,8.002,8.002,,,5.880952381,5.880952381,,,7.51,7.51,,,7.75,7.75,,,7.5,7.5,,,8.0,8.0,,,,,,,10.0,10.0,,,Fase 2 (5° e 6° ano)
RA-1455,2012,13,Feminino,13-15 anos,2024,Ingressante 2024,Pública,,,2.0,,,Agata,,,6.6442555555,6.6442555555,,,,,,,8.002,8.002,,,7.777777778,7.777777778,,,7.51,7.51,,,3.5,3.5,,,,,,,3.5,3.5,,,,,,,5.0,5.0,,,Fase 3 (7° e 8° ano)
RA-1456,2012,13,Masculino,13-15 anos,2024,Ingressante 2024,Pública,,,2.0,,,Topázio,,,8.492914285800001,8.492914285800001,,,,,,,9.502,9.502,,,9.511904762,9.511904762,,,7.51,7.51,,,7.75,7.75,,,5.5,5.5,,,10.0,10.0,,,,,,,10.0,10.0,,,Fase 2 (5° e 6° ano)
RA-1457,2011,14,Feminino,13-15 anos,2024,Ingressante 2024,Pública,,,2.0,,,Agata,,,6.0197761904,6.0197761904,,,,,,,3.498,3.498,,,8.0357142855,8.0357142855,,,7.51,7.51,,,2.75,2.75,,,2.5,2.5,,,3.0,3.0,,,,,,,5.0,5.0,,,Fase 3 (7° e 8° ano)
RA-1458,2012,13,Feminino,13-15 anos,2024,Ingressante 2024,Pública,,,2.0,,,Quartzo,,,5.879073684200001,5.879073684200001,,,,,,,8.751,8.751,,,7.280701754500001,7.280701754500001,,,7.51,7.51,,,3.25,3.25,,,0.5,0.5,,,6.0,6.0,,,,,,,5.0,5.0,,,Fase 3 (7° e 8° ano)
RA-1459,2012,13,Masculino,13-15 anos,2024,Ingressante 2024,Pública,,,2.0,,,Agata,,,6.665390476100001,6.665390476100001,,,,,,,8.002,8.002,,,8.2976190475,8.2976190475,,,7.51,7.51,,,3.75,3.75,,,2.0,2.0,,,5.5,5.5,,,,,,,5.0,5.0,,,Fase 3 (7° e 8° ano)
RA-1460,2012,13,Masculino,13-15 anos,2024,Ingressante 2024,Pública,,,2.0,,,Agata,,,6.784805263200001,6.784805263200001,,,,,,,9.502,9.502,,,7.460526316,7.460526316,,,7.51,7.51,,,3.25,3.25,,,2.5,2.5,,,4.0,4.0,,,,,,,10.0,10.0,,,Fase 2 (5° e 6° ano)
RA-1461,2012,13,Feminino,13-15 anos,2024,Ingressante 2024,Pública,,,2.0,,,Agata,,,6.871961904800001,6.871961904800001,,,,,,,10.002,10.002,,,9.273809524,9.273809524,,,7.51,7.51,,,2.75,2.75,,,0.5,0.5,,,5.0,5.0,,,,,,,5.0,5.0,,,Fase 3 (7° e 8° ano)
RA-1462,2010,15,Feminino,13-15 anos,2024,Ingressante 2024,Pública,,,2.0,,,Ametista,,,7.6243666666,7.6243666666,,,,,,,8.502,8.502,,,10.0,10.0,,,7.51,7.51,,,6.5,6.5,,,6.0,6.0,,,7.0,7.0,,,,,,,5.0,5.0,,,Fase 3 (7° e 8° ano)
RA-1463,2012,13,Masculino,13-15 anos,2024,Ingressante 2024,Pública,,,2.0,,,Topázio,,,9.074561111000001,9.074561111000001,,,,,,,8.502,8.502,,,9.722222222,9.722222222,,,7.51,7.51,,,10.0,10.0,,,10.0,10.0,,,10.0,10.0,,,,,,,10.0,10.0,,,Fase 2 (5° e 6° ano)
RA-1464,2011,14,Feminino,13-15 anos,2024,Ingressante 2024,Pública,,,2.0,,,Ametista,,,7.288424359,7.288424359,,,,,,,8.002,8.002,,,7.794871795,7.794871795,,,7.51,7.51,,,6.25,6.25,,,4.0,4.0,,,8.5,8.5,,,,,,,5.0,5.0,,,Fase 3 (7° e 8° ano)
RA-1465,2011,14,Masculino,13-15 anos,2024,Ingressante 2024,Pública,,,2.0,,,Ametista,,,7.3344666666,7.3344666666,,,,,,,7.418,7.418,,,8.75,8.75,,,7.51,7.51,,,5.75,5.75,,,5.0,5.0,,,6.5,6.5,,,,,,,5.0,5.0,,,Fase 3 (7° e 8° ano)
RA-1466,2012,13,Masculino,13-15 anos,2024,Ingressante 2024,Pública,,,2.0,,,Topázio,,,8.213723809600001,8.213723809600001,,,,,,,10.002,10.002,,,7.380952381,7.380952381,,,7.51,7.51,,,7.5,7.5,,,7.0,7.0,,,8.0,8.0,,,,,,,10.0,10.0,,,Fase 2 (5° e 6° ano)
RA-1467,2012,13,Masculino,13-15 anos,2024,Ingressante 2024,Pública,,,2.0,,,Topázio,,,8.836711278200001,8.836711278200001,,,,,,,9.002,9.002,,,9.022556391,9.022556391,,,7.51,7.51,,,9.25,9.25,,,9.0,9.0,,,9.5,9.5,,,,,,,10.0,10.0,,,Fase 2 (5° e 6° ano)
RA-1468,2012,13,Feminino,13-15 anos,2024,Ingressante 2024,Pública,,,2.0,,,Topázio,,,8.1281028822,8.1281028822,,,,,,,8.502,8.502,,,8.972431078,8.972431078,,,7.51,7.51,,,7.0,7.0,,,4.5,4.5,,,9.5,9.5,,,,,,,10.0,10.0,,,Fase 2 (5° e 6° ano)
RA-1469,2011,14,Masculino,13-15 anos,2024,Ingressante 2024,Pública,,,2.0,,,Ametista,,,7.459755555500001,7.459755555500001,,,,,,,8.502,8.502,,,9.4444444445,9.4444444445,,,7.51,7.51,,,4.75,4.75,,,6.0,6.0,,,3.5,3.5,,,,,,,5.0,5.0,,,Fase 3 (7° e 8° ano)
RA-1470,2012,13,Feminino,13-15 anos,2024,Ingressante 2024,Pública,,,2.0,,,Quartzo,,,5.967421532000001,5.967421532000001,,,,,,,8.002,8.002,,,6.35610766,6.35610766,,,6.26,6.26,,,5.0,5.0,,,5.0,5.0,,,5.0,5.0,,,,,,,5.0,5.0,,,Fase 3 (7° e 8° ano)
RA-1471,2011,14,Masculino,13-15 anos,2024,Ingressante 2024,Pública,,,2.0,,,Ametista,,,7.404455434800001,7.404455434800001,,,,,,,10.002,10.002,,,7.195652174,7.195652174,,,7.51,7.51,,,7.5,7.5,,,8.0,8.0,,,7.0,7.0,,,,,,,5.0,5.0,,,Fase 3 (7° e 8° ano)
RA-1472,2012,13,Masculino,13-15 anos,2022,Ingressante 2024,Pública,,,2.0,,,Topázio,,,8.773575000000001,8.773575000000001,,,,,,,8.502,8.502,,,10.0,10.0,,,7.51,7.51,,,8.75,8.75,,,9.0,9.0,,,8.5,8.5,,,,,,,10.0,10.0,,,Fase 2 (5° e 6° ano)
RA-1473,2011,14,Masculino,13-15 anos,2024,Ingressante 2024,Pública,,,2.0,,,Agata,,,6.689320600500001,6.689320600500001,,,,,,,9.502,9.502,,,8.4368530025,8.4368530025,,,5.625,5.625,,,5.25,5.25,,,6.0,6.0,,,4.5,4.5,,,,,,,5.0,5.0,,,Fase 3 (7° e 8° ano)
RA-1474,2013,12,Feminino,10-12 anos,2024,Ingressante 2024,Pública,,,2.0,,,Ametista,,,7.384207505200001,7.384207505200001,,,,,,,8.002,8.002,,,7.960662526,7.960662526,,,5.625,5.625,,,7.5,7.5,,,7.0,7.0,,,8.0,8.0,,,,,,,10.0,10.0,,,Fase 2 (5° e 6° ano)
RA-1475,2013,12,Feminino,10-12 anos,2024,Ingressante 2024,Pública,,,2.0,,,Ametista,,,7.413901754400001,7.413901754400001,,,,,,,9.002,9.002,,,8.070175439,8.070175439,,,7.51,7.51,,,5.0,5.0,,,7.0,7.0,,,3.0,3.0,,,,,,,10.0,10.0,,,Fase 2 (5° e 6° ano)
RA-1476,2013,12,Feminino,10-12 anos,2024,Ingressante 2024,Pública,,,2.0,,,Topázio,,,8.80795,8.80795,,,,,,,9.502,9.502,,,10.0,10.0,,,5.635,5.635,,,8.5,8.5,,,8.0,8.0,,,9.0,9.0,,,,,,,10.0,10.0,,,Fase 2 (5° e 6° ano)
RA-1477,2012,13,Masculino,13-15 anos,2024,Ingressante 2024,Pública,,,2.0,,,Ametista,,,7.0514989130000005,7.0514989130000005,,,,,,,8.002,8.002,,,8.010869565,8.010869565,,,7.51,7.51,,,5.0,5.0,,,5.0,5.0,,,5.0,5.0,,,,,,,10.0,10.0,,,Fase 2 (5° e 6° ano)
RA-1478,2012,13,Masculino,13-15 anos,2024,Ingressante 2024,Pública,,,2.0,,,Agata,,,6.7210333334,6.7210333334,,,,,,,8.002,8.002,,,6.666666667,6.666666667,,,6.255,6.255,,,4.25,4.25,,,4.0,4.0,,,4.5,4.5,,,,,,,10.0,10.0,,,Fase 2 (5° e 6° ano)
RA-1479,2012,13,Masculino,13-15 anos,2024,Ingressante 2024,Pública,,,2.0,,,Agata,,,6.615766239300001,6.615766239300001,,,,,,,8.502,8.502,,,6.1965811965,6.1965811965,,,7.51,7.51,,,4.25,4.25,,,4.0,4.0,,,4.5,4.5,,,,,,,10.0,10.0,,,Fase 2 (5° e 6° ano)
RA-1480,2011,14,Masculino,13-15 anos,2024,Ingressante 2024,Pública,,,2.0,,,Ametista,,,7.09445,7.09445,,,,,,,8.502,8.502,,,8.875,8.875,,,7.51,7.51,,,5.5,5.5,,,,,,,5.5,5.5,,,,,,,5.0,5.0,,,Fase 3 (7° e 8° ano)
RA-1481,2012,13,Feminino,13-15 anos,2024,Ingressante 2024,Pública,,,2.0,,,Agata,,,6.860721739100001,6.860721739100001,,,,,,,8.502,8.502,,,8.782608695499999,8.782608695499999,,,7.51,7.51,,,4.75,4.75,,,4.0,4.0,,,5.5,5.5,,,,,,,5.0,5.0,,,Fase 3 (7° e 8° ano)
RA-1482,2010,15,Masculino,13-15 anos,2024,Ingressante 2024,Pública,,,2.0,,,Quartzo,,,5.2257,5.2257,,,,,,,8.502,8.502,,,5.0,5.0,,,7.51,7.51,,,0.0,0.0,,,0.0,0.0,,,0.0,0.0,,,,,,,5.0,5.0,,,Fase 3 (7° e 8° ano)
RA-1483,2013,12,Masculino,10-12 anos,2024,Ingressante 2024,Pública,,,2.0,,,Ametista,,,7.311433695700001,7.311433695700001,,,,,,,9.502,9.502,,,7.913043478500001,7.913043478500001,,,7.51,7.51,,,6.5,6.5,,,6.0,6.0,,,7.0,7.0,,,,,,,10.0,10.0,,,Fase 2 (5° e 6° ano)
RA-1484,2010,15,Feminino,13-15 anos,2024,Ingressante 2024,Pública,,,2.0,,,Ametista,,,7.754200000000001,7.754200000000001,,,,,,,9.002,9.002,,,10.0,10.0,,,6.26,6.26,,,7.0,7.0,,,5.0,5.0,,,9.0,9.0,,,,,,,5.0,5.0,,,Fase 3 (7° e 8° ano)
RA-1485,2011,14,Masculino,13-15 anos,2024,Ingressante 2024,Pública,,,2.0,,,Agata,,,6.7386875776999995,6.7386875776999995,,,,,,,9.002,9.002,,,7.7432712215,7.7432712215,,,5.625,5.625,,,5.0,5.0,,,5.0,5.0,,,5.0,5.0,,,,,,,5.0,5.0,,,Fase 3 (7° e 8° ano)
RA-1486,2013,12,Masculino,10-12 anos,2024,Ingressante 2024,Pública,,,2.0,,,Agata,,,6.865474509900001,6.865474509900001,,,,,,,8.002,8.002,,,5.431372549,5.431372549,,,6.26,6.26,,,5.75,5.75,,,6.0,6.0,,,5.5,5.5,,,,,,,10.0,10.0,,,Fase 2 (5° e 6° ano)
RA-1487,2011,14,Feminino,13-15 anos,2024,Ingressante 2024,Pública,,,2.0,,,Topázio,,,8.0267434782,8.0267434782,,,,,,,10.002,10.002,,,9.5652173915,9.5652173915,,,6.26,6.26,,,8.25,8.25,,,7.0,7.0,,,9.5,9.5,,,,,,,5.0,5.0,,,Fase 3 (7° e 8° ano)
RA-1488,2013,12,Feminino,10-12 anos,2024,Ingressante 2024,Pública,,,2.0,,,Agata,,,6.7668935818000016,6.7668935818000016,,,,,,,8.002,8.002,,,7.111801242,7.111801242,,,7.51,7.51,,,3.5,3.5,,,7.0,7.0,,,0.0,0.0,,,,,,,10.0,10.0,,,Fase 2 (5° e 6° ano)
RA-1489,2012,13,Masculino,13-15 anos,2024,Ingressante 2024,Pública,,,2.0,,,Quartzo,,,5.9842289855000015,5.9842289855000015,,,,,,,9.002,9.002,,,5.793478261000001,5.793478261000001,,,6.26,6.26,,,5.0,5.0,,,5.0,5.0,,,5.0,5.0,,,,,,,5.0,5.0,,,Fase 3 (7° e 8° ano)
RA-1490,2012,13,Feminino,13-15 anos,2024,Ingressante 2024,Privada,,,2.0,,,Ametista,,,7.3725768116,7.3725768116,,,,,,,8.502,8.502,,,9.5652173915,9.5652173915,,,6.26,6.26,,,7.75,7.75,,,8.0,8.0,,,7.5,7.5,,,,,,,5.0,5.0,,,Fase 3 (7° e 8° ano)
RA-1491,2012,13,Masculino,13-15 anos,2024,Ingressante 2024,Pública,,,2.0,,,Ametista,,,7.5072,7.5072,,,,,,,9.002,9.002,,,6.25,6.25,,,7.51,7.51,,,6.5,6.5,,,6.0,6.0,,,7.0,7.0,,,,,,,10.0,10.0,,,Fase 2 (5° e 6° ano)
RA-1492,2014,11,Masculino,10-12 anos,2024,Ingressante 2024,Pública,,,2.0,,,Topázio,,,8.479020512900002,8.479020512900002,,,,,,,8.002,8.002,,,8.8141025645,8.8141025645,,,7.51,7.51,,,8.0,8.0,,,6.0,6.0,,,10.0,10.0,,,,,,,10.0,10.0,,,Fase 1 (3° e 4° ano)
RA-1493,2012,13,Masculino,13-15 anos,2024,Ingressante 2024,Pública,,,2.0,,,Agata,,,6.378661323900001,6.378661323900001,,,,,,,8.502,8.502,,,7.8468899525,7.8468899525,,,7.51,7.51,,,4.0,4.0,,,3.5,3.5,,,4.5,4.5,,,,,,,5.0,5.0,,,Fase 3 (7° e 8° ano)
RA-1494,2013,12,Feminino,10-12 anos,2024,Ingressante 2024,Pública,,,2.0,,,Quartzo,,,5.8748823529,5.8748823529,,,,,,,0.0,0.0,,,6.7794117645,6.7794117645,,,7.51,7.51,,,4.25,4.25,,,8.5,8.5,,,0.0,0.0,,,,,,,10.0,10.0,,,Fase 2 (5° e 6° ano)
RA-1495,2013,12,Feminino,10-12 anos,2021,Ingressante 2024,Pública,,,2.0,,,Topázio,,,8.4845030302,8.4845030302,,,,,,,9.002,9.002,,,8.318181818,8.318181818,,,7.51,7.51,,,8.25,8.25,,,8.5,8.5,,,8.0,8.0,,,,,,,10.0,10.0,,,Fase 2 (5° e 6° ano)
RA-1496,2012,13,Feminino,13-15 anos,2024,Ingressante 2024,Pública,,,2.0,,,Agata,,,6.7799738095,6.7799738095,,,,,,,9.002,9.002,,,5.714285714500001,5.714285714500001,,,7.51,7.51,,,4.25,4.25,,,2.5,2.5,,,6.0,6.0,,,,,,,10.0,10.0,,,Fase 2 (5° e 6° ano)
RA-1497,2012,13,Feminino,13-15 anos,2024,Ingressante 2024,Pública,,,2.0,,,Quartzo,,,5.2423787879,5.2423787879,,,,,,,0.0,0.0,,,5.0227272725,5.0227272725,,,7.51,7.51,,,2.0,2.0,,,4.0,4.0,,,0.0,0.0,,,,,,,10.0,10.0,,,Fase 2 (5° e 6° ano)
RA-1498,2011,14,Feminino,13-15 anos,2024,Ingressante 2024,Pública,,,2.0,,,Ametista,,,7.147881818200001,7.147881818200001,,,,,,,8.502,8.502,,,7.840909091,7.840909091,,,7.51,7.51,,,7.0,7.0,,,5.0,5.0,,,9.0,9.0,,,,,,,5.0,5.0,,,Fase 3 (7° e 8° ano)
RA-1499,2012,13,Feminino,13-15 anos,2024,Ingressante 2024,Pública,,,2.0,,,Ametista,,,7.914800000000001,7.914800000000001,,,,,,,8.418,8.418,,,9.25,9.25,,,6.885,6.885,,,6.5,6.5,,,6.0,6.0,,,7.0,7.0,,,,,,,10.0,10.0,,,Fase 2 (5° e 6° ano)
RA-1500,2013,12,Masculino,10-12 anos,2024,Ingressante 2024,Pública,,,2.0,,,Ametista,,,7.360450000100002,7.360450000100002,,,,,,,9.502,9.502,,,8.3333333335,8.3333333335,,,6.885,6.885,,,3.5,3.5,,,2.0,2.0,,,5.0,5.0,,,,,,,10.0,10.0,,,Fase 2 (5° e 6° ano)
RA-1501,2013,12,Feminino,10-12 anos,2024,Ingressante 2024,Pública,,,2.0,,,Topázio,,,8.04495,8.04495,,,,,,,9.502,9.502,,,10.0,10.0,,,7.51,7.51,,,5.0,5.0,,,4.5,4.5,,,5.5,5.5,,,,,,,10.0,10.0,,,Fase 2 (5° e 6° ano)
RA-1502,2012,13,Feminino,13-15 anos,2024,Ingressante 2024,Pública,,,2.0,,,Agata,,,6.886091025600001,6.886091025600001,,,,,,,8.002,8.002,,,7.628205128,7.628205128,,,7.51,7.51,,,5.25,5.25,,,3.5,3.5,,,7.0,7.0,,,,,,,5.0,5.0,,,Fase 3 (7° e 8° ano)
RA-1503,2011,14,Feminino,13-15 anos,2024,Ingressante 2024,Pública,,,2.0,,,Agata,,,6.991699999900001,6.991699999900001,,,,,,,7.502,7.502,,,10.0,10.0,,,7.51,7.51,,,2.75,2.75,,,3.0,3.0,,,2.5,2.5,,,,,,,5.0,5.0,,,Fase 3 (7° e 8° ano)
RA-1504,2012,13,Feminino,13-15 anos,2024,Ingressante 2024,Pública,,,2.0,,,Agata,,,6.057060605999999,6.057060605999999,,,,,,,7.5,7.5,,,4.6136363634999995,4.6136363634999995,,,5.63,5.63,,,6.75,6.75,,,5.0,5.0,,,8.5,8.5,,,,,,,5.0,5.0,,,Fase 3 (7° e 8° ano)
RA-1505,2011,14,Masculino,13-15 anos,2024,Ingressante 2024,Pública,,,2.0,,,Agata,,,6.7199171717,6.7199171717,,,,,,,9.502,9.502,,,7.5252525255,7.5252525255,,,7.51,7.51,,,3.75,3.75,,,3.0,3.0,,,4.5,4.5,,,,,,,5.0,5.0,,,Fase 3 (7° e 8° ano)
RA-1506,2013,12,Feminino,10-12 anos,2024,Ingressante 2024,Pública,,,2.0,,,Ametista,,,7.151855844200001,7.151855844200001,,,,,,,8.002,8.002,,,8.3874458875,8.3874458875,,,7.51,7.51,,,3.5,3.5,,,0.0,0.0,,,7.0,7.0,,,,,,,10.0,10.0,,,Fase 2 (5° e 6° ano)
RA-1507,2012,13,Masculino,13-15 anos,2024,Ingressante 2024,Pública,,,2.0,,,Quartzo,,,5.046077056300001,5.046077056300001,,,,,,,6.918,6.918,,,4.448051948,4.448051948,,,7.51,7.51,,,5.0,5.0,,,5.0,5.0,,,5.0,5.0,,,,,,,5.0,5.0,,,Fase 3 (7° e 8° ano)
RA-1508,2013,12,Feminino,10-12 anos,2024,Ingressante 2024,Pública,,,2.0,,,Topázio,,,8.1804207793,8.1804207793,,,,,,,7.502,7.502,,,7.2294372295,7.2294372295,,,7.51,7.51,,,9.25,9.25,,,10.0,10.0,,,8.5,8.5,,,,,,,10.0,10.0,,,Fase 2 (5° e 6° ano)
RA-1509,2013,12,Masculino,10-12 anos,2024,Ingressante 2024,Pública,,,2.0,,,Ametista,,,7.560230303200001,7.560230303200001,,,,,,,8.502,8.502,,,6.5151515155,6.5151515155,,,7.51,7.51,,,7.5,7.5,,,7.0,7.0,,,8.0,8.0,,,,,,,10.0,10.0,,,Fase 2 (5° e 6° ano)
RA-1510,2013,12,Feminino,10-12 anos,2024,Ingressante 2024,Pública,,,2.0,,,Topázio,,,9.464745454400001,9.464745454400001,,,,,,,10.002,10.002,,,9.7727272725,9.7727272725,,,7.51,7.51,,,10.0,10.0,,,10.0,10.0,,,10.0,10.0,,,,,,,10.0,10.0,,,Fase 2 (5° e 6° ano)
RA-1511,2013,12,Feminino,10-12 anos,2024,Ingressante 2024,Pública,,,2.0,,,Topázio,,,8.9217077641,8.9217077641,,,,,,,10.002,10.002,,,9.3271221535,9.3271221535,,,7.51,7.51,,,8.75,8.75,,,8.0,8.0,,,9.5,9.5,,,,,,,10.0,10.0,,,Fase 2 (5° e 6° ano)
RA-1512,2014,11,Feminino,10-12 anos,2024,Ingressante 2024,Pública,,,2.0,,,Topázio,,,8.10445,8.10445,,,,,,,9.502,9.502,,,10.0,10.0,,,7.51,7.51,,,5.5,5.5,,,7.0,7.0,,,4.0,4.0,,,,,,,10.0,10.0,,,Fase 2 (5° e 6° ano)
RA-1513,2012,13,Feminino,13-15 anos,2024,Ingressante 2024,Pública,,,2.0,,,Agata,,,6.5509171717,6.5509171717,,,,,,,8.502,8.502,,,7.5252525255,7.5252525255,,,7.51,7.51,,,3.75,3.75,,,4.0,4.0,,,3.5,3.5,,,,,,,5.0,5.0,,,Fase 3 (7° e 8° ano)
RA-1514,2012,13,Feminino,13-15 anos,2024,Ingressante 2024,Pública,,,2.0,,,Ametista,,,7.520576262600001,7.520576262600001,,,,,,,9.002,9.002,,,7.979797980000001,7.979797980000001,,,7.51,7.51,,,5.5,5.5,,,5.0,5.0,,,6.0,6.0,,,,,,,10.0,10.0,,,Fase 2 (5° e 6° ano)
RA-1515,2012,13,Feminino,13-15 anos,2024,Ingressante 2024,Pública,,,2.0,,,Quartzo,,,5.832133333300001,5.832133333300001,,,,,,,6.418,6.418,,,6.6666666665,6.6666666665,,,6.255,6.255,,,3.5,3.5,,,6.0,6.0,,,1.0,1.0,,,,,,,5.0,5.0,,,Fase 3 (7° e 8° ano)
RA-1516,2011,14,Feminino,13-15 anos,2024,Ingressante 2024,Privada,,,3.0,,,Ametista,,,7.217066033133334,7.217066033133334,,,,,,,9.585,9.585,,,5.404288499000001,5.404288499000001,,,9.38,9.38,,,4.666666666666667,4.666666666666667,,,0.0,0.0,,,5.0,5.0,,,9.0,9.0,,,10.0,10.0,,,Fase 3 (7° e 8° ano)
RA-1517,2009,16,Masculino,16-17 anos,2024,Ingressante 2024,Pública,,,3.0,,,Agata,,,6.240744444466667,6.240744444466667,,,,,,,9.168,9.168,,,4.305555555666667,4.305555555666667,,,9.38,9.38,,,4.666666666666667,4.666666666666667,,,5.0,5.0,,,4.5,4.5,,,4.5,4.5,,,5.0,5.0,,,Fase 4 (9° ano)
RA-1518,2009,16,Feminino,16-17 anos,2022,Ingressante 2024,Pública,,,3.0,,,Quartzo,,,5.721382142866666,5.721382142866666,,,,,,,7.084,7.084,,,5.714285714333333,5.714285714333333,,,9.38,9.38,,,1.75,1.75,,,0.0,0.0,,,3.5,3.5,,,,,,,5.0,5.0,,,Fase 4 (9° ano)
RA-1519,2009,16,Masculino,16-17 anos,2024,Ingressante 2024,,,,3.0,,,Ametista,,,7.210222117800001,7.210222117800001,,,,,,,9.585,9.585,,,5.560902255666666,5.560902255666666,,,8.755,8.755,,,4.833333333333333,4.833333333333333,,,0.0,0.0,,,6.5,6.5,,,8.0,8.0,,,10.0,10.0,,,Fase 3 (7° e 8° ano)
RA-1520,2010,15,Feminino,13-15 anos,2024,Ingressante 2024,Pública,,,3.0,,,Ametista,,,7.0026462121333335,7.0026462121333335,,,,,,,8.334,8.334,,,9.060606060666666,9.060606060666666,,,8.75,8.75,,,3.75,3.75,,,4.0,4.0,,,3.5,3.5,,,,,,,5.0,5.0,,,Fase 4 (9° ano)
RA-1521,2010,15,Feminino,13-15 anos,2024,Ingressante 2024,Pública,,,3.0,,,Quartzo,,,5.065788844333333,5.065788844333333,,,,,,,7.5,7.5,,,6.157902555,6.157902555,,,2.51,2.51,,,3.1666666666666665,3.1666666666666665,,,2.0,2.0,,,5.5,5.5,,,2.0,2.0,,,5.0,5.0,,,Fase 4 (9° ano)
RA-1522,2011,14,Masculino,13-15 anos,2024,Ingressante 2024,Pública,,,3.0,,,Topázio,,,8.3261,8.3261,,,,,,,8.751,8.751,,,10.0,10.0,,,9.38,9.38,,,7.0,7.0,,,10.0,10.0,,,4.0,4.0,,,,,,,10.0,10.0,,,Fase 3 (7° e 8° ano)
RA-1523,2012,13,Masculino,13-15 anos,2024,Ingressante 2024,Pública,,,3.0,,,Topázio,,,8.67371279,8.67371279,,,,,,,6.666,6.666,,,9.283272283333334,9.283272283333334,,,8.755,8.755,,,8.166666666666666,8.166666666666666,,,8.0,8.0,,,6.5,6.5,,,10.0,10.0,,,10.0,10.0,,,Fase 2 (5° e 6° ano)
RA-1524,2010,15,Feminino,13-15 anos,2024,Ingressante 2024,Pública,,,3.0,,,Quartzo,,,5.5473805555333335,5.5473805555333335,,,,,,,7.917,7.917,,,2.777777777666667,2.777777777666667,,,7.51,7.51,,,4.0,4.0,,,4.0,4.0,,,,,,,,,,,5.0,5.0,,,Fase 4 (9° ano)
RA-1525,2011,14,Masculino,13-15 anos,2024,Ingressante 2024,Pública,,,3.0,,,Ametista,,,7.778263492033334,7.778263492033334,,,,,,,7.917,7.917,,,8.293650793666666,8.293650793666666,,,5.63,5.63,,,7.0,7.0,,,6.5,6.5,,,5.5,5.5,,,9.0,9.0,,,10.0,10.0,,,Fase 3 (7° e 8° ano)
RA-1526,2011,14,Feminino,13-15 anos,2024,Ingressante 2024,Pública,,,3.0,,,Ametista,,,7.9798,7.9798,,,,,,,9.168,9.168,,,10.0,10.0,,,8.75,8.75,,,3.75,3.75,,,2.0,2.0,,,5.5,5.5,,,,,,,10.0,10.0,,,Fase 3 (7° e 8° ano)
RA-1527,2010,15,Masculino,13-15 anos,2024,Ingressante 2024,Pública,,,3.0,,,Topázio,,,8.631675000000001,8.631675000000001,,,,,,,9.168,9.168,,,10.0,10.0,,,7.51,7.51,,,8.0,8.0,,,9.0,9.0,,,7.0,7.0,,,,,,,10.0,10.0,,,Fase 3 (7° e 8° ano)
RA-1528,2011,14,Masculino,13-15 anos,2024,Ingressante 2024,Pública,,,3.0,,,Ametista,,,7.622584090933335,7.622584090933335,,,,,,,9.168,9.168,,,7.787878788,7.787878788,,,7.51,7.51,,,5.666666666666667,5.666666666666667,,,3.0,3.0,,,6.0,6.0,,,8.0,8.0,,,10.0,10.0,,,Fase 3 (7° e 8° ano)
RA-1529,2010,15,Feminino,13-15 anos,2024,Ingressante 2024,Pública,,,3.0,,,Agata,,,6.710079487200001,6.710079487200001,,,,,,,6.666,6.666,,,7.435897436,7.435897436,,,7.51,7.51,,,5.5,5.5,,,6.0,6.0,,,5.5,5.5,,,5.0,5.0,,,5.0,5.0,,,Fase 4 (9° ano)
RA-1530,2011,14,Masculino,13-15 anos,2024,Ingressante 2024,Pública,,,3.0,,,Quartzo,,,4.6391535714200005,4.6391535714200005,,,,,,,0.0,0.0,,,2.5238095237666665,2.5238095237666665,,,8.13,8.13,,,2.8333333333333335,2.8333333333333335,,,1.5,1.5,,,7.0,7.0,,,0.0,0.0,,,10.0,10.0,,,Fase 3 (7° e 8° ano)
RA-1531,2010,15,Masculino,13-15 anos,2024,Ingressante 2024,Pública,,,3.0,,,Ametista,,,7.0491790134,7.0491790134,,,,,,,8.751,8.751,,,7.9726867336666665,7.9726867336666665,,,7.505,7.505,,,5.833333333333333,5.833333333333333,,,4.5,4.5,,,8.0,8.0,,,5.0,5.0,,,5.0,5.0,,,Fase 4 (9° ano)
RA-1532,2009,16,Masculino,16-17 anos,2024,Ingressante 2024,Pública,,,3.0,,,Quartzo,,,4.548544781066667,4.548544781066667,,,,,,,0.0,0.0,,,3.9057239053333332,3.9057239053333332,,,7.51,7.51,,,2.0,2.0,,,0.0,0.0,,,6.0,6.0,,,0.0,0.0,,,5.0,5.0,,,Fase 4 (9° ano)
RA-1533,2010,15,Feminino,13-15 anos,2024,Ingressante 2024,Pública,,,3.0,,,Topázio,,,9.089828985533336,9.089828985533336,,,,,,,9.168,9.168,,,9.710144927666667,9.710144927666667,,,8.135,8.135,,,9.5,9.5,,,10.0,10.0,,,8.5,8.5,,,10.0,10.0,,,10.0,10.0,,,Fase 3 (7° e 8° ano)
RA-1534,2010,15,Feminino,13-15 anos,2024,Ingressante 2024,Pública,,,3.0,,,Ametista,,,7.188366666666667,7.188366666666667,,,,,,,7.917,7.917,,,9.666666666666666,9.666666666666666,,,8.135,8.135,,,1.1666666666666667,1.1666666666666667,,,2.0,2.0,,,1.5,1.5,,,0.0,0.0,,,10.0,10.0,,,Fase 3 (7° e 8° ano)
RA-1535,2011,14,Feminino,13-15 anos,2024,Ingressante 2024,Pública,,,3.0,,,Ametista,,,7.109390969933334,7.109390969933334,,,,,,,8.751,8.751,,,5.103121516333333,5.103121516333333,,,7.51,7.51,,,5.833333333333333,5.833333333333333,,,7.5,7.5,,,5.5,5.5,,,4.5,4.5,,,10.0,10.0,,,Fase 3 (7° e 8° ano)
RA-1536,2009,16,Feminino,16-17 anos,2024,Ingressante 2024,Pública,,,3.0,,,Ametista,,,7.653744444466668,7.653744444466668,,,,,,,9.168,9.168,,,8.722222222333334,8.722222222333334,,,8.135,8.135,,,7.0,7.0,,,10.0,10.0,,,3.5,3.5,,,7.5,7.5,,,5.0,5.0,,,Fase 4 (9° ano)
RA-1537,2010,15,Feminino,13-15 anos,2024,Ingressante 2024,Pública,,,3.0,,,Topázio,,,8.176263231333333,8.176263231333333,,,,,,,9.168,9.168,,,8.33064949,8.33064949,,,8.135,8.135,,,8.666666666666666,8.666666666666666,,,10.0,10.0,,,6.0,6.0,,,10.0,10.0,,,5.0,5.0,,,Fase 4 (9° ano)
RA-1538,2010,15,Masculino,13-15 anos,2021,Ingressante 2024,Pública,,,3.0,,,Ametista,,,7.9631703704333345,7.9631703704333345,,,,,,,9.168,9.168,,,7.935185184999999,7.935185184999999,,,8.13,8.13,,,7.166666666666667,7.166666666666667,,,7.5,7.5,,,6.0,6.0,,,8.0,8.0,,,10.0,10.0,,,Fase 2 (5° e 6° ano)
RA-1539,2011,14,Feminino,13-15 anos,2024,Ingressante 2024,Pública,,,3.0,,,Ametista,,,7.709588888900001,7.709588888900001,,,,,,,6.667,6.667,,,9.027777777666666,9.027777777666666,,,6.885,6.885,,,6.833333333333333,6.833333333333333,,,6.0,6.0,,,7.0,7.0,,,7.5,7.5,,,10.0,10.0,,,Fase 3 (7° e 8° ano)
RA-1540,2010,15,Feminino,13-15 anos,2024,Ingressante 2024,Pública,,,3.0,,,Quartzo,,,5.696233333333334,5.696233333333334,,,,,,,8.334,8.334,,,5.0,5.0,,,7.51,7.51,,,2.6666666666666665,2.6666666666666665,,,2.0,2.0,,,2.0,2.0,,,4.0,4.0,,,5.0,5.0,,,Fase 4 (9° ano)
RA-1541,2011,14,Masculino,13-15 anos,2024,Ingressante 2024,Pública,,,3.0,,,Topázio,,,8.337,8.337,,,,,,,9.168,9.168,,,8.633333333333333,8.633333333333333,,,6.88,6.88,,,8.166666666666666,8.166666666666666,,,9.0,9.0,,,7.0,7.0,,,8.5,8.5,,,10.0,10.0,,,Fase 3 (7° e 8° ano)
RA-1542,2008,17,Feminino,16-17 anos,2024,Ingressante 2024,Pública,,,3.0,,,Agata,,,6.0886079922,6.0886079922,,,,,,,7.501,7.501,,,6.304873294333333,6.304873294333333,,,8.135,8.135,,,3.1666666666666665,3.1666666666666665,,,1.0,1.0,,,3.5,3.5,,,5.0,5.0,,,5.0,5.0,,,Fase 5 (1° EM)
RA-1543,2010,15,Masculino,13-15 anos,2024,Ingressante 2024,Pública,,,3.0,,,Agata,,,6.754584615400001,6.754584615400001,,,,,,,7.5,7.5,,,8.076923077,8.076923077,,,7.51,7.51,,,5.0,5.0,,,6.0,6.0,,,4.0,4.0,,,,,,,5.0,5.0,,,Fase 4 (9° ano)
RA-1544,2010,15,Feminino,13-15 anos,2024,Ingressante 2024,Pública,,,3.0,,,Agata,,,6.905568627466667,6.905568627466667,,,,,,,8.334,8.334,,,8.674509804,8.674509804,,,6.885,6.885,,,5.833333333333333,5.833333333333333,,,5.5,5.5,,,5.5,5.5,,,6.5,6.5,,,5.0,5.0,,,Fase 4 (9° ano)
RA-1545,2012,13,Feminino,13-15 anos,2024,Ingressante 2024,Pública,,,3.0,,,Ametista,,,7.296598575533334,7.296598575533334,,,,,,,7.501,7.501,,,6.210826211,6.210826211,,,8.13,8.13,,,8.166666666666666,8.166666666666666,,,8.0,8.0,,,6.5,6.5,,,10.0,10.0,,,10.0,10.0,,,Fase 3 (7° e 8° ano)
RA-1546,2010,15,Masculino,13-15 anos,2024,Ingressante 2024,Pública,,,3.0,,,Agata,,,6.900662108266667,6.900662108266667,,,,,,,8.334,8.334,,,6.374643874666667,6.374643874666667,,,8.75,8.75,,,4.666666666666667,4.666666666666667,,,5.0,5.0,,,3.0,3.0,,,6.0,6.0,,,10.0,10.0,,,Fase 3 (7° e 8° ano)
RA-1547,2009,16,Feminino,16-17 anos,2024,Ingressante 2024,Pública,,,3.0,,,Agata,,,6.748480626800001,6.748480626800001,,,,,,,7.917,7.917,,,6.467236467333334,6.467236467333334,,,8.13,8.13,,,6.666666666666667,6.666666666666667,,,9.5,9.5,,,6.0,6.0,,,4.5,4.5,,,5.0,5.0,,,Fase 4 (9° ano)
RA-1548,2011,14,Feminino,13-15 anos,2024,Ingressante 2024,Pública,,,3.0,,,Agata,,,6.482499715066667,6.482499715066667,,,,,,,8.334,8.334,,,5.2421652420000004,5.2421652420000004,,,7.51,7.51,,,4.833333333333333,4.833333333333333,,,9.0,9.0,,,4.5,4.5,,,1.0,1.0,,,10.0,10.0,,,Fase 3 (7° e 8° ano)
RA-1549,2009,16,Masculino,16-17 anos,2024,Ingressante 2024,Pública,,,3.0,,,Agata,,,6.514862200466668,6.514862200466668,,,,,,,9.585,9.585,,,7.441394335666668,7.441394335666668,,,7.51,7.51,,,4.166666666666667,4.166666666666667,,,5.5,5.5,,,3.0,3.0,,,4.0,4.0,,,5.0,5.0,,,Fase 5 (1° EM)
RA-1550,2009,16,Masculino,16-17 anos,2024,Ingressante 2024,Pública,,,3.0,,,Agata,,,6.064236111066667,6.064236111066667,,,,,,,9.585,9.585,,,5.222222222,5.222222222,,,7.51,7.51,,,4.333333333333333,4.333333333333333,,,5.0,5.0,,,3.0,3.0,,,5.0,5.0,,,5.0,5.0,,,Fase 4 (9° ano)
RA-1551,2009,16,Masculino,16-17 anos,2024,Ingressante 2024,Pública,,,3.0,,,Quartzo,,,5.9717087542,5.9717087542,,,,,,,9.585,9.585,,,4.7710437709999995,4.7710437709999995,,,7.51,7.51,,,3.5,3.5,,,1.0,1.0,,,5.5,5.5,,,4.0,4.0,,,5.0,5.0,,,Fase 5 (1° EM)
RA-1552,2011,14,Masculino,13-15 anos,2024,Ingressante 2024,Pública,,,3.0,,,Ametista,,,7.443301282066667,7.443301282066667,,,,,,,9.585,9.585,,,9.743589743666666,9.743589743666666,,,7.51,7.51,,,3.1666666666666665,3.1666666666666665,,,1.0,1.0,,,4.5,4.5,,,4.0,4.0,,,10.0,10.0,,,Fase 3 (7° e 8° ano)
RA-1553,2011,14,Masculino,13-15 anos,2024,Ingressante 2024,Pública,,,3.0,,,Ametista,,,7.641184313700001,7.641184313700001,,,,,,,8.334,8.334,,,9.003921568666668,9.003921568666668,,,7.51,7.51,,,4.333333333333333,4.333333333333333,,,6.0,6.0,,,5.0,5.0,,,2.0,2.0,,,10.0,10.0,,,Fase 3 (7° e 8° ano)
RA-1554,2009,16,Masculino,16-17 anos,2024,Ingressante 2024,Pública,,,3.0,,,Agata,,,6.941692592633334,6.941692592633334,,,,,,,6.666,6.666,,,9.629629629666667,9.629629629666667,,,8.76,8.76,,,4.0,4.0,,,3.0,3.0,,,,,,,5.0,5.0,,,5.0,5.0,,,Fase 5 (1° EM)
RA-1555,2011,14,Masculino,13-15 anos,2024,Ingressante 2024,Pública,,,3.0,,,Ametista,,,7.4827333334,7.4827333334,,,,,,,8.334,8.334,,,10.0,10.0,,,6.255,6.255,,,3.0,3.0,,,9.0,9.0,,,0.0,0.0,,,0.0,0.0,,,10.0,10.0,,,Fase 3 (7° e 8° ano)
RA-1556,2010,15,Masculino,13-15 anos,2024,Ingressante 2024,Pública,,,3.0,,,Agata,,,6.666811111166668,6.666811111166668,,,,,,,7.917,7.917,,,5.222222222333333,5.222222222333333,,,7.51,7.51,,,4.0,4.0,,,3.5,3.5,,,,,,,4.5,4.5,,,10.0,10.0,,,Fase 3 (7° e 8° ano)
RA-1557,2010,15,Feminino,13-15 anos,2024,Ingressante 2024,Pública,,,3.0,,,Topázio,,,8.228500000033334,8.228500000033334,,,,,,,9.585,9.585,,,8.916666666666666,8.916666666666666,,,7.51,7.51,,,7.0,7.0,,,6.0,6.0,,,,,,,8.0,8.0,,,10.0,10.0,,,Fase 3 (7° e 8° ano)
RA-1558,2008,17,Masculino,16-17 anos,2024,Ingressante 2024,Pública,,,4.0,,,Ametista,,,7.643772047733333,7.643772047733333,,,,,,,9.168,9.168,,,8.705360238666666,8.705360238666666,,,8.755,8.755,,,5.5,5.5,,,5.0,5.0,,,5.5,5.5,,,6.0,6.0,,,5.0,5.0,,,Fase 5 (1° EM)
RA-1559,2009,16,Feminino,16-17 anos,2024,Ingressante 2024,Pública,,,4.0,,,Agata,,,6.330428437666668,6.330428437666668,,,,,,,7.917,7.917,,,5.2929755216666665,5.2929755216666665,,,6.885,6.885,,,4.666666666666667,4.666666666666667,,,8.0,8.0,,,0.0,0.0,,,6.0,6.0,,,5.0,5.0,,,Fase 5 (1° EM)
RA-1560,2010,15,Feminino,13-15 anos,2024,Ingressante 2024,Privada,,,4.0,,,Topázio,,,8.4721031746,8.4721031746,,,,,,,9.168,9.168,,,9.206349206333334,9.206349206333334,,,5.635,5.635,,,8.166666666666666,8.166666666666666,,,6.0,6.0,,,8.5,8.5,,,10.0,10.0,,,10.0,10.0,,,Fase 3 (7° e 8° ano)
RA-1561,2008,17,Masculino,16-17 anos,2024,Ingressante 2024,Pública,,,4.0,,,Ametista,,,7.9402206349333335,7.9402206349333335,,,,,,,9.585,9.585,,,9.174603174666666,9.174603174666666,,,5.0,5.0,,,9.0,9.0,,,8.5,8.5,,,8.5,8.5,,,10.0,10.0,,,5.0,5.0,,,Fase 5 (1° EM)
RA-1562,2008,17,Feminino,16-17 anos,2024,Ingressante 2024,Pública,,,4.0,,,Quartzo,,,5.458833333333334,5.458833333333334,,,,,,,6.25,6.25,,,8.666666666666666,8.666666666666666,,,5.01,5.01,,,0.5,0.5,,,0.5,0.5,,,,,,,,,,,5.0,5.0,,,Fase 6 (2° EM)
RA-1563,2009,16,Feminino,16-17 anos,2024,Ingressante 2024,Pública,,,4.0,,,Ametista,,,7.604211111133335,7.604211111133335,,,,,,,8.751,8.751,,,8.305555555666666,8.305555555666666,,,7.51,7.51,,,7.0,7.0,,,5.0,5.0,,,7.5,7.5,,,8.5,8.5,,,5.0,5.0,,,Fase 5 (1° EM)
RA-1564,2009,16,Masculino,16-17 anos,2024,Ingressante 2024,Pública,,,4.0,,,Quartzo,,,5.0761468806000005,5.0761468806000005,,,,,,,8.334,8.334,,,4.942067736333334,4.942067736333334,,,6.885,6.885,,,2.1666666666666665,2.1666666666666665,,,1.0,1.0,,,3.5,3.5,,,2.0,2.0,,,5.0,5.0,,,Fase 5 (1° EM)
RA-1565,2008,17,Masculino,16-17 anos,2024,Ingressante 2024,Pública,,,4.0,,,Quartzo,,,5.816448179266667,5.816448179266667,,,,,,,0.0,0.0,,,8.102240896333333,8.102240896333333,,,7.51,7.51,,,5.5,5.5,,,7.0,7.0,,,3.0,3.0,,,6.5,6.5,,,5.0,5.0,,,Fase 5 (1° EM)
RA-1566,2007,18,Feminino,18+ anos,2024,Ingressante 2024,Pública,,,4.0,,,Ametista,,,7.759243871133334,7.759243871133334,,,,,,,9.168,9.168,,,9.247219355666667,9.247219355666667,,,7.51,7.51,,,6.5,6.5,,,3.0,3.0,,,8.0,8.0,,,8.5,8.5,,,5.0,5.0,,,Fase 6 (2° EM)
RA-1567,2008,17,Feminino,16-17 anos,2024,Ingressante 2024,Pública,,,4.0,,,Ametista,,,7.913942087533334,7.913942087533334,,,,,,,8.334,8.334,,,8.771043771,8.771043771,,,7.51,7.51,,,8.166666666666666,8.166666666666666,,,5.0,5.0,,,9.5,9.5,,,10.0,10.0,,,5.0,5.0,,,Fase 6 (2° EM)
RA-1568,2009,16,Feminino,16-17 anos,2024,Ingressante 2024,Pública,,,4.0,,,Ametista,,,7.8003261438000004,7.8003261438000004,,,,,,,9.168,9.168,,,7.493464052333334,7.493464052333334,,,7.51,7.51,,,8.166666666666666,8.166666666666666,,,7.5,7.5,,,7.5,7.5,,,9.5,9.5,,,5.0,5.0,,,Fase 5 (1° EM)
RA-1569,2007,18,Feminino,18+ anos,2024,Ingressante 2024,Pública,,,4.0,,,Quartzo,,,5.7191555556,5.7191555556,,,,,,,6.666,6.666,,,7.111111111333334,7.111111111333334,,,6.26,6.26,,,2.1666666666666665,2.1666666666666665,,,2.0,2.0,,,3.0,3.0,,,1.5,1.5,,,5.0,5.0,,,Fase 6 (2° EM)
RA-1570,2008,17,Feminino,16-17 anos,2024,Ingressante 2024,Pública,,,4.0,,,Ametista,,,7.894084175066667,7.894084175066667,,,,,,,9.585,9.585,,,7.542087542,7.542087542,,,7.51,7.51,,,8.333333333333334,8.333333333333334,,,6.5,6.5,,,9.0,9.0,,,9.5,9.5,,,5.0,5.0,,,Fase 5 (1° EM)
RA-1571,2008,17,Masculino,16-17 anos,2024,Ingressante 2024,Pública,,,4.0,,,Ametista,,,7.2484555556,7.2484555556,,,,,,,8.334,8.334,,,9.111111111333335,9.111111111333335,,,5.005,5.005,,,5.666666666666667,5.666666666666667,,,5.0,5.0,,,6.0,6.0,,,6.0,6.0,,,5.0,5.0,,,Fase 5 (1° EM)
RA-1572,2009,16,Feminino,16-17 anos,2024,Ingressante 2024,Pública,,,4.0,,,Topázio,,,8.080345634866667,8.080345634866667,,,,,,,9.168,9.168,,,9.841269841333334,9.841269841333334,,,7.51,7.51,,,7.5,7.5,,,7.5,7.5,,,6.5,6.5,,,8.5,8.5,,,5.0,5.0,,,Fase 5 (1° EM)
RA-1573,2008,17,Masculino,16-17 anos,2024,Ingressante 2024,Pública,,,4.0,,,Agata,,,6.743847969266667,6.743847969266667,,,,,,,9.168,9.168,,,6.120448179333334,6.120448179333334,,,6.26,6.26,,,5.0,5.0,,,0.0,0.0,,,6.0,6.0,,,9.0,9.0,,,5.0,5.0,,,Fase 5 (1° EM)
RA-1574,2008,17,Feminino,16-17 anos,2024,Ingressante 2024,Pública,,,4.0,,,Ametista,,,7.777244180000001,7.777244180000001,,,,,,,8.751,8.751,,,8.399470899666667,8.399470899666667,,,7.51,7.51,,,7.333333333333333,7.333333333333333,,,7.0,7.0,,,6.0,6.0,,,9.0,9.0,,,5.0,5.0,,,Fase 5 (1° EM)
RA-1575,2008,17,Feminino,16-17 anos,2024,Ingressante 2024,Pública,,,4.0,,,Ametista,,,7.318459391466667,7.318459391466667,,,,,,,9.168,9.168,,,8.624338624,8.624338624,,,6.885,6.885,,,5.333333333333333,5.333333333333333,,,0.0,0.0,,,7.5,7.5,,,8.5,8.5,,,5.0,5.0,,,Fase 5 (1° EM)
RA-1576,2008,17,Feminino,16-17 anos,2024,Ingressante 2024,Pública,,,4.0,,,Ametista,,,7.4636202380666665,7.4636202380666665,,,,,,,8.334,8.334,,,9.523809523666666,9.523809523666666,,,5.635,5.635,,,6.666666666666667,6.666666666666667,,,7.5,7.5,,,4.5,4.5,,,8.0,8.0,,,5.0,5.0,,,Fase 5 (1° EM)
RA-1577,2008,17,Masculino,16-17 anos,2024,Ingressante 2024,Pública,,,4.0,,,Agata,,,6.305585581933334,6.305585581933334,,,,,,,10.002,10.002,,,4.993386243333333,4.993386243333333,,,7.51,7.51,,,4.333333333333333,4.333333333333333,,,4.0,4.0,,,7.0,7.0,,,2.0,2.0,,,5.0,5.0,,,Fase 5 (1° EM)
RA-1578,2010,15,Feminino,13-15 anos,2024,Ingressante 2024,Pública,,,4.0,,,Ametista,,,7.880605848,7.880605848,,,,,,,8.334,8.334,,,6.761695906666667,6.761695906666667,,,7.51,7.51,,,7.333333333333333,7.333333333333333,,,6.0,6.0,,,6.0,6.0,,,10.0,10.0,,,10.0,10.0,,,Fase 3 (7° e 8° ano)
RA-1579,2008,17,Feminino,16-17 anos,2022,Ingressante 2024,Pública,,,4.0,,,Ametista,,,7.894385710733333,7.894385710733333,,,,,,,8.751,8.751,,,9.090261886999999,9.090261886999999,,,5.635,5.635,,,7.166666666666667,7.166666666666667,,,7.5,7.5,,,6.0,6.0,,,8.0,8.0,,,5.0,5.0,,,Fase 6 (2° EM)
RA-1580,2008,17,Masculino,16-17 anos,2024,Ingressante 2024,Pública,,,4.0,,,Ametista,,,7.790523996266667,7.790523996266667,,,,,,,8.751,8.751,,,9.049953314666666,9.049953314666666,,,7.51,7.51,,,6.166666666666667,6.166666666666667,,,5.0,5.0,,,7.5,7.5,,,6.0,6.0,,,5.0,5.0,,,Fase 5 (1° EM)
RA-1581,2008,17,Masculino,16-17 anos,2024,Ingressante 2024,Pública,,,4.0,,,Agata,,,6.9787022855,6.9787022855,,,,,,,8.334,8.334,,,7.834844760666667,7.834844760666667,,,6.26,6.26,,,6.333333333333333,6.333333333333333,,,7.0,7.0,,,4.5,4.5,,,7.5,7.5,,,5.0,5.0,,,Fase 5 (1° EM)
RA-1582,2009,16,Masculino,16-17 anos,2024,Ingressante 2024,Pública,,,4.0,,,Agata,,,6.472788888966667,6.472788888966667,,,,,,,8.334,8.334,,,8.069444444333334,8.069444444333334,,,6.255,6.255,,,4.5,4.5,,,7.0,7.0,,,2.0,2.0,,,4.5,4.5,,,5.0,5.0,,,Fase 5 (1° EM)
RA-1583,2009,16,Feminino,16-17 anos,2024,Ingressante 2024,Pública,,,4.0,,,Ametista,,,7.8197579711000005,7.8197579711000005,,,,,,,7.917,7.917,,,7.753623188333333,7.753623188333333,,,6.26,6.26,,,8.166666666666666,8.166666666666666,,,8.0,8.0,,,6.5,6.5,,,10.0,10.0,,,5.0,5.0,,,Fase 5 (1° EM)
RA-1584,2009,16,Feminino,16-17 anos,2024,Ingressante 2024,Pública,,,4.0,,,Ametista,,,7.429837830666667,7.429837830666667,,,,,,,8.334,8.334,,,9.153439153333332,9.153439153333332,,,7.51,7.51,,,5.5,5.5,,,6.0,6.0,,,5.5,5.5,,,5.0,5.0,,,5.0,5.0,,,Fase 5 (1° EM)
RA-1585,2009,16,Feminino,16-17 anos,2024,Ingressante 2024,Pública,,,4.0,,,Agata,,,6.730367016866668,6.730367016866668,,,,,,,10.002,10.002,,,6.775210084333334,6.775210084333334,,,7.51,7.51,,,4.0,4.0,,,5.0,5.0,,,3.0,3.0,,,4.0,4.0,,,5.0,5.0,,,Fase 5 (1° EM)
RA-1586,2009,16,Feminino,16-17 anos,2024,Ingressante 2024,Pública,,,4.0,,,Agata,,,6.555764327466668,6.555764327466668,,,,,,,10.002,10.002,,,6.128654970666666,6.128654970666666,,,5.01,5.01,,,5.666666666666667,5.666666666666667,,,3.5,3.5,,,5.5,5.5,,,8.0,8.0,,,5.0,5.0,,,Fase 5 (1° EM)
RA-1587,2008,17,Feminino,16-17 anos,2024,Ingressante 2024,Pública,,,4.0,,,Ametista,,,7.34055,7.34055,,,,,,,9.168,9.168,,,10.0,10.0,,,7.51,7.51,,,3.75,3.75,,,7.5,7.5,,,0.0,0.0,,,,,,,5.0,5.0,,,Fase 6 (2° EM)
RA-1588,2010,15,Feminino,13-15 anos,2024,Ingressante 2024,Pública,,,4.0,,,Ametista,,,7.303823728133333,7.303823728133333,,,,,,,7.917,7.917,,,8.640618640666666,8.640618640666666,,,7.51,7.51,,,4.0,4.0,,,3.5,3.5,,,4.5,4.5,,,,,,,10.0,10.0,,,Fase 4 (9° ano)
RA-1589,2009,16,Feminino,16-17 anos,2024,Ingressante 2024,Pública,,,4.0,,,Quartzo,,,5.260851851866667,5.260851851866667,,,,,,,0.0,0.0,,,6.259259259333334,6.259259259333334,,,7.51,7.51,,,2.5,2.5,,,3.0,3.0,,,2.0,2.0,,,,,,,5.0,5.0,,,Fase 5 (1° EM)
RA-1590,2009,16,Feminino,16-17 anos,2024,Ingressante 2024,Pública,,,4.0,,,Topázio,,,8.1907875086,8.1907875086,,,,,,,7.917,7.917,,,8.267770876333332,8.267770876333332,,,7.51,7.51,,,8.666666666666666,8.666666666666666,,,8.5,8.5,,,8.0,8.0,,,9.5,9.5,,,5.0,5.0,,,Fase 5 (1° EM)
RA-1591,2007,18,Feminino,18+ anos,2024,Ingressante 2024,Pública,,,4.0,,,Agata,,,6.1707952862,6.1707952862,,,,,,,7.083,7.083,,,6.430976431,6.430976431,,,7.51,7.51,,,3.5,3.5,,,3.0,3.0,,,4.5,4.5,,,3.0,3.0,,,5.0,5.0,,,Fase 6 (2° EM)
RA-1592,2009,16,Feminino,16-17 anos,2024,Ingressante 2024,Pública,,,4.0,,,Agata,,,6.812545479666667,6.812545479666667,,,,,,,7.917,7.917,,,6.854727398333334,6.854727398333334,,,7.51,7.51,,,5.5,5.5,,,4.0,4.0,,,7.5,7.5,,,5.0,5.0,,,5.0,5.0,,,Fase 5 (1° EM)
RA-1593,2008,17,Masculino,16-17 anos,2024,Ingressante 2024,Pública,,,4.0,,,Agata,,,6.638525017333334,6.638525017333334,,,,,,,6.249,6.249,,,4.868875086666667,4.868875086666667,,,6.26,6.26,,,6.5,6.5,,,9.0,9.0,,,6.5,6.5,,,4.0,4.0,,,5.0,5.0,,,Fase 5 (1° EM)
RA-1594,2008,17,Masculino,16-17 anos,2024,Ingressante 2024,Pública,,,4.0,,,Quartzo,,,5.731267287800001,5.731267287800001,,,,,,,9.585,9.585,,,6.112836439,6.112836439,,,6.26,6.26,,,3.0,3.0,,,1.0,1.0,,,4.0,4.0,,,4.0,4.0,,,5.0,5.0,,,Fase 6 (2° EM)
RA-1595,2010,15,Masculino,13-15 anos,2024,Ingressante 2024,Pública,,,4.0,,,Agata,,,6.6599304233000005,6.6599304233000005,,,,,,,8.334,8.334,,,7.949735449666666,7.949735449666666,,,6.26,6.26,,,2.3333333333333335,2.3333333333333335,,,3.0,3.0,,,0.0,0.0,,,4.0,4.0,,,10.0,10.0,,,Fase 4 (9° ano)
RA-1596,2007,18,Feminino,18+ anos,2024,Ingressante 2024,Pública,,,4.0,,,Ametista,,,7.261016666766667,7.261016666766667,,,,,,,8.751,8.751,,,10.0,10.0,,,7.51,7.51,,,3.3333333333333335,3.3333333333333335,,,5.0,5.0,,,0.0,0.0,,,5.0,5.0,,,5.0,5.0,,,Fase 6 (2° EM)
RA-1597,2008,17,Feminino,16-17 anos,2024,Ingressante 2024,Pública,,,4.0,,,Agata,,,6.7187063492,6.7187063492,,,,,,,7.5,7.5,,,8.412698412666666,8.412698412666666,,,7.51,7.51,,,2.8333333333333335,2.8333333333333335,,,2.0,2.0,,,0.0,0.0,,,6.5,6.5,,,5.0,5.0,,,Fase 5 (1° EM)
RA-1598,2009,16,Feminino,16-17 anos,2024,Ingressante 2024,Pública,,,5.0,,,Topázio,,,8.4656285714,8.4656285714,,,,,,,9.585,9.585,,,8.857142857,8.857142857,,,7.51,7.51,,,7.5,7.5,,,7.5,7.5,,,7.5,7.5,,,,,,,10.0,10.0,,,Fase 5 (1° EM)
RA-1599,2006,19,Feminino,18+ anos,2024,Ingressante 2024,Pública,,,5.0,,,Ametista,,,7.6059333333333345,7.6059333333333345,,,,,,,8.334,8.334,,,9.666666666666666,9.666666666666666,,,7.51,7.51,,,6.5,6.5,,,7.0,7.0,,,6.0,6.0,,,,,,,5.0,5.0,,,Fase 7 (3° EM)
RA-1600,2007,18,Feminino,18+ anos,2024,Ingressante 2024,Pública,,,5.0,,,Agata,,,6.750618518533334,6.750618518533334,,,,,,,8.751,8.751,,,8.425925926,8.425925926,,,6.26,6.26,,,5.666666666666667,5.666666666666667,,,5.0,5.0,,,2.0,2.0,,,10.0,10.0,,,5.0,5.0,,,Fase 7 (3° EM)
RA-1601,2007,18,Feminino,18+ anos,2024,Ingressante 2024,Pública,,,5.0,,,Ametista,,,7.2431,7.2431,,,,,,,8.751,8.751,,,7.0,7.0,,,7.51,7.51,,,6.5,6.5,,,5.0,5.0,,,5.0,5.0,,,9.5,9.5,,,5.0,5.0,,,Fase 6 (2° EM)
RA-1602,2009,16,Feminino,16-17 anos,2024,Ingressante 2024,Pública,,,5.0,,,Topázio,,,8.041889814800001,8.041889814800001,,,,,,,7.917,7.917,,,8.782407407333332,8.782407407333332,,,7.51,7.51,,,7.166666666666667,7.166666666666667,,,9.5,9.5,,,2.0,2.0,,,10.0,10.0,,,10.0,10.0,,,Fase 5 (1° EM)
RA-1603,2008,17,Feminino,16-17 anos,2024,Ingressante 2024,Pública,,,5.0,,,Ametista,,,7.836518518466668,7.836518518466668,,,,,,,7.5,7.5,,,9.259259258999998,9.259259258999998,,,7.51,7.51,,,8.333333333333334,8.333333333333334,,,8.5,8.5,,,7.0,7.0,,,9.5,9.5,,,5.0,5.0,,,Fase 6 (2° EM)
RA-1604,2008,17,Masculino,16-17 anos,2024,Ingressante 2024,Pública,,,5.0,,,Topázio,,,8.0118555556,8.0118555556,,,,,,,9.168,9.168,,,7.777777778,7.777777778,,,7.51,7.51,,,8.5,8.5,,,10.0,10.0,,,5.5,5.5,,,10.0,10.0,,,5.0,5.0,,,Fase 6 (2° EM)
RA-1605,2008,17,Masculino,16-17 anos,2024,Ingressante 2024,Pública,,,5.0,,,Quartzo,,,4.920488888866667,4.920488888866667,,,,,,,0.0,0.0,,,5.0694444443333335,5.0694444443333335,,,7.51,7.51,,,2.5,2.5,,,0.0,0.0,,,7.5,7.5,,,0.0,0.0,,,5.0,5.0,,,Fase 6 (2° EM)
RA-1606,2006,19,Feminino,18+ anos,2024,Ingressante 2024,Pública,,,5.0,,,Quartzo,,,5.8216796296,5.8216796296,,,,,,,8.334,8.334,,,5.148148148,5.148148148,,,7.51,7.51,,,2.5,2.5,,,7.5,7.5,,,0.0,0.0,,,0.0,0.0,,,5.0,5.0,,,Fase 7 (3° EM)
RA-1607,2008,17,Masculino,16-17 anos,2024,Ingressante 2024,Pública,,,5.0,,,Quartzo,,,4.899894444466667,4.899894444466667,,,,,,,5.833,5.833,,,6.222222222333333,6.222222222333333,,,5.635,5.635,,,0.0,0.0,,,,,,,0.0,0.0,,,0.0,0.0,,,5.0,5.0,,,Fase 6 (2° EM)
RA-1608,2009,16,Masculino,16-17 anos,2024,Ingressante 2024,Pública,,,5.0,,,Ametista,,,7.072539814866667,7.072539814866667,,,,,,,8.751,8.751,,,7.199074074333335,7.199074074333335,,,7.51,7.51,,,5.0,5.0,,,8.5,8.5,,,3.5,3.5,,,3.0,3.0,,,10.0,10.0,,,Fase 5 (1° EM)
RA-1609,2007,18,Feminino,18+ anos,2024,Ingressante 2024,Pública,,,5.0,,,Ametista,,,7.577233333233334,7.577233333233334,,,,,,,8.334,8.334,,,9.666666666666666,9.666666666666666,,,7.51,7.51,,,6.0,6.0,,,6.0,6.0,,,4.0,4.0,,,8.0,8.0,,,5.0,5.0,,,Fase 7 (3° EM)
RA-1610,2007,18,Masculino,18+ anos,2024,Ingressante 2024,Pública,,,5.0,,,Agata,,,6.7023729275666675,6.7023729275666675,,,,,,,9.168,9.168,,,7.753697970666667,7.753697970666667,,,7.51,7.51,,,5.166666666666667,5.166666666666667,,,4.0,4.0,,,2.0,2.0,,,9.5,9.5,,,5.0,5.0,,,Fase 7 (3° EM)
RA-1611,2007,18,Masculino,18+ anos,2024,Ingressante 2024,Pública,,,5.0,,,Agata,,,6.4589186218000005,6.4589186218000005,,,,,,,7.083,7.083,,,8.361426442,8.361426442,,,7.51,7.51,,,4.5,4.5,,,2.0,2.0,,,2.5,2.5,,,9.0,9.0,,,5.0,5.0,,,Fase 7 (3° EM)
RA-1612,2006,19,Masculino,18+ anos,2024,Ingressante 2024,Pública,,,5.0,,,Ametista,,,7.014528571366666,7.014528571366666,,,,,,,6.666,6.666,,,8.523809523666666,8.523809523666666,,,7.51,7.51,,,6.166666666666667,6.166666666666667,,,5.0,5.0,,,6.5,6.5,,,7.0,7.0,,,5.0,5.0,,,Fase 7 (3° EM)
RA-1613,2007,18,Feminino,18+ anos,2024,Ingressante 2024,Pública,,,5.0,,,Agata,,,6.085471428700001,6.085471428700001,,,,,,,8.334,8.334,,,7.1428571430000005,7.1428571430000005,,,7.51,7.51,,,3.0,3.0,,,0.0,0.0,,,1.0,1.0,,,8.0,8.0,,,5.0,5.0,,,Fase 7 (3° EM)
RA-1614,2008,17,Masculino,16-17 anos,2024,Ingressante 2024,Pública,,,5.0,,,Agata,,,6.787898989933334,6.787898989933334,,,,,,,7.5,7.5,,,6.574494949666668,6.574494949666668,,,7.51,7.51,,,6.5,6.5,,,5.0,5.0,,,5.5,5.5,,,9.0,9.0,,,5.0,5.0,,,Fase 6 (2° EM)
RA-1615,2008,17,Feminino,16-17 anos,2024,Ingressante 2024,Pública,,,5.0,,,Topázio,,,8.417533333333333,8.417533333333333,,,,,,,7.917,7.917,,,9.833333333333334,9.833333333333334,,,7.51,7.51,,,8.333333333333334,8.333333333333334,,,8.0,8.0,,,7.0,7.0,,,10.0,10.0,,,10.0,10.0,,,Fase 5 (1° EM)
RA-1616,2007,18,Feminino,18+ anos,2024,Ingressante 2024,Pública,,,5.0,,,Ametista,,,7.147738235266668,7.147738235266668,,,,,,,8.334,8.334,,,8.436274509666667,8.436274509666667,,,7.51,7.51,,,6.166666666666667,6.166666666666667,,,5.5,5.5,,,6.5,6.5,,,6.5,6.5,,,5.0,5.0,,,Fase 6 (2° EM)
RA-1617,2008,17,Feminino,16-17 anos,2024,Ingressante 2024,Pública,,,5.0,,,Quartzo,,,4.926285714266666,4.926285714266666,,,,,,,0.0,0.0,,,5.571428571333333,5.571428571333333,,,7.51,7.51,,,3.25,3.25,,,0.5,0.5,,,6.0,6.0,,,,,,,5.0,5.0,,,Fase 6 (2° EM)
RA-1618,2007,18,Masculino,18+ anos,2024,Ingressante 2024,Pública,,,5.0,,,Ametista,,,7.0487660130666665,7.0487660130666665,,,,,,,8.334,8.334,,,7.908496732000001,7.908496732000001,,,7.51,7.51,,,6.333333333333333,6.333333333333333,,,5.0,5.0,,,7.0,7.0,,,7.0,7.0,,,5.0,5.0,,,Fase 6 (2° EM)
RA-1619,2009,16,Masculino,16-17 anos,2024,Ingressante 2024,Pública,,,5.0,,,Ametista,,,7.393951851866667,7.393951851866667,,,,,,,7.501,7.501,,,9.259259259333334,9.259259259333334,,,7.51,7.51,,,4.25,4.25,,,4.0,4.0,,,4.5,4.5,,,,,,,10.0,10.0,,,Fase 4 (9° ano)
RA-1620,2007,18,Masculino,18+ anos,2024,Ingressante 2024,Pública,,,5.0,,,Agata,,,6.652766666666667,6.652766666666667,,,,,,,8.751,8.751,,,6.666666666666667,6.666666666666667,,,7.51,7.51,,,5.166666666666667,5.166666666666667,,,5.5,5.5,,,7.0,7.0,,,3.0,3.0,,,5.0,5.0,,,Fase 6 (2° EM)
RA-1621,2007,18,Feminino,18+ anos,2024,Ingressante 2024,Pública,,,5.0,,,Topázio,,,8.107033333366667,8.107033333366667,,,,,,,7.917,7.917,,,10.0,10.0,,,6.26,6.26,,,8.333333333333334,8.333333333333334,,,7.5,7.5,,,7.5,7.5,,,10.0,10.0,,,5.0,5.0,,,Fase 6 (2° EM)
RA-1622,2007,18,Feminino,18+ anos,2024,Ingressante 2024,Pública,,,5.0,,,Topázio,,,8.429066666633334,8.429066666633334,,,,,,,8.334,8.334,,,10.0,10.0,,,7.51,7.51,,,9.666666666666666,9.666666666666666,,,10.0,10.0,,,9.0,9.0,,,10.0,10.0,,,5.0,5.0,,,Fase 6 (2° EM)
RA-1623,2007,18,Masculino,18+ anos,2024,Ingressante 2024,Pública,,,6.0,,,Ametista,,,7.7609537037333345,7.7609537037333345,,,,,,,9.168,9.168,,,8.518518518666667,8.518518518666667,,,6.26,6.26,,,6.0,6.0,,,5.5,5.5,,,2.5,2.5,,,10.0,10.0,,,10.0,10.0,,,Fase 6 (2° EM)
RA-1624,2006,19,Feminino,18+ anos,2024,Ingressante 2024,Concluiu o 3º EM,,,6.0,,,Ametista,,,7.743213492066667,7.743213492066667,,,,,,,7.917,7.917,,,9.460317460333334,9.460317460333334,,,7.51,7.51,,,7.5,7.5,,,8.0,8.0,,,5.5,5.5,,,9.0,9.0,,,5.0,5.0,,,Fase 7 (3° EM)
RA-1625,2007,18,Masculino,18+ anos,2024,Ingressante 2024,Pública,,,6.0,,,Agata,,,6.888194089266667,6.888194089266667,,,,,,,7.5,7.5,,,7.112887113,7.112887113,,,7.51,7.51,,,4.333333333333333,4.333333333333333,,,3.0,3.0,,,2.0,2.0,,,8.0,8.0,,,10.0,10.0,,,Fase 6 (2° EM)
RA-1626,2008,17,Feminino,16-17 anos,2024,Ingressante 2024,Pública,,,6.0,,,Topázio,,,8.541085606066668,8.541085606066668,,,,,,,8.751,8.751,,,9.696969697,9.696969697,,,7.51,7.51,,,7.333333333333333,7.333333333333333,,,5.5,5.5,,,6.5,6.5,,,10.0,10.0,,,10.0,10.0,,,Fase 6 (2° EM)
RA-1627,2007,18,Feminino,18+ anos,2024,Ingressante 2024,Pública,,,6.0,,,Ametista,,,7.481547222200001,7.481547222200001,,,,,,,7.083,7.083,,,7.777777777666667,7.777777777666667,,,7.51,7.51,,,7.833333333333333,7.833333333333333,,,6.0,6.0,,,7.5,7.5,,,10.0,10.0,,,5.0,5.0,,,Fase 7 (3° EM)
RA-1628,2008,17,Feminino,16-17 anos,2024,Ingressante 2024,Pública,,,6.0,,,Ametista,,,7.500131368600001,7.500131368600001,,,,,,,8.334,8.334,,,8.509823509666667,8.509823509666667,,,7.51,7.51,,,5.833333333333333,5.833333333333333,,,3.0,3.0,,,5.0,5.0,,,9.5,9.5,,,10.0,10.0,,,Fase 6 (2° EM)
RA-1629,2007,18,Feminino,18+ anos,2024,Ingressante 2024,Pública,,,6.0,,,Ametista,,,7.560550529133334,7.560550529133334,,,,,,,9.585,9.585,,,8.645502645666667,8.645502645666667,,,7.51,7.51,,,7.25,7.25,,,8.75,8.75,,,3.0,3.0,,,10.0,10.0,,,5.0,5.0,,,Fase 7 (3° EM)
RA-1630,2008,17,Masculino,16-17 anos,2024,Ingressante 2024,Privada - Programa de Apadrinhamento,,,6.0,,,Topázio,,,8.583133333333334,8.583133333333334,,,,,,,8.334,8.334,,,9.833333333333334,9.833333333333334,,,7.51,7.51,,,7.333333333333333,7.333333333333333,,,9.0,9.0,,,9.0,9.0,,,4.0,4.0,,,10.0,10.0,,,Fase 6 (2° EM)
RA-1631,2007,18,Masculino,18+ anos,2024,Ingressante 2024,Privada,,,6.0,,,Topázio,,,8.186433333333333,8.186433333333333,,,,,,,9.585,9.585,,,10.0,10.0,,,7.51,7.51,,,7.166666666666667,7.166666666666667,,,5.0,5.0,,,6.5,6.5,,,10.0,10.0,,,5.0,5.0,,,Fase 7 (3° EM)
RA-1632,2008,17,Masculino,16-17 anos,2024,Ingressante 2024,Pública,,,6.0,,,Topázio,,,8.389333333333335,8.389333333333335,,,,,,,9.168,9.168,,,10.0,10.0,,,7.51,7.51,,,6.666666666666667,6.666666666666667,,,9.0,9.0,,,6.0,6.0,,,5.0,5.0,,,10.0,10.0,,,Fase 6 (2° EM)
RA-1633,2003,22,Masculino,18+ anos,2021,Ingressante 2024,Privada,,,8.0,,,,,,,,,,,,,,,,,,0.0,0.0,,,,,,,,,,,,,,,,,,,,,,,10.0,10.0,,,Fase 8 (Universitários)
RA-1634,2003,22,Feminino,18+ anos,2021,Ingressante 2024,Privada,,,8.0,,,,,,,,,,,,,,,,,,0.0,0.0,,,,,,,,,,,,,,,,,,,,,,,10.0,10.0,,,Fase 8 (Universitários)
RA-1635,2004,21,Feminino,18+ anos,2021,Ingressante 2024,Privada,,,8.0,,,,,,,,,,,,,,,,,,0.0,0.0,,,,,,,,,,,,,,,,,,,,,,,10.0,10.0,,,Fase 8 (Universitários)
RA-1636,2004,21,Feminino,18+ anos,2021,Ingressante 2024,Privada,,,8.0,,,,,,,,,,,,,,,,,,0.0,0.0,,,,,,,,,,,,,,,,,,,,,,,10.0,10.0,,,Fase 8 (Universitários)
RA-1637,2001,24,Masculino,18+ anos,2021,Ingressante 2024,Privada,,,9.0,,,INCLUIR,,,,,,,,,,,,,,,0.0,0.0,,,,,,,,,,,,,,,,,,,,,,,10.0,10.0,,,Fase 8 (Universitários)
RA-1638,2002,23,Feminino,18+ anos,2021,Ingressante 2024,Bolsista Universitário *Formado (a),,,9.0,,,INCLUIR,,,,,,,,,,,,,,,0.0,0.0,,,,,,,,,,,,,,,,,,,,,,,10.0,10.0,,,Fase 8 (Universitários)
RA-1639,2003,22,Masculino,18+ anos,2021,Ingressante 2024,Bolsista Universitário *Formado (a),,,9.0,,,INCLUIR,,,,,,,,,,,,,,,0.0,0.0,,,,,,,,,,,,,,,,,,,,,,,10.0,10.0,,,Fase 8 (Universitários)
RA-1640,2001,24,Feminino,18+ anos,2021,Ingressante 2024,Privada,,,9.0,,,INCLUIR,,,,,,,,,,,,,,,0.0,0.0,,,,,,,,,,,,,,,,,,,,,,,10.0,10.0,,,Fase 8 (Universitários)
RA-1641,2002,23,Masculino,18+ anos,2021,Ingressante 2024,Privada,,,9.0,,,INCLUIR,,,,,,,,,,,,,,,0.0,0.0,,,,,,,,,,,,,,,,,,,,,,,10.0,10.0,,,Fase 8 (Universitários)
RA-1642,2001,24,Masculino,18+ anos,2021,Ingressante 2024,Bolsista Universitário *Formado (a),,,9.0,,,INCLUIR,,,,,,,,,,,,,,,0.0,0.0,,,,,,,,,,,,,,,,,,,,,,,10.0,10.0,,,Fase 8 (Universitários)
RA-1643,2002,23,Masculino,18+ anos,2021,Ingressante 2024,Privada,,,9.0,,,INCLUIR,,,,,,,,,,,,,,,0.0,0.0,,,,,,,,,,,,,,,,,,,,,,,10.0,10.0,,,Fase 8 (Universitários)
RA-1644,2003,22,Masculino,18+ anos,2021,Ingressante 2024,Bolsista Universitário *Formado (a),,,9.0,,,INCLUIR,,,,,,,,,,,,,,,0.0,0.0,,,,,,,,,,,,,,,,,,,,,,,10.0,10.0,,,Fase 8 (Universitários)
RA-1645,2001,24,Masculino,18+ anos,2021,Ingressante 2024,Privada,,,9.0,,,INCLUIR,,,,,,,,,,,,,,,0.0,0.0,,,,,,,,,,,,,,,,,,,,,,,10.0,10.0,,,Fase 8 (Universitários)
RA-1646,2003,22,Masculino,18+ anos,2021,Ingressante 2024,Bolsista Universitário *Formado (a),,,9.0,,,INCLUIR,,,,,,,,,,,,,,,0.0,0.0,,,,,,,,,,,,,,,,,,,,,,,10.0,10.0,,,Fase 8 (Universitários)
RA-1647,2002,23,Feminino,18+ anos,2021,Ingressante 2024,Privada,,,9.0,,,INCLUIR,,,,,,,,,,,,,,,0.0,0.0,,,,,,,,,,,,,,,,,,,,,,,10.0,10.0,,,Fase 8 (Universitários)
RA-1648,2002,23,Masculino,18+ anos,2021,Ingressante 2024,Bolsista Universitário *Formado (a),,,9.0,,,INCLUIR,,,,,,,,,,,,,,,0.0,0.0,,,,,,,,,,,,,,,,,,,,,,,10.0,10.0,,,Fase 8 (Universitários)
RA-1649,2001,24,Masculino,18+ anos,2021,Ingressante 2024,Privada,,,9.0,,,INCLUIR,,,,,,,,,,,,,,,0.0,0.0,,,,,,,,,,,,,,,,,,,,,,,10.0,10.0,,,Fase 8 (Universitários)
RA-1650,2002,23,Masculino,18+ anos,2021,Ingressante 2024,Privada,,,9.0,,,INCLUIR,,,,,,,,,,,,,,,0.0,0.0,,,,,,,,,,,,,,,,,,,,,,,10.0,10.0,,,Fase 8 (Universitários)
RA-1651,2002,23,Masculino,18+ anos,2021,Ingressante 2024,Bolsista Universitário *Formado (a),,,9.0,,,INCLUIR,,,,,,,,,,,,,,,0.0,0.0,,,,,,,,,,,,,,,,,,,,,,,10.0,10.0,,,Fase 8 (Universitários)
RA-1652,2002,23,Feminino,18+ anos,2021,Ingressante 2024,Privada,,,9.0,,,INCLUIR,,,,,,,,,,,,,,,0.0,0.0,,,,,,,,,,,,,,,,,,,,,,,10.0,10.0,,,Fase 8 (Universitários)
RA-1653,2003,22,Masculino,18+ anos,2021,Ingressante 2024,Bolsista Universitário *Formado (a),,,9.0,,,INCLUIR,,,,,,,,,,,,,,,0.0,0.0,,,,,,,,,,,,,,,,,,,,,,,10.0,10.0,,,Fase 8 (Universitários)
RA-1654,2002,23,Masculino,18+ anos,2021,Ingressante 2024,Bolsista Universitário *Formado (a),,,9.0,,,INCLUIR,,,,,,,,,,,,,,,0.0,0.0,,,,,,,,,,,,,,,,,,,,,,,10.0,10.0,,,Fase 8 (Universitários)
RA-1655,2003,22,Feminino,18+ anos,2022,Ingressante 2024,Privada,,,9.0,,,INCLUIR,,,,,,,,,,,,,,,0.0,0.0,,,,,,,,,,,,,,,,,,,,,,,10.0,10.0,,,Fase 8 (Universitários)
RA-1656,2002,23,Masculino,18+ anos,2021,Ingressante 2024,Privada,,,9.0,,,INCLUIR,,,,,,,,,,,,,,,0.0,0.0,,,,,,,,,,,,,,,,,,,,,,,10.0,10.0,,,Fase 8 (Universitários)
RA-1657,2003,22,Masculino,18+ anos,2021,Ingressante 2024,Bolsista Universitário *Formado (a),,,9.0,,,INCLUIR,,,,,,,,,,,,,,,0.0,0.0,,,,,,,,,,,,,,,,,,,,,,,10.0,10.0,,,Fase 8 (Universitários)
RA-1658,2002,23,Masculino,18+ anos,2021,Ingressante 2024,Privada,,,9.0,,,INCLUIR,,,,,,,,,,,,,,,0.0,0.0,,,,,,,,,,,,,,,,,,,,,,,10.0,10.0,,,Fase 8 (Universitários)
RA-1659,2003,22,Masculino,18+ anos,2021,Ingressante 2024,Bolsista Universitário *Formado (a),,,9.0,,,INCLUIR,,,,,,,,,,,,,,,0.0,0.0,,,,,,,,,,,,,,,,,,,,,,,10.0,10.0,,,Fase 8 (Universitários)
RA-1660,2000,25,Feminino,18+ anos,2021,Ingressante 2024,Bolsista Universitário *Formado (a),,,9.0,,,INCLUIR,,,,,,,,,,,,,,,0.0,0.0,,,,,,,,,,,,,,,,,,,,,,,10.0,10.0,,,Fase 8 (Universitários)
RA-1661,2003,22,Feminino,18+ anos,2021,Ingressante 2024,Bolsista Universitário *Formado (a),,,9.0,,,INCLUIR,,,,,,,,,,,,,,,0.0,0.0,,,,,,,,,,,,,,,,,,,,,,,10.0,10.0,,,Fase 8 (Universitários)
